model,fold,bin,mean_predicted,observed_rate,n
xgboost,validation_2023_2024,5,0.5613116025924683,1.0,1
xgboost,validation_2023_2024,6,0.6627758045991262,1.0,6
xgboost,validation_2023_2024,7,0.7480972707271576,0.75,4
xgboost,validation_2023_2024,8,0.8696982860565186,1.0,6
xgboost,validation_2023_2024,9,0.9444674421538717,0.9393939393939394,33
xgboost,validation_2023_2024,5,0.5788771510124207,1.0,3
xgboost,validation_2023_2024,6,0.6524838209152222,0.5,4
xgboost,validation_2023_2024,7,0.7300116419792175,0.5,2
xgboost,validation_2023_2024,8,0.8732037246227264,0.9285714285714286,14
xgboost,validation_2023_2024,9,0.948358576177313,0.9259259259259259,27
xgboost,validation_2023_2024,5,0.5730366706848145,0.6666666666666666,3
xgboost,validation_2023_2024,6,0.6602844695250193,1.0,6
xgboost,validation_2023_2024,8,0.8735704801299355,0.8181818181818182,11
xgboost,validation_2023_2024,9,0.951609063755352,0.9666666666666667,30
xgboost,validation_2023_2024,6,0.6495561259133475,0.7142857142857143,7
xgboost,validation_2023_2024,7,0.757113128900528,1.0,2
xgboost,validation_2023_2024,8,0.8711569772826301,1.0,9
xgboost,validation_2023_2024,9,0.9439471555975067,1.0,32
xgboost,validation_2023_2024,5,0.5853725870450338,0.0,3
xgboost,validation_2023_2024,6,0.6261693835258484,0.3333333333333333,3
xgboost,validation_2023_2024,7,0.7167614499727885,0.6666666666666666,3
xgboost,validation_2023_2024,8,0.8653105071612767,1.0,7
xgboost,validation_2023_2024,9,0.9453644529956918,0.9117647058823529,34
xgboost,validation_2023_2024,6,0.6507025758425394,0.5,6
xgboost,validation_2023_2024,7,0.7395712435245514,0.75,4
xgboost,validation_2023_2024,8,0.8638688176870346,0.625,8
xgboost,validation_2023_2024,9,0.9401536328819382,1.0,32
xgboost,validation_2023_2024,5,0.5985855460166931,0.0,1
xgboost,validation_2023_2024,6,0.6537273327509562,0.6666666666666666,6
xgboost,validation_2023_2024,7,0.7210344870885214,1.0,3
xgboost,validation_2023_2024,8,0.8463705256581306,0.75,8
xgboost,validation_2023_2024,9,0.9507794255492079,0.9375,32
xgboost,validation_2023_2024,5,0.5780089497566223,0.0,1
xgboost,validation_2023_2024,6,0.6490124634334019,0.42857142857142855,7
xgboost,validation_2023_2024,7,0.7386218309402466,1.0,1
xgboost,validation_2023_2024,8,0.8741909911235174,0.9166666666666666,12
xgboost,validation_2023_2024,9,0.9499693683620966,0.896551724137931,29
xgboost,validation_2023_2024,6,0.6592802703380585,0.625,8
xgboost,validation_2023_2024,7,0.7710075080394745,1.0,2
xgboost,validation_2023_2024,8,0.8756741748915778,0.8888888888888888,9
xgboost,validation_2023_2024,9,0.9483118159260276,0.9354838709677419,31
xgboost,validation_2023_2024,5,0.5978087782859802,1.0,1
xgboost,validation_2023_2024,6,0.657978868484497,0.6,5
xgboost,validation_2023_2024,7,0.7223820885022482,1.0,3
xgboost,validation_2023_2024,8,0.8705034156640371,0.9166666666666666,12
xgboost,validation_2023_2024,9,0.952462022274608,0.9655172413793104,29
xgboost,validation_2023_2024,6,0.650842010974884,0.5,8
xgboost,validation_2023_2024,7,0.7087312340736389,0.0,1
xgboost,validation_2023_2024,8,0.8519508043924967,0.6666666666666666,9
xgboost,validation_2023_2024,9,0.949228983941375,0.90625,32
xgboost,validation_2023_2024,6,0.6401910185813904,0.6666666666666666,6
xgboost,validation_2023_2024,7,0.7492597897847494,0.3333333333333333,3
xgboost,validation_2023_2024,8,0.8716769388743809,0.8571428571428571,7
xgboost,validation_2023_2024,9,0.9469014446620369,0.9411764705882353,34
xgboost,validation_2023_2024,5,0.5717841982841492,0.5,2
xgboost,validation_2023_2024,6,0.6489349722862243,0.8,5
xgboost,validation_2023_2024,7,0.7444450855255127,1.0,2
xgboost,validation_2023_2024,8,0.8592759437031217,0.7777777777777778,9
xgboost,validation_2023_2024,9,0.9421489989486325,0.78125,32
xgboost,validation_2023_2024,5,0.5734863678614298,0.6666666666666666,3
xgboost,validation_2023_2024,6,0.6610434055328369,0.6,5
xgboost,validation_2023_2024,7,0.738758772611618,0.5,2
xgboost,validation_2023_2024,8,0.8794116278489431,1.0,12
xgboost,validation_2023_2024,9,0.9474440649267591,0.9642857142857143,28
xgboost,validation_2023_2024,6,0.6622019410133362,0.6666666666666666,6
xgboost,validation_2023_2024,7,0.7143318951129913,0.75,4
xgboost,validation_2023_2024,8,0.87844089950834,1.0,7
xgboost,validation_2023_2024,9,0.9474000033202304,0.9393939393939394,33
xgboost,validation_2023_2024,5,0.5689965486526489,0.0,1
xgboost,validation_2023_2024,6,0.6623971164226532,0.5,4
xgboost,validation_2023_2024,7,0.733698058128357,1.0,5
xgboost,validation_2023_2024,8,0.8789517045021057,0.8,5
xgboost,validation_2023_2024,9,0.9455664111979337,0.9714285714285714,35
xgboost,validation_2023_2024,5,0.5688373446464539,0.0,2
xgboost,validation_2023_2024,6,0.654250810543696,0.8333333333333334,6
xgboost,validation_2023_2024,7,0.7309179306030273,1.0,1
xgboost,validation_2023_2024,8,0.8635138750076294,0.9,10
xgboost,validation_2023_2024,9,0.9515507880823061,0.8709677419354839,31
xgboost,validation_2023_2024,5,0.5647088090578715,0.6666666666666666,3
xgboost,validation_2023_2024,6,0.6540397852659225,0.75,4
xgboost,validation_2023_2024,7,0.7164736688137054,0.5,2
xgboost,validation_2023_2024,8,0.8689427484165538,0.8181818181818182,11
xgboost,validation_2023_2024,9,0.9475118881572074,0.9666666666666667,30
xgboost,validation_2023_2024,6,0.6678856015205383,0.7142857142857143,7
xgboost,validation_2023_2024,7,0.7243444323539734,0.0,1
xgboost,validation_2023_2024,8,0.8613333463668823,0.9,10
xgboost,validation_2023_2024,9,0.9512007912722218,0.9375,32
xgboost,validation_2023_2024,4,0.47044065594673157,1.0,1
xgboost,validation_2023_2024,6,0.6716785788536072,0.6,5
xgboost,validation_2023_2024,7,0.7391506433486938,0.6666666666666666,3
xgboost,validation_2023_2024,8,0.8458845359938485,0.8571428571428571,7
xgboost,validation_2023_2024,9,0.9442960169480817,0.8823529411764706,34
xgboost,validation_2023_2024,4,0.4805700480937958,0.0,1
xgboost,validation_2023_2024,5,0.5903375446796417,0.5,2
xgboost,validation_2023_2024,6,0.6607051491737366,0.8,5
xgboost,validation_2023_2024,7,0.7728404998779297,1.0,1
xgboost,validation_2023_2024,8,0.8731320649385452,0.8333333333333334,12
xgboost,validation_2023_2024,9,0.9537564172938761,0.896551724137931,29
xgboost,validation_2023_2024,6,0.6559544205665588,0.75,8
xgboost,validation_2023_2024,7,0.7229098081588745,1.0,1
xgboost,validation_2023_2024,8,0.8699701265855269,1.0,11
xgboost,validation_2023_2024,9,0.9488882865616468,0.8666666666666667,30
xgboost,validation_2023_2024,6,0.6619556248188019,0.875,8
xgboost,validation_2023_2024,7,0.7208839654922485,0.0,1
xgboost,validation_2023_2024,8,0.879489792244775,0.9285714285714286,14
xgboost,validation_2023_2024,9,0.9478314547747139,0.9259259259259259,27
xgboost,validation_2023_2024,5,0.5962336659431458,0.0,1
xgboost,validation_2023_2024,6,0.6522469997406006,0.6,5
xgboost,validation_2023_2024,7,0.7559011727571487,1.0,4
xgboost,validation_2023_2024,8,0.8711706161499023,1.0,10
xgboost,validation_2023_2024,9,0.9525107369928347,0.9333333333333333,30
xgboost,validation_2023_2024,5,0.5670188466707865,0.6666666666666666,3
xgboost,validation_2023_2024,6,0.6646804213523865,0.6,5
xgboost,validation_2023_2024,8,0.8728270967801411,0.8666666666666667,15
xgboost,validation_2023_2024,9,0.9473064526483733,1.0,27
xgboost,validation_2023_2024,4,0.49439701437950134,0.0,1
xgboost,validation_2023_2024,5,0.5723104278246561,0.0,3
xgboost,validation_2023_2024,6,0.6612378507852554,1.0,4
xgboost,validation_2023_2024,7,0.7319674491882324,0.0,1
xgboost,validation_2023_2024,8,0.8797664812632969,1.0,7
xgboost,validation_2023_2024,9,0.9402755609425365,0.9705882352941176,34
xgboost,validation_2023_2024,5,0.5683191418647766,0.0,3
xgboost,validation_2023_2024,6,0.6294507831335068,1.0,4
xgboost,validation_2023_2024,7,0.7280879318714142,0.5,2
xgboost,validation_2023_2024,8,0.8803146102211692,0.9090909090909091,11
xgboost,validation_2023_2024,9,0.9470282362012851,0.9333333333333333,30
xgboost,validation_2023_2024,5,0.5643055737018585,1.0,2
xgboost,validation_2023_2024,6,0.6499644773347037,0.8571428571428571,7
xgboost,validation_2023_2024,7,0.7087160348892212,1.0,1
xgboost,validation_2023_2024,8,0.8760902062058449,1.0,8
xgboost,validation_2023_2024,9,0.9409971876171219,0.9375,32
xgboost,validation_2023_2024,5,0.5596188306808472,0.0,1
xgboost,validation_2023_2024,6,0.6686667650938034,0.875,8
xgboost,validation_2023_2024,8,0.8839320739110311,0.6666666666666666,6
xgboost,validation_2023_2024,9,0.9453954293139311,0.9428571428571428,35
xgboost,validation_2023_2024,6,0.6551448345184326,0.6,5
xgboost,validation_2023_2024,7,0.7434933384259542,0.8333333333333334,6
xgboost,validation_2023_2024,8,0.8718210309743881,0.75,8
xgboost,validation_2023_2024,9,0.9461016795432171,0.9354838709677419,31
xgboost,validation_2023_2024,5,0.5830061137676239,0.5,2
xgboost,validation_2023_2024,6,0.6299589276313782,0.6,5
xgboost,validation_2023_2024,7,0.7165901362895966,0.5,2
xgboost,validation_2023_2024,8,0.8742553719452449,1.0,14
xgboost,validation_2023_2024,9,0.9561561419024277,0.9259259259259259,27
xgboost,validation_2023_2024,4,0.4366897642612457,0.0,1
xgboost,validation_2023_2024,6,0.6735200796808515,0.7142857142857143,7
xgboost,validation_2023_2024,7,0.7671656012535095,1.0,1
xgboost,validation_2023_2024,8,0.8632896244525909,0.75,12
xgboost,validation_2023_2024,9,0.9415195734448255,0.9310344827586207,29
xgboost,validation_2023_2024,5,0.5523296594619751,1.0,1
xgboost,validation_2023_2024,6,0.6729505856831869,0.3333333333333333,3
xgboost,validation_2023_2024,7,0.7284541130065918,1.0,5
xgboost,validation_2023_2024,8,0.8756485051578946,1.0,9
xgboost,validation_2023_2024,9,0.9479385154423106,1.0,32
xgboost,validation_2023_2024,5,0.5719980895519257,1.0,2
xgboost,validation_2023_2024,6,0.6394010186195374,0.6,5
xgboost,validation_2023_2024,7,0.7528228759765625,1.0,2
xgboost,validation_2023_2024,8,0.8676944315433502,0.9,10
xgboost,validation_2023_2024,9,0.9449412174867802,0.8709677419354839,31
xgboost,validation_2023_2024,5,0.5621026456356049,1.0,2
xgboost,validation_2023_2024,6,0.6530150671799978,0.6666666666666666,6
xgboost,validation_2023_2024,7,0.713782548904419,1.0,1
xgboost,validation_2023_2024,8,0.8844882845878601,0.8,10
xgboost,validation_2023_2024,9,0.9498796968795394,0.9354838709677419,31
xgboost,validation_2023_2024,5,0.5491969585418701,1.0,3
xgboost,validation_2023_2024,6,0.6555910259485245,0.5,4
xgboost,validation_2023_2024,7,0.7355741461118063,0.6666666666666666,3
xgboost,validation_2023_2024,8,0.8765459524260627,0.8888888888888888,9
xgboost,validation_2023_2024,9,0.949089323907974,0.9354838709677419,31
xgboost,validation_2023_2024,5,0.5162333846092224,0.0,1
xgboost,validation_2023_2024,6,0.6684131820996603,0.3333333333333333,6
xgboost,validation_2023_2024,7,0.7089138329029083,1.0,2
xgboost,validation_2023_2024,8,0.8613588213920593,0.9166666666666666,12
xgboost,validation_2023_2024,9,0.945514496658258,0.9310344827586207,29
xgboost,validation_2023_2024,5,0.5476604104042053,0.5,2
xgboost,validation_2023_2024,6,0.6432908773422241,0.5,6
xgboost,validation_2023_2024,7,0.7387582063674927,1.0,1
xgboost,validation_2023_2024,8,0.8651277472575506,0.8333333333333334,12
xgboost,validation_2023_2024,9,0.9478792883310634,0.9310344827586207,29
xgboost,validation_2023_2024,5,0.5458898544311523,1.0,2
xgboost,validation_2023_2024,6,0.6521673003832499,1.0,3
xgboost,validation_2023_2024,7,0.7448659737904867,0.3333333333333333,3
xgboost,validation_2023_2024,8,0.8515106505817838,1.0,9
xgboost,validation_2023_2024,9,0.9494500725656555,0.9090909090909091,33
xgboost,validation_2023_2024,6,0.6411502808332443,0.75,4
xgboost,validation_2023_2024,7,0.7233091294765472,0.6666666666666666,6
xgboost,validation_2023_2024,8,0.8803984143517234,1.0,11
xgboost,validation_2023_2024,9,0.9490239585379883,1.0,29
xgboost,validation_2023_2024,5,0.5720676898956298,0.6,5
xgboost,validation_2023_2024,6,0.6445041298866272,0.75,4
xgboost,validation_2023_2024,7,0.7629520893096924,1.0,1
xgboost,validation_2023_2024,8,0.8742206004949716,0.8461538461538461,13
xgboost,validation_2023_2024,9,0.9467508336028332,0.9259259259259259,27
xgboost,validation_2023_2024,5,0.5790678660074869,0.6666666666666666,3
xgboost,validation_2023_2024,6,0.6395293921232224,0.5,4
xgboost,validation_2023_2024,7,0.737282007932663,1.0,2
xgboost,validation_2023_2024,8,0.8757061839103699,0.8,10
xgboost,validation_2023_2024,9,0.9431271155138926,0.8709677419354839,31
xgboost,validation_2023_2024,5,0.5779813130696615,0.6666666666666666,3
xgboost,validation_2023_2024,6,0.642325242360433,0.6666666666666666,3
xgboost,validation_2023_2024,7,0.7347095608711243,0.6666666666666666,3
xgboost,validation_2023_2024,8,0.8586564908425013,0.8333333333333334,12
xgboost,validation_2023_2024,9,0.9423996935742464,0.9655172413793104,29
xgboost,validation_2023_2024,5,0.5661066373189291,0.6666666666666666,3
xgboost,validation_2023_2024,6,0.6599859396616617,1.0,3
xgboost,validation_2023_2024,7,0.7389897406101227,0.5,4
xgboost,validation_2023_2024,8,0.8757151181881244,0.9230769230769231,13
xgboost,validation_2023_2024,9,0.9458673603124957,0.9259259259259259,27
xgboost,validation_2023_2024,5,0.5648009330034256,0.75,4
xgboost,validation_2023_2024,6,0.6644173065821329,0.6666666666666666,3
xgboost,validation_2023_2024,7,0.74344402551651,0.5,2
xgboost,validation_2023_2024,8,0.8632868826389313,0.9166666666666666,12
xgboost,validation_2023_2024,9,0.9481238914058935,0.896551724137931,29
xgboost,validation_2023_2024,5,0.5654003620147705,0.5,2
xgboost,validation_2023_2024,6,0.6528995533784231,0.8333333333333334,6
xgboost,validation_2023_2024,7,0.7407121658325195,1.0,2
xgboost,validation_2023_2024,8,0.8781024446854224,0.9230769230769231,13
xgboost,validation_2023_2024,9,0.9496835675624551,0.9259259259259259,27
xgboost,validation_2023_2024,6,0.6336123943328857,0.8,5
xgboost,validation_2023_2024,7,0.7245366692543029,0.6,5
xgboost,validation_2023_2024,8,0.8807626128196716,0.6,5
xgboost,validation_2023_2024,9,0.9414939851512898,0.9428571428571428,35
xgboost,validation_2023_2024,5,0.5700629353523254,0.75,4
xgboost,validation_2023_2024,6,0.6621671120325724,1.0,3
xgboost,validation_2023_2024,7,0.7522836327552795,0.0,2
xgboost,validation_2023_2024,8,0.8748119354248047,0.9,10
xgboost,validation_2023_2024,9,0.9435974769158505,0.8709677419354839,31
xgboost,validation_2023_2024,5,0.5638673901557922,1.0,2
xgboost,validation_2023_2024,6,0.6409252200807843,0.42857142857142855,7
xgboost,validation_2023_2024,8,0.8541672910962786,0.8571428571428571,7
xgboost,validation_2023_2024,9,0.9418971263405844,0.9705882352941176,34
xgboost,validation_2023_2024,5,0.5768769681453705,0.5,2
xgboost,validation_2023_2024,6,0.6663911441961924,0.6666666666666666,6
xgboost,validation_2023_2024,7,0.7510679960250854,0.0,1
xgboost,validation_2023_2024,8,0.8676801919937134,0.9166666666666666,12
xgboost,validation_2023_2024,9,0.9477347491228156,0.9310344827586207,29
xgboost,validation_2023_2024,5,0.5999396443367004,0.0,1
xgboost,validation_2023_2024,6,0.6558957099914551,0.5714285714285714,7
xgboost,validation_2023_2024,7,0.7492303252220154,1.0,1
xgboost,validation_2023_2024,8,0.8746668815612793,1.0,5
xgboost,validation_2023_2024,9,0.9423814338204585,0.9166666666666666,36
xgboost,validation_2023_2024,4,0.46913886070251465,1.0,1
xgboost,validation_2023_2024,6,0.6461163282394409,0.4,5
xgboost,validation_2023_2024,7,0.742300420999527,0.5,4
xgboost,validation_2023_2024,8,0.8751450300216674,0.9,10
xgboost,validation_2023_2024,9,0.9480836596199659,0.8,30
xgboost,validation_2023_2024,5,0.5876443386077881,0.5,2
xgboost,validation_2023_2024,6,0.6490753094355265,0.6666666666666666,3
xgboost,validation_2023_2024,7,0.7612952490647634,0.5,6
xgboost,validation_2023_2024,8,0.8774780392646789,0.8,10
xgboost,validation_2023_2024,9,0.9474737444940093,0.8620689655172413,29
xgboost,validation_2023_2024,5,0.5846726497014364,0.6666666666666666,3
xgboost,validation_2023_2024,6,0.6566694378852844,0.5,4
xgboost,validation_2023_2024,7,0.7168832421302795,0.5,2
xgboost,validation_2023_2024,8,0.8705713003873825,0.875,8
xgboost,validation_2023_2024,9,0.9459901403395323,0.9696969696969697,33
xgboost,validation_2023_2024,5,0.562555342912674,0.5,2
xgboost,validation_2023_2024,6,0.6428256779909134,0.5,4
xgboost,validation_2023_2024,7,0.7264710515737534,1.0,4
xgboost,validation_2023_2024,8,0.8812616646289826,0.9,10
xgboost,validation_2023_2024,9,0.9451407458492902,0.9666666666666667,30
xgboost,validation_2023_2024,6,0.6456851065158844,0.625,8
xgboost,validation_2023_2024,7,0.772226870059967,0.0,1
xgboost,validation_2023_2024,8,0.8588285371661186,0.875,8
xgboost,validation_2023_2024,9,0.9468856694218595,0.9393939393939394,33
xgboost,validation_2023_2024,4,0.45650041103363037,1.0,1
xgboost,validation_2023_2024,5,0.5552876591682434,1.0,1
xgboost,validation_2023_2024,6,0.658287763595581,0.4,5
xgboost,validation_2023_2024,7,0.707680881023407,1.0,1
xgboost,validation_2023_2024,8,0.8698547631502151,1.0,12
xgboost,validation_2023_2024,9,0.9451515064744936,1.0,30
xgboost,validation_2023_2024,6,0.6563357263803482,0.75,8
xgboost,validation_2023_2024,7,0.7882595658302307,1.0,1
xgboost,validation_2023_2024,8,0.8789961608973417,0.9090909090909091,11
xgboost,validation_2023_2024,9,0.9422306921192792,0.8,30
xgboost,validation_2023_2024,4,0.49765193462371826,0.0,1
xgboost,validation_2023_2024,5,0.5842987895011902,1.0,1
xgboost,validation_2023_2024,6,0.6565262973308563,0.6666666666666666,6
xgboost,validation_2023_2024,7,0.7418372929096222,1.0,2
xgboost,validation_2023_2024,8,0.8703808519575331,0.7777777777777778,9
xgboost,validation_2023_2024,9,0.9489285855628585,1.0,31
xgboost,validation_2023_2024,6,0.6570398136973381,0.625,8
xgboost,validation_2023_2024,7,0.7303887009620667,1.0,1
xgboost,validation_2023_2024,8,0.8727412278001959,0.7272727272727273,11
xgboost,validation_2023_2024,9,0.9538688745209363,0.9333333333333333,30
xgboost,validation_2023_2024,5,0.5680247942606608,0.3333333333333333,3
xgboost,validation_2023_2024,6,0.661288857460022,0.75,4
xgboost,validation_2023_2024,7,0.7587382793426514,0.3333333333333333,3
xgboost,validation_2023_2024,8,0.8739548861980438,0.8,10
xgboost,validation_2023_2024,9,0.958116096865017,1.0,30
xgboost,validation_2023_2024,5,0.552495539188385,1.0,1
xgboost,validation_2023_2024,6,0.6554325819015503,0.3333333333333333,6
xgboost,validation_2023_2024,7,0.7220290005207062,1.0,2
xgboost,validation_2023_2024,8,0.8580413569103588,0.8181818181818182,11
xgboost,validation_2023_2024,9,0.9488392458467471,1.0,30
xgboost,validation_2023_2024,5,0.5582447052001953,0.0,1
xgboost,validation_2023_2024,6,0.6531885042786598,0.625,8
xgboost,validation_2023_2024,8,0.8738470375537872,1.0,10
xgboost,validation_2023_2024,9,0.9493802214927045,0.9354838709677419,31
xgboost,validation_2023_2024,5,0.568460613489151,0.5,2
xgboost,validation_2023_2024,6,0.6391521592934927,0.6666666666666666,6
xgboost,validation_2023_2024,7,0.7839879989624023,0.0,1
xgboost,validation_2023_2024,8,0.8654269501566887,0.875,8
xgboost,validation_2023_2024,9,0.9426025500901528,0.9090909090909091,33
xgboost,validation_2023_2024,5,0.5964581668376923,1.0,2
xgboost,validation_2023_2024,6,0.6415623625119528,0.6666666666666666,6
xgboost,validation_2023_2024,7,0.7506110966205597,1.0,2
xgboost,validation_2023_2024,8,0.8763509889443716,0.9166666666666666,12
xgboost,validation_2023_2024,9,0.9465093853334005,0.8928571428571429,28
xgboost,validation_2023_2024,6,0.6444032589594523,0.6666666666666666,6
xgboost,validation_2023_2024,7,0.7212871164083481,0.75,4
xgboost,validation_2023_2024,8,0.874969607591629,0.9,10
xgboost,validation_2023_2024,9,0.9429843272873548,0.9,30
xgboost,validation_2023_2024,5,0.558551698923111,1.0,2
xgboost,validation_2023_2024,6,0.6369261622428894,0.4,5
xgboost,validation_2023_2024,7,0.7236621379852295,1.0,2
xgboost,validation_2023_2024,8,0.8677517573038737,0.8666666666666667,15
xgboost,validation_2023_2024,9,0.952189432440903,0.9230769230769231,26
xgboost,validation_2023_2024,5,0.5741326212882996,0.0,1
xgboost,validation_2023_2024,6,0.6477126181125641,0.8333333333333334,6
xgboost,validation_2023_2024,7,0.741130530834198,0.0,2
xgboost,validation_2023_2024,8,0.8643924089578482,0.8461538461538461,13
xgboost,validation_2023_2024,9,0.9467788217438956,1.0,28
xgboost,validation_2023_2024,5,0.5950449109077454,0.0,1
xgboost,validation_2023_2024,6,0.6399588499750409,0.5714285714285714,7
xgboost,validation_2023_2024,7,0.749428778886795,1.0,2
xgboost,validation_2023_2024,8,0.8702313808294443,0.9230769230769231,13
xgboost,validation_2023_2024,9,0.9565101934923935,0.9629629629629629,27
xgboost,validation_2023_2024,5,0.5826716423034668,1.0,1
xgboost,validation_2023_2024,6,0.6572866610118321,0.5714285714285714,7
xgboost,validation_2023_2024,7,0.7413343787193298,1.0,1
xgboost,validation_2023_2024,8,0.872923751672109,0.8888888888888888,9
xgboost,validation_2023_2024,9,0.9462435791370261,0.90625,32
xgboost,validation_2023_2024,5,0.5791339874267578,1.0,1
xgboost,validation_2023_2024,6,0.6755841076374054,0.75,4
xgboost,validation_2023_2024,7,0.7326251566410065,0.5,4
xgboost,validation_2023_2024,8,0.8691154718399048,0.8,15
xgboost,validation_2023_2024,9,0.9432411453023308,0.9230769230769231,26
xgboost,validation_2023_2024,6,0.6555503862244743,0.5714285714285714,7
xgboost,validation_2023_2024,7,0.7196319301923116,1.0,3
xgboost,validation_2023_2024,8,0.8651947293962751,0.8571428571428571,7
xgboost,validation_2023_2024,9,0.947558531807118,0.9090909090909091,33
xgboost,validation_2023_2024,6,0.6276300052801768,0.3333333333333333,6
xgboost,validation_2023_2024,7,0.7660074234008789,1.0,4
xgboost,validation_2023_2024,8,0.8701473275820414,1.0,6
xgboost,validation_2023_2024,9,0.945726396941857,0.9411764705882353,34
xgboost,validation_2023_2024,5,0.5673010945320129,1.0,2
xgboost,validation_2023_2024,6,0.6517585635185241,0.4,5
xgboost,validation_2023_2024,7,0.752619206905365,1.0,2
xgboost,validation_2023_2024,8,0.8806839406490325,0.9,10
xgboost,validation_2023_2024,9,0.944986070943339,0.8387096774193549,31
xgboost,validation_2023_2024,5,0.5893940329551697,1.0,1
xgboost,validation_2023_2024,6,0.6569383839766184,0.6666666666666666,6
xgboost,validation_2023_2024,7,0.7607315480709076,0.5,2
xgboost,validation_2023_2024,8,0.8636243164539337,1.0,10
xgboost,validation_2023_2024,9,0.9465877285031337,0.9354838709677419,31
xgboost,validation_2023_2024,5,0.5656128525733948,1.0,2
xgboost,validation_2023_2024,6,0.6420366615056992,0.5,4
xgboost,validation_2023_2024,7,0.7229997515678406,1.0,3
xgboost,validation_2023_2024,8,0.8779575079679489,0.9166666666666666,12
xgboost,validation_2023_2024,9,0.94596111426156,0.896551724137931,29
xgboost,validation_2023_2024,5,0.5828119814395905,0.5,2
xgboost,validation_2023_2024,6,0.6558652073144913,0.5,4
xgboost,validation_2023_2024,7,0.7321887910366058,1.0,2
xgboost,validation_2023_2024,8,0.8712653001149495,0.8666666666666667,15
xgboost,validation_2023_2024,9,0.9476373688058486,0.8888888888888888,27
xgboost,validation_2023_2024,5,0.5938931107521057,0.0,2
xgboost,validation_2023_2024,6,0.6693549354871114,0.8333333333333334,6
xgboost,validation_2023_2024,7,0.7185847461223602,1.0,2
xgboost,validation_2023_2024,8,0.8627512633800507,0.9,10
xgboost,validation_2023_2024,9,0.9474633739500032,1.0,30
xgboost,validation_2023_2024,5,0.5822353065013885,0.5,2
xgboost,validation_2023_2024,6,0.6535580555597941,0.6666666666666666,3
xgboost,validation_2023_2024,7,0.7108258605003357,0.75,4
xgboost,validation_2023_2024,8,0.8789030263821284,0.75,12
xgboost,validation_2023_2024,9,0.9491587924658006,0.8620689655172413,29
xgboost,validation_2023_2024,5,0.5036846399307251,1.0,1
xgboost,validation_2023_2024,6,0.6584278259958539,0.42857142857142855,7
xgboost,validation_2023_2024,7,0.7427880465984344,1.0,2
xgboost,validation_2023_2024,8,0.8754353225231171,0.9285714285714286,14
xgboost,validation_2023_2024,9,0.9466618925457719,0.8846153846153846,26
xgboost,validation_2023_2024,4,0.4802669584751129,0.0,1
xgboost,validation_2023_2024,5,0.5411364436149597,1.0,1
xgboost,validation_2023_2024,6,0.6629793763160705,0.6,5
xgboost,validation_2023_2024,7,0.7432101766268412,0.3333333333333333,3
xgboost,validation_2023_2024,8,0.8635983798238966,1.0,9
xgboost,validation_2023_2024,9,0.9483588555271383,0.967741935483871,31
xgboost,validation_2023_2024,4,0.4644823968410492,1.0,1
xgboost,validation_2023_2024,6,0.6455556899309158,0.5,4
xgboost,validation_2023_2024,7,0.7472719192504883,0.8,5
xgboost,validation_2023_2024,8,0.873624250292778,0.875,8
xgboost,validation_2023_2024,9,0.9478821313109982,0.9375,32
xgboost,validation_2023_2024,5,0.5978365540504456,1.0,1
xgboost,validation_2023_2024,6,0.6456246177355448,0.6666666666666666,6
xgboost,validation_2023_2024,7,0.7241202394167582,0.6666666666666666,3
xgboost,validation_2023_2024,8,0.8769023580984636,1.0,11
xgboost,validation_2023_2024,9,0.9501695002059265,0.9655172413793104,29
xgboost,validation_2023_2024,5,0.586118072271347,1.0,2
xgboost,validation_2023_2024,6,0.6504340271155039,0.6666666666666666,6
xgboost,validation_2023_2024,7,0.7451326251029968,1.0,1
xgboost,validation_2023_2024,8,0.8737498720486959,1.0,6
xgboost,validation_2023_2024,9,0.945416364168166,0.9714285714285714,35
xgboost,validation_2023_2024,5,0.5919770002365112,1.0,1
xgboost,validation_2023_2024,6,0.6555842980742455,0.625,8
xgboost,validation_2023_2024,8,0.8711160769065222,0.9166666666666666,12
xgboost,validation_2023_2024,9,0.9471950578390306,0.896551724137931,29
xgboost,validation_2023_2024,5,0.5860448479652405,0.5,2
xgboost,validation_2023_2024,6,0.64857919216156,0.4,5
xgboost,validation_2023_2024,7,0.7883165627717972,1.0,4
xgboost,validation_2023_2024,8,0.8623445696300931,1.0,9
xgboost,validation_2023_2024,9,0.9469455645589816,0.8666666666666667,30
xgboost,validation_2023_2024,5,0.531827300786972,0.5,2
xgboost,validation_2023_2024,6,0.6640512772968837,0.5714285714285714,7
xgboost,validation_2023_2024,8,0.8753056228160858,0.9,10
xgboost,validation_2023_2024,9,0.9463748360938398,0.967741935483871,31
xgboost,validation_2023_2024,6,0.6513029336929321,0.7142857142857143,7
xgboost,validation_2023_2024,7,0.7198788225650787,0.0,2
xgboost,validation_2023_2024,8,0.8494094772772356,0.9090909090909091,11
xgboost,validation_2023_2024,9,0.9512888636299757,0.9333333333333333,30
xgboost,validation_2023_2024,5,0.5606662034988403,1.0,1
xgboost,validation_2023_2024,6,0.6595798929532369,0.8333333333333334,6
xgboost,validation_2023_2024,7,0.7283992171287537,0.5,2
xgboost,validation_2023_2024,8,0.8607595920562744,0.9,10
xgboost,validation_2023_2024,9,0.9535731313794646,0.967741935483871,31
xgboost,validation_2023_2024,6,0.664329469203949,0.8,5
xgboost,validation_2023_2024,7,0.7246475964784622,0.5,4
xgboost,validation_2023_2024,8,0.8807695209980011,0.9,10
xgboost,validation_2023_2024,9,0.9503165758529774,0.9354838709677419,31
xgboost,validation_2023_2024,4,0.4744326174259186,0.0,1
xgboost,validation_2023_2024,6,0.6506845504045486,0.5,4
xgboost,validation_2023_2024,7,0.7444852143526077,0.5,4
xgboost,validation_2023_2024,8,0.8708463609218597,0.8571428571428571,14
xgboost,validation_2023_2024,9,0.9494970557986351,0.8888888888888888,27
xgboost,validation_2023_2024,5,0.5754195054372152,1.0,3
xgboost,validation_2023_2024,6,0.6511158108711242,0.4,5
xgboost,validation_2023_2024,7,0.7200899720191956,1.0,1
xgboost,validation_2023_2024,8,0.8812556158412587,0.8181818181818182,11
xgboost,validation_2023_2024,9,0.9459633257099774,0.9333333333333333,30
xgboost,validation_2023_2024,6,0.6261831422646841,0.6666666666666666,6
xgboost,validation_2023_2024,7,0.7602818489074707,0.8,5
xgboost,validation_2023_2024,8,0.8711324870586395,1.0,10
xgboost,validation_2023_2024,9,0.9421687707930585,0.9655172413793104,29
xgboost,validation_2023_2024,4,0.47941285371780396,0.0,1
xgboost,validation_2023_2024,6,0.6509822507699331,0.6666666666666666,6
xgboost,validation_2023_2024,7,0.7470934192339579,1.0,3
xgboost,validation_2023_2024,8,0.8759526014328003,1.0,8
xgboost,validation_2023_2024,9,0.9459663933244336,1.0,32
xgboost,validation_2023_2024,6,0.6532642926488604,0.7142857142857143,7
xgboost,validation_2023_2024,7,0.7111636400222778,0.5,2
xgboost,validation_2023_2024,8,0.8721571048100789,0.9333333333333333,15
xgboost,validation_2023_2024,9,0.9463594998429357,0.8846153846153846,26
xgboost,validation_2023_2024,5,0.5795388221740723,0.0,1
xgboost,validation_2023_2024,6,0.6577657461166382,0.6,5
xgboost,validation_2023_2024,7,0.7270658214886984,1.0,3
xgboost,validation_2023_2024,8,0.8796324729919434,1.0,11
xgboost,validation_2023_2024,9,0.9535720433899548,0.9666666666666667,30
xgboost,validation_2023_2024,5,0.5761961936950684,0.0,1
xgboost,validation_2023_2024,6,0.6533660069108009,0.75,8
xgboost,validation_2023_2024,8,0.8653522796101041,0.8888888888888888,9
xgboost,validation_2023_2024,9,0.9465014269676792,0.9375,32
xgboost,validation_2023_2024,5,0.5678985714912415,1.0,1
xgboost,validation_2023_2024,6,0.6549355898584638,0.7142857142857143,7
xgboost,validation_2023_2024,7,0.7159766554832458,1.0,1
xgboost,validation_2023_2024,8,0.8629002504878573,0.8888888888888888,9
xgboost,validation_2023_2024,9,0.9492442129281151,1.0,32
xgboost,validation_2023_2024,5,0.5952866673469543,1.0,1
xgboost,validation_2023_2024,6,0.6537034213542938,0.375,8
xgboost,validation_2023_2024,7,0.7974902987480164,1.0,1
xgboost,validation_2023_2024,8,0.8758959041701423,0.8888888888888888,9
xgboost,validation_2023_2024,9,0.9416326751736659,0.9032258064516129,31
xgboost,validation_2023_2024,5,0.5748540759086609,0.5,2
xgboost,validation_2023_2024,6,0.6456898599863052,0.25,4
xgboost,validation_2023_2024,7,0.7263607382774353,0.6666666666666666,3
xgboost,validation_2023_2024,8,0.8785810708999634,1.0,10
xgboost,validation_2023_2024,9,0.9465297908656816,0.9032258064516129,31
xgboost,validation_2023_2024,5,0.5582323670387268,1.0,2
xgboost,validation_2023_2024,6,0.6384661197662354,0.5,6
xgboost,validation_2023_2024,7,0.7172821164131165,1.0,1
xgboost,validation_2023_2024,8,0.8669992566108704,0.9,10
xgboost,validation_2023_2024,9,0.9431635185700066,0.9032258064516129,31
xgboost,validation_2023_2024,5,0.5580777327219645,0.6666666666666666,3
xgboost,validation_2023_2024,6,0.6585496664047241,0.75,4
xgboost,validation_2023_2024,7,0.7286055684089661,1.0,2
xgboost,validation_2023_2024,8,0.8758712336421013,1.0,8
xgboost,validation_2023_2024,9,0.941577420641869,0.9393939393939394,33
xgboost,validation_2023_2024,5,0.5902250111103058,1.0,2
xgboost,validation_2023_2024,6,0.6439675291379293,0.5,6
xgboost,validation_2023_2024,7,0.713437020778656,1.0,1
xgboost,validation_2023_2024,8,0.8819975703954697,0.8333333333333334,12
xgboost,validation_2023_2024,9,0.9448954017109693,0.9310344827586207,29
xgboost,validation_2023_2024,5,0.5954340100288391,1.0,1
xgboost,validation_2023_2024,6,0.6346682395253863,0.5714285714285714,7
xgboost,validation_2023_2024,7,0.7522445917129517,0.0,1
xgboost,validation_2023_2024,8,0.8618322977652917,1.0,13
xgboost,validation_2023_2024,9,0.948460238970687,0.8928571428571429,28
xgboost,validation_2023_2024,5,0.5732613801956177,1.0,1
xgboost,validation_2023_2024,6,0.6600347012281418,0.25,4
xgboost,validation_2023_2024,7,0.7248975336551666,0.75,4
xgboost,validation_2023_2024,8,0.8636025428771973,0.9,10
xgboost,validation_2023_2024,9,0.9405385646232469,0.9354838709677419,31
xgboost,validation_2023_2024,5,0.5667646527290344,0.0,1
xgboost,validation_2023_2024,6,0.6275969743728638,0.8333333333333334,6
xgboost,validation_2023_2024,7,0.7102834284305573,1.0,2
xgboost,validation_2023_2024,8,0.8702016572157542,1.0,12
xgboost,validation_2023_2024,9,0.9448197613614168,0.9310344827586207,29
xgboost,validation_2023_2024,5,0.57057124376297,1.0,1
xgboost,validation_2023_2024,6,0.6530642986297608,0.6,5
xgboost,validation_2023_2024,7,0.7343598753213882,1.0,4
xgboost,validation_2023_2024,8,0.8754473924636841,1.0,9
xgboost,validation_2023_2024,9,0.9472820591646612,1.0,31
xgboost,validation_2023_2024,5,0.591824471950531,0.0,1
xgboost,validation_2023_2024,6,0.6682696257318769,0.7142857142857143,7
xgboost,validation_2023_2024,7,0.7125895023345947,0.0,1
xgboost,validation_2023_2024,8,0.8729917407035828,0.7142857142857143,7
xgboost,validation_2023_2024,9,0.9449814721160765,0.8529411764705882,34
xgboost,validation_2023_2024,5,0.5111105442047119,0.0,1
xgboost,validation_2023_2024,6,0.6567806260926383,0.7142857142857143,7
xgboost,validation_2023_2024,7,0.7249263525009155,1.0,1
xgboost,validation_2023_2024,8,0.8623547012155707,0.8181818181818182,11
xgboost,validation_2023_2024,9,0.9451153502969729,0.9666666666666667,30
xgboost,validation_2023_2024,5,0.5707320272922516,1.0,2
xgboost,validation_2023_2024,6,0.6416003465652466,0.4,5
xgboost,validation_2023_2024,7,0.7439415156841278,0.5,2
xgboost,validation_2023_2024,8,0.8611338883638382,1.0,8
xgboost,validation_2023_2024,9,0.940070913245171,0.9393939393939394,33
xgboost,validation_2023_2024,5,0.5720770508050919,0.75,4
xgboost,validation_2023_2024,6,0.6321272253990173,1.0,2
xgboost,validation_2023_2024,7,0.7213002443313599,0.3333333333333333,3
xgboost,validation_2023_2024,8,0.8675942752096388,0.8888888888888888,9
xgboost,validation_2023_2024,9,0.9453672623363125,1.0,32
xgboost,validation_2023_2024,5,0.5926661789417267,0.5,2
xgboost,validation_2023_2024,6,0.6638498902320862,1.0,6
xgboost,validation_2023_2024,7,0.740241289138794,0.0,1
xgboost,validation_2023_2024,8,0.8618243469132317,0.8888888888888888,9
xgboost,validation_2023_2024,9,0.9451502939787495,0.96875,32
xgboost,validation_2023_2024,5,0.5758040249347687,0.5,2
xgboost,validation_2023_2024,6,0.6481229960918427,0.5,6
xgboost,validation_2023_2024,7,0.7041149735450745,1.0,1
xgboost,validation_2023_2024,8,0.8860788742701212,0.8888888888888888,9
xgboost,validation_2023_2024,9,0.9419742027398932,0.9375,32
xgboost,validation_2023_2024,6,0.6630809307098389,0.75,8
xgboost,validation_2023_2024,7,0.7414098381996155,1.0,1
xgboost,validation_2023_2024,8,0.876767180182717,1.0,11
xgboost,validation_2023_2024,9,0.9470770484317131,0.9666666666666667,30
xgboost,validation_2023_2024,4,0.4515540897846222,1.0,1
xgboost,validation_2023_2024,5,0.5778179963429769,1.0,3
xgboost,validation_2023_2024,6,0.6605477690696716,0.4,5
xgboost,validation_2023_2024,8,0.8851567336491176,1.0,7
xgboost,validation_2023_2024,9,0.9446099703898138,0.9705882352941176,34
xgboost,validation_2023_2024,5,0.5762510746717453,0.75,4
xgboost,validation_2023_2024,6,0.6432971159617106,1.0,3
xgboost,validation_2023_2024,7,0.7702421545982361,0.3333333333333333,3
xgboost,validation_2023_2024,8,0.8766005681111262,0.9230769230769231,13
xgboost,validation_2023_2024,9,0.944543503623184,0.8888888888888888,27
xgboost,validation_2023_2024,5,0.5604581236839294,1.0,1
xgboost,validation_2023_2024,6,0.6540296226739883,0.625,8
xgboost,validation_2023_2024,8,0.8719180684823257,1.0,13
xgboost,validation_2023_2024,9,0.9492255370647553,0.9285714285714286,28
xgboost,validation_2023_2024,5,0.5813145339488983,0.5,2
xgboost,validation_2023_2024,6,0.652649998664856,0.5,6
xgboost,validation_2023_2024,7,0.75395867228508,1.0,2
xgboost,validation_2023_2024,8,0.8862551748752594,0.625,8
xgboost,validation_2023_2024,9,0.9445945998755085,1.0,32
xgboost,validation_2023_2024,4,0.48279353976249695,0.0,1
xgboost,validation_2023_2024,5,0.5613783597946167,0.5,2
xgboost,validation_2023_2024,6,0.6610770106315613,0.4,5
xgboost,validation_2023_2024,7,0.7057343125343323,1.0,1
xgboost,validation_2023_2024,8,0.8763289973139763,0.875,8
xgboost,validation_2023_2024,9,0.9463696575624281,0.9696969696969697,33
xgboost,validation_2023_2024,5,0.5773288011550903,1.0,2
xgboost,validation_2023_2024,6,0.6402330517768859,0.8,5
xgboost,validation_2023_2024,7,0.7282222807407379,0.0,2
xgboost,validation_2023_2024,8,0.8643014281988144,1.0,12
xgboost,validation_2023_2024,9,0.9462357745200177,1.0,29
xgboost,validation_2023_2024,5,0.5970035195350647,0.0,2
xgboost,validation_2023_2024,6,0.6468211909135183,0.6666666666666666,6
xgboost,validation_2023_2024,7,0.7404342889785767,1.0,1
xgboost,validation_2023_2024,8,0.877785188811166,0.8571428571428571,7
xgboost,validation_2023_2024,9,0.9446973367744322,0.9411764705882353,34
xgboost,validation_2023_2024,5,0.5966780781745911,1.0,1
xgboost,validation_2023_2024,6,0.6411976019541422,0.5,6
xgboost,validation_2023_2024,7,0.7656553387641907,0.5,2
xgboost,validation_2023_2024,8,0.8600219232695443,0.7142857142857143,7
xgboost,validation_2023_2024,9,0.9397323925800873,0.9411764705882353,34
xgboost,validation_2023_2024,5,0.5554546117782593,1.0,1
xgboost,validation_2023_2024,6,0.6639393142291478,0.42857142857142855,7
xgboost,validation_2023_2024,7,0.7046447396278381,1.0,1
xgboost,validation_2023_2024,8,0.8687980473041534,0.875,8
xgboost,validation_2023_2024,9,0.9415955711593038,0.8787878787878788,33
xgboost,validation_2023_2024,5,0.5635398924350739,0.5,2
xgboost,validation_2023_2024,6,0.6541543205579122,0.5,6
xgboost,validation_2023_2024,7,0.7496662735939026,0.0,1
xgboost,validation_2023_2024,8,0.858160502380795,1.0,9
xgboost,validation_2023_2024,9,0.9427072374251473,0.96875,32
xgboost,validation_2023_2024,5,0.5650878548622131,1.0,1
xgboost,validation_2023_2024,6,0.6658440743173871,0.7142857142857143,7
xgboost,validation_2023_2024,7,0.7199543118476868,1.0,1
xgboost,validation_2023_2024,8,0.8703195585144891,0.8888888888888888,9
xgboost,validation_2023_2024,9,0.9433606421676266,0.96875,32
xgboost,validation_2023_2024,5,0.5775075256824493,0.5,2
xgboost,validation_2023_2024,6,0.6387840310732523,0.6666666666666666,6
xgboost,validation_2023_2024,7,0.737524688243866,1.0,1
xgboost,validation_2023_2024,8,0.8729030327363447,0.9090909090909091,11
xgboost,validation_2023_2024,9,0.9461606747020073,0.9666666666666667,30
xgboost,validation_2023_2024,5,0.5882902145385742,1.0,1
xgboost,validation_2023_2024,6,0.658587358891964,0.625,8
xgboost,validation_2023_2024,8,0.8856457273165385,1.0,6
xgboost,validation_2023_2024,9,0.9422345558327255,0.9142857142857143,35
xgboost,validation_2023_2024,5,0.5723221898078918,0.0,1
xgboost,validation_2023_2024,6,0.6652787753513881,0.5714285714285714,7
xgboost,validation_2023_2024,7,0.7044535875320435,1.0,1
xgboost,validation_2023_2024,8,0.8757472485303879,0.875,8
xgboost,validation_2023_2024,9,0.9509042832082679,0.9393939393939394,33
xgboost,validation_2023_2024,5,0.5924919247627258,1.0,1
xgboost,validation_2023_2024,6,0.6402028799057007,0.5,6
xgboost,validation_2023_2024,7,0.7117747366428375,0.5,2
xgboost,validation_2023_2024,8,0.8692658891280493,1.0,12
xgboost,validation_2023_2024,9,0.94445016529116,0.9655172413793104,29
xgboost,validation_2023_2024,5,0.5502535104751587,1.0,1
xgboost,validation_2023_2024,6,0.6327040592829386,0.8333333333333334,6
xgboost,validation_2023_2024,7,0.7598741054534912,0.0,1
xgboost,validation_2023_2024,8,0.8624222061850808,0.8181818181818182,11
xgboost,validation_2023_2024,9,0.9445636528258158,1.0,31
xgboost,validation_2023_2024,6,0.6633168160915375,0.75,8
xgboost,validation_2023_2024,7,0.7684343457221985,0.0,1
xgboost,validation_2023_2024,8,0.8783969716592268,1.0,11
xgboost,validation_2023_2024,9,0.9428240881471621,0.9,30
xgboost,validation_2023_2024,5,0.5809812545776367,1.0,2
xgboost,validation_2023_2024,6,0.6503526210784912,0.8,5
xgboost,validation_2023_2024,7,0.705223947763443,0.5,2
xgboost,validation_2023_2024,8,0.8685900502734714,0.7777777777777778,9
xgboost,validation_2023_2024,9,0.9415382823076832,0.9375,32
xgboost,validation_2023_2024,5,0.5623124241828918,1.0,2
xgboost,validation_2023_2024,6,0.6519816319147745,0.5,6
xgboost,validation_2023_2024,7,0.7142311334609985,1.0,1
xgboost,validation_2023_2024,8,0.8823490540186564,1.0,12
xgboost,validation_2023_2024,9,0.9415958160068235,0.8620689655172413,29
xgboost,validation_2023_2024,6,0.6364019036293029,0.8,5
xgboost,validation_2023_2024,7,0.7593719661235809,0.25,4
xgboost,validation_2023_2024,8,0.8697662190957502,1.0,11
xgboost,validation_2023_2024,9,0.9492336815703697,0.9333333333333333,30
xgboost,validation_2023_2024,6,0.6272721290588379,0.5,4
xgboost,validation_2023_2024,7,0.7320520182450613,0.6666666666666666,6
xgboost,validation_2023_2024,8,0.8764054526885351,0.9166666666666666,12
xgboost,validation_2023_2024,9,0.947125371663569,0.8928571428571429,28
xgboost,validation_2023_2024,6,0.6326356828212738,0.8333333333333334,6
xgboost,validation_2023_2024,7,0.7277021209398905,0.6666666666666666,3
xgboost,validation_2023_2024,8,0.8696316140038627,0.7142857142857143,7
xgboost,validation_2023_2024,9,0.9435846653150098,0.9117647058823529,34
xgboost,validation_2023_2024,5,0.5850232640902201,0.6666666666666666,3
xgboost,validation_2023_2024,6,0.6421149730682373,0.8,5
xgboost,validation_2023_2024,7,0.7505596876144409,0.0,1
xgboost,validation_2023_2024,8,0.8630716800689697,0.875,8
xgboost,validation_2023_2024,9,0.9487231270931694,0.8787878787878788,33
xgboost,validation_2023_2024,5,0.5673351287841797,1.0,1
xgboost,validation_2023_2024,6,0.654413776738303,0.7142857142857143,7
xgboost,validation_2023_2024,7,0.7049316167831421,0.0,1
xgboost,validation_2023_2024,8,0.8773736574433066,0.9090909090909091,11
xgboost,validation_2023_2024,9,0.9418909535913454,0.8666666666666667,30
xgboost,validation_2023_2024,5,0.5740728378295898,1.0,1
xgboost,validation_2023_2024,6,0.6546423037846884,0.5,6
xgboost,validation_2023_2024,7,0.7496402462323507,0.3333333333333333,3
xgboost,validation_2023_2024,8,0.8620044887065887,0.75,8
xgboost,validation_2023_2024,9,0.9426347600397456,0.96875,32
xgboost,validation_2023_2024,5,0.5728137493133545,1.0,1
xgboost,validation_2023_2024,6,0.6659455100695292,0.8333333333333334,6
xgboost,validation_2023_2024,7,0.7220763564109802,0.5,2
xgboost,validation_2023_2024,8,0.8758090198040008,0.8,10
xgboost,validation_2023_2024,9,0.9482966821144461,0.8709677419354839,31
xgboost,validation_2023_2024,5,0.563897043466568,0.5,2
xgboost,validation_2023_2024,6,0.6449745893478394,0.5,2
xgboost,validation_2023_2024,7,0.7221581041812897,0.6666666666666666,6
xgboost,validation_2023_2024,8,0.8826711957271283,0.9230769230769231,13
xgboost,validation_2023_2024,9,0.9502098456697097,0.9629629629629629,27
xgboost,validation_2023_2024,5,0.5866209864616394,1.0,1
xgboost,validation_2023_2024,6,0.6627979619162423,0.5714285714285714,7
xgboost,validation_2023_2024,7,0.7763087749481201,0.75,4
xgboost,validation_2023_2024,8,0.8689024150371552,0.875,8
xgboost,validation_2023_2024,9,0.9445852742700563,0.9666666666666667,30
xgboost,validation_2023_2024,5,0.590139627456665,1.0,1
xgboost,validation_2023_2024,6,0.6458549698193868,0.6666666666666666,6
xgboost,validation_2023_2024,7,0.7200354635715485,0.5,2
xgboost,validation_2023_2024,8,0.8656524799086831,1.0,11
xgboost,validation_2023_2024,9,0.9477880265423444,0.9666666666666667,30
xgboost,validation_2023_2024,6,0.6518563628196716,0.7142857142857143,7
xgboost,validation_2023_2024,7,0.7280327677726746,0.5,2
xgboost,validation_2023_2024,8,0.879138340552648,1.0,12
xgboost,validation_2023_2024,9,0.952222430100604,0.9655172413793104,29
xgboost,validation_2023_2024,5,0.5839031934738159,1.0,1
xgboost,validation_2023_2024,6,0.664553627371788,0.75,4
xgboost,validation_2023_2024,7,0.7198053359985351,0.6,5
xgboost,validation_2023_2024,8,0.8615153312683106,0.8,10
xgboost,validation_2023_2024,9,0.948712305834769,0.9,30
xgboost,validation_2023_2024,5,0.5796094834804535,0.5,2
xgboost,validation_2023_2024,6,0.6323933482170105,0.8,5
xgboost,validation_2023_2024,7,0.7613391876220703,1.0,2
xgboost,validation_2023_2024,8,0.8744000345468521,0.9166666666666666,12
xgboost,validation_2023_2024,9,0.9547146359506133,0.9310344827586207,29
xgboost,validation_2023_2024,5,0.5508478879928589,0.5,2
xgboost,validation_2023_2024,6,0.6568230628967285,0.6,5
xgboost,validation_2023_2024,7,0.756487230459849,0.6666666666666666,3
xgboost,validation_2023_2024,8,0.8769035279750824,0.9,10
xgboost,validation_2023_2024,9,0.9502598430821088,0.9333333333333333,30
xgboost,validation_2023_2024,5,0.5791593790054321,1.0,2
xgboost,validation_2023_2024,6,0.6369768679141998,0.5,4
xgboost,validation_2023_2024,7,0.7281329035758972,0.6666666666666666,3
xgboost,validation_2023_2024,8,0.8741967894814231,0.9090909090909091,11
xgboost,validation_2023_2024,9,0.945072738936423,0.9,30
xgboost,validation_2023_2024,6,0.6586389392614365,0.625,8
xgboost,validation_2023_2024,7,0.7186801433563232,0.0,1
xgboost,validation_2023_2024,8,0.8656420376565721,0.8888888888888888,9
xgboost,validation_2023_2024,9,0.9488919196751702,1.0,32
xgboost,validation_2023_2024,5,0.5912672877311707,1.0,1
xgboost,validation_2023_2024,6,0.6478985667228698,0.8,5
xgboost,validation_2023_2024,7,0.7318995147943497,0.5,4
xgboost,validation_2023_2024,8,0.8778644854372198,1.0,11
xgboost,validation_2023_2024,9,0.9414719945509668,0.9655172413793104,29
xgboost,validation_2023_2024,5,0.5855498313903809,0.0,1
xgboost,validation_2023_2024,6,0.6196234226226807,0.8,5
xgboost,validation_2023_2024,7,0.7364864945411682,0.75,4
xgboost,validation_2023_2024,8,0.8785490492979685,1.0,6
xgboost,validation_2023_2024,9,0.9414400814306023,0.8823529411764706,34
xgboost,validation_2023_2024,5,0.5839794874191284,1.0,1
xgboost,validation_2023_2024,6,0.6314171925187111,0.5,8
xgboost,validation_2023_2024,8,0.8707048025998202,0.9090909090909091,11
xgboost,validation_2023_2024,9,0.9480509684591281,1.0,30
xgboost,validation_2023_2024,5,0.5632672607898712,0.5,2
xgboost,validation_2023_2024,6,0.6623063534498215,0.75,4
xgboost,validation_2023_2024,7,0.7335636764764786,1.0,4
xgboost,validation_2023_2024,8,0.8749415824810663,0.75,12
xgboost,validation_2023_2024,9,0.9440968341176836,0.9642857142857143,28
xgboost,validation_2023_2024,5,0.5744621157646179,0.6666666666666666,3
xgboost,validation_2023_2024,6,0.6457861661911011,0.75,4
xgboost,validation_2023_2024,7,0.7406561970710754,0.5,2
xgboost,validation_2023_2024,8,0.8627188026905059,0.8,10
xgboost,validation_2023_2024,9,0.948906835635707,0.9032258064516129,31
xgboost,validation_2023_2024,5,0.5920119881629944,1.0,1
xgboost,validation_2023_2024,6,0.6597213894128799,0.75,4
xgboost,validation_2023_2024,7,0.7233719527721405,0.75,4
xgboost,validation_2023_2024,8,0.8714510440826416,0.8,10
xgboost,validation_2023_2024,9,0.9457457013773136,0.967741935483871,31
xgboost,validation_2023_2024,5,0.575820783774058,1.0,3
xgboost,validation_2023_2024,6,0.6609611908594767,0.6666666666666666,3
xgboost,validation_2023_2024,7,0.7243069857358932,0.75,4
xgboost,validation_2023_2024,8,0.8744976683096453,0.8181818181818182,11
xgboost,validation_2023_2024,9,0.9451297527868981,0.8620689655172413,29
xgboost,validation_2023_2024,5,0.5623756647109985,0.0,1
xgboost,validation_2023_2024,6,0.6372157037258148,0.5,2
xgboost,validation_2023_2024,7,0.7193438907464346,0.6666666666666666,6
xgboost,validation_2023_2024,8,0.8682543396949768,0.9,10
xgboost,validation_2023_2024,9,0.9506742825535792,0.967741935483871,31
xgboost,validation_2023_2024,5,0.5688718557357788,0.0,1
xgboost,validation_2023_2024,6,0.6589192152023315,0.8,5
xgboost,validation_2023_2024,7,0.7406683166821798,0.3333333333333333,3
xgboost,validation_2023_2024,8,0.8680260089727548,0.9230769230769231,13
xgboost,validation_2023_2024,9,0.9433707175626059,0.9285714285714286,28
xgboost,validation_2023_2024,5,0.5804728865623474,0.5,2
xgboost,validation_2023_2024,6,0.6479304134845734,1.0,4
xgboost,validation_2023_2024,7,0.7084059913953146,0.6666666666666666,3
xgboost,validation_2023_2024,8,0.872525236823342,0.9090909090909091,11
xgboost,validation_2023_2024,9,0.9465974615125643,0.9333333333333333,30
xgboost,validation_2023_2024,6,0.666416174835629,0.7777777777777778,9
xgboost,validation_2023_2024,8,0.8677271441979841,1.0,11
xgboost,validation_2023_2024,9,0.9463038172432569,0.8666666666666667,30
xgboost,validation_2023_2024,4,0.4683397710323334,1.0,1
xgboost,validation_2023_2024,5,0.5690967738628387,1.0,2
xgboost,validation_2023_2024,6,0.6624867618083954,0.5,4
xgboost,validation_2023_2024,7,0.7224217653274536,0.5,2
xgboost,validation_2023_2024,8,0.8718221038579941,0.75,8
xgboost,validation_2023_2024,9,0.946094918080242,0.9090909090909091,33
xgboost,validation_2023_2024,5,0.5773522406816483,1.0,4
xgboost,validation_2023_2024,6,0.6192565262317657,0.75,4
xgboost,validation_2023_2024,7,0.797225832939148,0.0,1
xgboost,validation_2023_2024,8,0.8730859408775965,0.9166666666666666,12
xgboost,validation_2023_2024,9,0.9421246263599382,0.9310344827586207,29
xgboost,validation_2023_2024,5,0.5644531548023224,0.5,2
xgboost,validation_2023_2024,6,0.6564641296863556,0.8333333333333334,6
xgboost,validation_2023_2024,7,0.7224283218383789,0.0,1
xgboost,validation_2023_2024,8,0.8719683885574341,0.8571428571428571,7
xgboost,validation_2023_2024,9,0.9475467385709976,0.9705882352941176,34
xgboost,validation_2023_2024,5,0.5746946930885315,1.0,1
xgboost,validation_2023_2024,6,0.6431239587920052,0.8571428571428571,7
xgboost,validation_2023_2024,7,0.72169429063797,0.0,1
xgboost,validation_2023_2024,8,0.8682627007365227,0.625,8
xgboost,validation_2023_2024,9,0.9451275581761551,0.9696969696969697,33
xgboost,validation_2023_2024,5,0.5865082939465841,0.6666666666666666,3
xgboost,validation_2023_2024,6,0.6358738660812377,0.8,5
xgboost,validation_2023_2024,7,0.7249206900596619,1.0,1
xgboost,validation_2023_2024,8,0.8697638554232461,0.8571428571428571,14
xgboost,validation_2023_2024,9,0.9518216568130903,0.9259259259259259,27
xgboost,validation_2023_2024,5,0.5863648056983948,0.0,1
xgboost,validation_2023_2024,6,0.6483357697725296,0.75,8
xgboost,validation_2023_2024,8,0.8665130208520329,0.9411764705882353,17
xgboost,validation_2023_2024,9,0.9499609974658473,0.9166666666666666,24
xgboost,validation_2023_2024,5,0.5684929887453715,1.0,3
xgboost,validation_2023_2024,6,0.6287231206893921,0.8,5
xgboost,validation_2023_2024,7,0.7654786507288615,0.6666666666666666,3
xgboost,validation_2023_2024,8,0.8706610744649713,0.8181818181818182,11
xgboost,validation_2023_2024,9,0.9534181916403757,1.0,28
xgboost,validation_2023_2024,6,0.6598950369017464,0.7142857142857143,7
xgboost,validation_2023_2024,7,0.7554944008588791,0.75,4
xgboost,validation_2023_2024,8,0.8828890174627304,1.0,8
xgboost,validation_2023_2024,9,0.9521292934599218,0.9354838709677419,31
xgboost,validation_2023_2024,5,0.584229439496994,1.0,2
xgboost,validation_2023_2024,6,0.6498031914234161,0.5,4
xgboost,validation_2023_2024,7,0.7415182789166769,1.0,3
xgboost,validation_2023_2024,8,0.8821891148885092,1.0,9
xgboost,validation_2023_2024,9,0.9429700361666071,0.90625,32
xgboost,validation_2023_2024,6,0.6436959419931684,0.42857142857142855,7
xgboost,validation_2023_2024,7,0.745675653219223,0.5,2
xgboost,validation_2023_2024,8,0.8634017780423164,0.875,8
xgboost,validation_2023_2024,9,0.9407693189300179,0.8484848484848485,33
xgboost,validation_2023_2024,5,0.582263708114624,0.3333333333333333,3
xgboost,validation_2023_2024,6,0.669537087281545,0.6666666666666666,3
xgboost,validation_2023_2024,7,0.7422689348459244,0.75,4
xgboost,validation_2023_2024,8,0.8715481956799825,0.7777777777777778,9
xgboost,validation_2023_2024,9,0.9484643768984259,0.967741935483871,31
xgboost,validation_2023_2024,5,0.5589796900749207,0.6666666666666666,3
xgboost,validation_2023_2024,6,0.6382928192615509,0.75,4
xgboost,validation_2023_2024,7,0.7440548837184906,0.5,2
xgboost,validation_2023_2024,8,0.8554732004801432,0.8888888888888888,9
xgboost,validation_2023_2024,9,0.9463042026486981,0.875,32
xgboost,validation_2023_2024,5,0.5589767694473267,1.0,1
xgboost,validation_2023_2024,6,0.639256375176566,0.7142857142857143,7
xgboost,validation_2023_2024,7,0.7385519742965698,1.0,1
xgboost,validation_2023_2024,8,0.8674043715000153,0.875,8
xgboost,validation_2023_2024,9,0.9456109572638876,0.9696969696969697,33
xgboost,validation_2023_2024,5,0.5589484870433807,0.5,2
xgboost,validation_2023_2024,6,0.653937304019928,0.4,5
xgboost,validation_2023_2024,7,0.7233847081661224,1.0,2
xgboost,validation_2023_2024,8,0.8724130690097809,0.875,8
xgboost,validation_2023_2024,9,0.9426928493207862,0.9090909090909091,33
xgboost,validation_2023_2024,5,0.5687931776046753,1.0,1
xgboost,validation_2023_2024,6,0.6634866680417743,0.7142857142857143,7
xgboost,validation_2023_2024,7,0.7497542500495911,1.0,1
xgboost,validation_2023_2024,8,0.8552376719621512,1.0,13
xgboost,validation_2023_2024,9,0.9494788333889402,0.9642857142857143,28
xgboost,validation_2023_2024,5,0.5848894119262695,1.0,1
xgboost,validation_2023_2024,6,0.6601773500442505,0.6666666666666666,6
xgboost,validation_2023_2024,7,0.7273991703987122,1.0,2
xgboost,validation_2023_2024,8,0.880520726953234,0.8571428571428571,7
xgboost,validation_2023_2024,9,0.9431000234544967,0.9411764705882353,34
xgboost,validation_2023_2024,6,0.6523125341960362,0.8571428571428571,7
xgboost,validation_2023_2024,7,0.7516509493192037,0.3333333333333333,3
xgboost,validation_2023_2024,8,0.8652286767959595,1.0,10
xgboost,validation_2023_2024,9,0.943827480684597,0.9,30
xgboost,validation_2023_2024,5,0.5856841206550598,0.6666666666666666,3
xgboost,validation_2023_2024,6,0.6520683666070303,0.5,6
xgboost,validation_2023_2024,7,0.7830237150192261,1.0,1
xgboost,validation_2023_2024,8,0.8765474021434784,0.9,10
xgboost,validation_2023_2024,9,0.9456697887290306,0.9666666666666667,30
xgboost,validation_2023_2024,5,0.5939922332763672,0.5,2
xgboost,validation_2023_2024,6,0.6241418868303299,0.75,4
xgboost,validation_2023_2024,7,0.7139580249786377,0.5,2
xgboost,validation_2023_2024,8,0.860991277477958,0.8181818181818182,11
xgboost,validation_2023_2024,9,0.9387093807525007,0.8387096774193549,31
xgboost,validation_2023_2024,5,0.5685653686523438,1.0,1
xgboost,validation_2023_2024,6,0.6417565175465175,0.5714285714285714,7
xgboost,validation_2023_2024,7,0.7835504412651062,1.0,1
xgboost,validation_2023_2024,8,0.8755120635032654,0.9285714285714286,14
xgboost,validation_2023_2024,9,0.9520400879679771,0.9629629629629629,27
xgboost,validation_2023_2024,5,0.5620100945234299,0.75,4
xgboost,validation_2023_2024,6,0.6783229112625122,1.0,4
xgboost,validation_2023_2024,7,0.7440968155860901,1.0,1
xgboost,validation_2023_2024,8,0.8913147383266025,0.8888888888888888,9
xgboost,validation_2023_2024,9,0.9487166205522406,0.9375,32
xgboost,validation_2023_2024,5,0.5949786305427551,0.6666666666666666,3
xgboost,validation_2023_2024,6,0.6629835665225983,0.6666666666666666,6
xgboost,validation_2023_2024,8,0.8614856004714966,0.7777777777777778,9
xgboost,validation_2023_2024,9,0.9445616310563671,0.9375,32
xgboost,validation_2023_2024,6,0.6575479772355821,0.5555555555555556,9
xgboost,validation_2023_2024,8,0.8793422530094782,0.8333333333333334,12
xgboost,validation_2023_2024,9,0.9503161255767414,0.9655172413793104,29
xgboost,validation_2023_2024,6,0.6347188254197439,0.5,6
xgboost,validation_2023_2024,7,0.7620557844638824,0.75,4
xgboost,validation_2023_2024,8,0.860758900642395,0.875,8
xgboost,validation_2023_2024,9,0.9450766561654198,0.90625,32
xgboost,validation_2023_2024,6,0.6304093102614085,0.8333333333333334,6
xgboost,validation_2023_2024,7,0.7273499965667725,0.6666666666666666,3
xgboost,validation_2023_2024,8,0.8715422641147267,0.9090909090909091,11
xgboost,validation_2023_2024,9,0.9454610751180635,0.9666666666666667,30
xgboost,validation_2023_2024,5,0.5768860280513763,1.0,2
xgboost,validation_2023_2024,6,0.651643306016922,0.5,6
xgboost,validation_2023_2024,7,0.7567294836044312,1.0,3
xgboost,validation_2023_2024,8,0.8709453476799859,0.8888888888888888,9
xgboost,validation_2023_2024,9,0.9544451580553042,1.0,30
xgboost,validation_2023_2024,5,0.5297244191169739,1.0,1
xgboost,validation_2023_2024,6,0.6486175656318665,0.5714285714285714,7
xgboost,validation_2023_2024,7,0.7936365604400635,1.0,1
xgboost,validation_2023_2024,8,0.8811707837241036,1.0,7
xgboost,validation_2023_2024,9,0.9372277791104586,1.0,34
xgboost,validation_2023_2024,6,0.6464114387830099,0.7777777777777778,9
xgboost,validation_2023_2024,8,0.8756033778190613,0.7777777777777778,9
xgboost,validation_2023_2024,9,0.9461503313955653,0.90625,32
xgboost,validation_2023_2024,5,0.5840228796005249,0.0,1
xgboost,validation_2023_2024,6,0.6686885782650539,0.5714285714285714,7
xgboost,validation_2023_2024,7,0.7124431729316711,0.0,1
xgboost,validation_2023_2024,8,0.8696326944563124,0.8888888888888888,9
xgboost,validation_2023_2024,9,0.9440987059947836,0.96875,32
xgboost,validation_2023_2024,5,0.5903927683830261,0.6666666666666666,3
xgboost,validation_2023_2024,6,0.6552667617797852,0.6666666666666666,3
xgboost,validation_2023_2024,7,0.7515937685966492,0.6666666666666666,3
xgboost,validation_2023_2024,8,0.8798636719584465,0.75,8
xgboost,validation_2023_2024,9,0.9403488858277859,0.9696969696969697,33
xgboost,validation_2023_2024,6,0.6440931359926859,0.5,6
xgboost,validation_2023_2024,7,0.7612317403157552,0.3333333333333333,3
xgboost,validation_2023_2024,8,0.8443934122721354,1.0,3
xgboost,validation_2023_2024,9,0.9424412647445568,0.8947368421052632,38
xgboost,validation_2023_2024,6,0.6494663783482143,0.5714285714285714,7
xgboost,validation_2023_2024,7,0.7207102179527283,0.5,2
xgboost,validation_2023_2024,8,0.8670501058751886,0.9090909090909091,11
xgboost,validation_2023_2024,9,0.9463143255421308,0.9333333333333333,30
xgboost,validation_2023_2024,5,0.5766556859016418,1.0,1
xgboost,validation_2023_2024,6,0.6568706234296163,1.0,6
xgboost,validation_2023_2024,7,0.7375100553035736,0.5,2
xgboost,validation_2023_2024,8,0.8799608094351632,0.8571428571428571,7
xgboost,validation_2023_2024,9,0.9427962799377991,0.9117647058823529,34
xgboost,validation_2023_2024,5,0.5581987500190735,0.0,1
xgboost,validation_2023_2024,6,0.658259391784668,0.3333333333333333,6
xgboost,validation_2023_2024,7,0.7488179604212443,1.0,3
xgboost,validation_2023_2024,8,0.875613408429282,0.8571428571428571,7
xgboost,validation_2023_2024,9,0.9468664080905903,0.9090909090909091,33
xgboost,validation_2023_2024,4,0.49093756079673767,1.0,1
xgboost,validation_2023_2024,5,0.576232373714447,1.0,2
xgboost,validation_2023_2024,6,0.6894888083140055,0.6666666666666666,3
xgboost,validation_2023_2024,7,0.7215056538581848,0.4,5
xgboost,validation_2023_2024,8,0.8703982184330622,0.9166666666666666,12
xgboost,validation_2023_2024,9,0.9453427687959304,0.9259259259259259,27
xgboost,validation_2023_2024,5,0.5612720847129822,0.75,4
xgboost,validation_2023_2024,6,0.6372038722038269,0.5,2
xgboost,validation_2023_2024,7,0.734296997388204,0.6666666666666666,3
xgboost,validation_2023_2024,8,0.8595507277382745,0.8888888888888888,9
xgboost,validation_2023_2024,9,0.9456837108460057,0.96875,32
xgboost,validation_2023_2024,5,0.5828683376312256,1.0,2
xgboost,validation_2023_2024,6,0.6565771698951721,0.6,5
xgboost,validation_2023_2024,7,0.7242724001407623,0.5,2
xgboost,validation_2023_2024,8,0.8736239617521112,0.7272727272727273,11
xgboost,validation_2023_2024,9,0.948693051547685,0.8333333333333334,30
xgboost,validation_2023_2024,6,0.6608226128986904,0.2857142857142857,7
xgboost,validation_2023_2024,7,0.7144743502140045,0.5,2
xgboost,validation_2023_2024,8,0.8720804865543659,0.9230769230769231,13
xgboost,validation_2023_2024,9,0.9480062495500687,0.9642857142857143,28
xgboost,validation_2023_2024,5,0.5713385045528412,0.0,2
xgboost,validation_2023_2024,6,0.668221116065979,0.6666666666666666,3
xgboost,validation_2023_2024,7,0.7381924490133921,0.6666666666666666,6
xgboost,validation_2023_2024,8,0.8603211556162152,1.0,7
xgboost,validation_2023_2024,9,0.9457948828217375,0.96875,32
xgboost,validation_2023_2024,5,0.5408040881156921,1.0,1
xgboost,validation_2023_2024,6,0.6534355759620667,0.6,5
xgboost,validation_2023_2024,7,0.735093226035436,0.8333333333333334,6
xgboost,validation_2023_2024,8,0.8765128122435676,0.8888888888888888,9
xgboost,validation_2023_2024,9,0.9445648076317215,0.9655172413793104,29
xgboost,validation_2023_2024,6,0.6654242128133774,0.75,8
xgboost,validation_2023_2024,7,0.7374903857707977,1.0,2
xgboost,validation_2023_2024,8,0.8747631072998047,1.0,10
xgboost,validation_2023_2024,9,0.947601990511893,0.9,30
xgboost,validation_2023_2024,5,0.5570395290851593,1.0,2
xgboost,validation_2023_2024,6,0.6448479692141215,0.6666666666666666,6
xgboost,validation_2023_2024,7,0.7219123244285583,1.0,1
xgboost,validation_2023_2024,8,0.8699575439095497,0.875,8
xgboost,validation_2023_2024,9,0.9439519017129944,0.9696969696969697,33
xgboost,validation_2023_2024,5,0.5952908992767334,1.0,1
xgboost,validation_2023_2024,6,0.6531693509646824,0.7142857142857143,7
xgboost,validation_2023_2024,7,0.7492552697658539,0.5,2
xgboost,validation_2023_2024,8,0.8684577941894531,0.8888888888888888,9
xgboost,validation_2023_2024,9,0.9465062662583,0.9032258064516129,31
xgboost,validation_2023_2024,5,0.5611186474561691,0.75,4
xgboost,validation_2023_2024,6,0.6264961361885071,0.0,1
xgboost,validation_2023_2024,7,0.7401469200849533,0.75,4
xgboost,validation_2023_2024,8,0.8650095571171154,1.0,11
xgboost,validation_2023_2024,9,0.9479406362880058,0.9666666666666667,30
xgboost,validation_2023_2024,5,0.5751331448554993,0.0,1
xgboost,validation_2023_2024,6,0.6625091195106506,0.6,5
xgboost,validation_2023_2024,7,0.72378937403361,0.6666666666666666,3
xgboost,validation_2023_2024,8,0.8796199096573724,0.8888888888888888,9
xgboost,validation_2023_2024,9,0.9459232470121968,0.84375,32
xgboost,validation_2023_2024,5,0.550432413816452,0.75,4
xgboost,validation_2023_2024,6,0.6506524980068207,1.0,2
xgboost,validation_2023_2024,7,0.7516056448221207,0.75,4
xgboost,validation_2023_2024,8,0.8701283559203148,0.875,8
xgboost,validation_2023_2024,9,0.9439456338164198,0.90625,32
xgboost,validation_2023_2024,5,0.5713197588920593,1.0,1
xgboost,validation_2023_2024,6,0.6590346495310465,0.5,6
xgboost,validation_2023_2024,7,0.7573281228542328,1.0,4
xgboost,validation_2023_2024,8,0.8752569705247879,1.0,8
xgboost,validation_2023_2024,9,0.9508808280295697,0.9032258064516129,31
xgboost,validation_2023_2024,5,0.5783402323722839,1.0,1
xgboost,validation_2023_2024,6,0.6508708681379046,0.8571428571428571,7
xgboost,validation_2023_2024,7,0.70291668176651,1.0,1
xgboost,validation_2023_2024,8,0.868071918686231,0.9166666666666666,12
xgboost,validation_2023_2024,9,0.9501758799582501,0.9655172413793104,29
xgboost,validation_2023_2024,5,0.5521739423274994,1.0,2
xgboost,validation_2023_2024,6,0.6447786837816238,0.5,4
xgboost,validation_2023_2024,7,0.7600093483924866,0.75,4
xgboost,validation_2023_2024,8,0.875940203666687,1.0,8
xgboost,validation_2023_2024,9,0.9419360986080754,0.90625,32
xgboost,validation_2023_2024,6,0.6629908978939056,0.5,8
xgboost,validation_2023_2024,7,0.7288048267364502,1.0,1
xgboost,validation_2023_2024,8,0.871755562722683,1.0,8
xgboost,validation_2023_2024,9,0.9480210855249913,0.8484848484848485,33
xgboost,validation_2023_2024,5,0.5760284662246704,1.0,1
xgboost,validation_2023_2024,6,0.6577098369598389,0.4,5
xgboost,validation_2023_2024,7,0.7391235083341599,0.75,4
xgboost,validation_2023_2024,8,0.8761739459904757,1.0,11
xgboost,validation_2023_2024,9,0.946970340106897,0.896551724137931,29
xgboost,validation_2023_2024,5,0.5629492998123169,0.6666666666666666,3
xgboost,validation_2023_2024,6,0.6596343964338303,0.75,4
xgboost,validation_2023_2024,7,0.738406777381897,0.6666666666666666,3
xgboost,validation_2023_2024,8,0.8718379586935043,1.0,8
xgboost,validation_2023_2024,9,0.9397524749961483,0.9375,32
xgboost,validation_2023_2024,5,0.5728501975536346,1.0,2
xgboost,validation_2023_2024,6,0.6250352382659912,0.4,5
xgboost,validation_2023_2024,7,0.7341166138648987,0.5,2
xgboost,validation_2023_2024,8,0.8840737853731427,0.8571428571428571,7
xgboost,validation_2023_2024,9,0.9471214681959141,0.9411764705882353,34
xgboost,validation_2023_2024,5,0.5880086421966553,1.0,1
xgboost,validation_2023_2024,6,0.6676190992196401,0.8333333333333334,6
xgboost,validation_2023_2024,7,0.7061412334442139,0.5,2
xgboost,validation_2023_2024,8,0.8705986142158508,0.8888888888888888,9
xgboost,validation_2023_2024,9,0.9436093201962101,0.9375,32
xgboost,validation_2023_2024,5,0.5694320201873779,0.5,2
xgboost,validation_2023_2024,6,0.6447568110057286,0.7142857142857143,7
xgboost,validation_2023_2024,8,0.8736553421387305,0.9230769230769231,13
xgboost,validation_2023_2024,9,0.9495682999607481,0.9642857142857143,28
xgboost,validation_2023_2024,5,0.5675108730792999,1.0,2
xgboost,validation_2023_2024,6,0.6364291667938232,1.0,5
xgboost,validation_2023_2024,7,0.7458833058675131,0.3333333333333333,3
xgboost,validation_2023_2024,8,0.8614261373877525,0.875,8
xgboost,validation_2023_2024,9,0.9483383173224318,0.84375,32
xgboost,validation_2023_2024,5,0.5591720640659332,0.5,2
xgboost,validation_2023_2024,6,0.667813648780187,0.6666666666666666,6
xgboost,validation_2023_2024,7,0.7467300891876221,1.0,1
xgboost,validation_2023_2024,8,0.8544695476690928,1.0,6
xgboost,validation_2023_2024,9,0.9422481473947242,0.8571428571428571,35
xgboost,validation_2023_2024,5,0.5396766662597656,1.0,1
xgboost,validation_2023_2024,6,0.6685411334037781,0.42857142857142855,7
xgboost,validation_2023_2024,7,0.7106578946113586,1.0,1
xgboost,validation_2023_2024,8,0.85149661037657,0.7777777777777778,9
xgboost,validation_2023_2024,9,0.9444799913194764,0.9375,32
xgboost,validation_2023_2024,5,0.5972117185592651,1.0,1
xgboost,validation_2023_2024,6,0.6650652587413788,0.5,6
xgboost,validation_2023_2024,7,0.7379783590634664,1.0,3
xgboost,validation_2023_2024,8,0.8621828224923875,0.8888888888888888,9
xgboost,validation_2023_2024,9,0.9475246519916276,0.9354838709677419,31
xgboost,validation_2023_2024,5,0.580272376537323,0.0,3
xgboost,validation_2023_2024,6,0.6562941869099935,0.3333333333333333,3
xgboost,validation_2023_2024,7,0.7288675904273987,0.6666666666666666,3
xgboost,validation_2023_2024,8,0.8703941239251031,1.0,9
xgboost,validation_2023_2024,9,0.950390099185406,1.0,32
xgboost,validation_2023_2024,5,0.5868733525276184,0.75,4
xgboost,validation_2023_2024,6,0.6443575382232666,0.6,5
xgboost,validation_2023_2024,8,0.8599502576722039,1.0,9
xgboost,validation_2023_2024,9,0.9399141525951016,0.9375,32
xgboost,validation_2023_2024,5,0.5814748406410217,0.5,2
xgboost,validation_2023_2024,6,0.6524921158949534,0.8333333333333334,6
xgboost,validation_2023_2024,7,0.7112398147583008,1.0,1
xgboost,validation_2023_2024,8,0.8782379031181335,0.8,10
xgboost,validation_2023_2024,9,0.9440746774701136,0.967741935483871,31
xgboost,validation_2023_2024,5,0.5272887945175171,0.0,1
xgboost,validation_2023_2024,6,0.6643674731254577,0.8,5
xgboost,validation_2023_2024,7,0.7315597931543986,0.6666666666666666,3
xgboost,validation_2023_2024,8,0.8602968725291166,1.0,11
xgboost,validation_2023_2024,9,0.9459041661132164,0.9333333333333333,30
xgboost,validation_2023_2024,5,0.525920569896698,0.0,1
xgboost,validation_2023_2024,6,0.6729825735092163,0.75,8
xgboost,validation_2023_2024,8,0.8596194162964821,0.875,8
xgboost,validation_2023_2024,9,0.9438973291451992,0.8787878787878788,33
xgboost,validation_2023_2024,5,0.5326716303825378,0.0,1
xgboost,validation_2023_2024,6,0.6581426382064819,0.8,5
xgboost,validation_2023_2024,7,0.7382803956667582,0.6666666666666666,3
xgboost,validation_2023_2024,8,0.8530476255850359,0.9090909090909091,11
xgboost,validation_2023_2024,9,0.9529556757319756,0.9666666666666667,30
xgboost,validation_2023_2024,5,0.5915870070457458,1.0,1
xgboost,validation_2023_2024,6,0.6565612405538559,0.75,4
xgboost,validation_2023_2024,7,0.7144260257482529,0.5,4
xgboost,validation_2023_2024,8,0.8726657032966614,1.0,8
xgboost,validation_2023_2024,9,0.9461605951739791,0.9393939393939394,33
xgboost,validation_2023_2024,5,0.5149697661399841,1.0,1
xgboost,validation_2023_2024,6,0.6517401933670044,0.8333333333333334,6
xgboost,validation_2023_2024,7,0.7632225155830383,1.0,2
xgboost,validation_2023_2024,8,0.8651946054564582,0.8888888888888888,9
xgboost,validation_2023_2024,9,0.9449070120331633,0.96875,32
xgboost,validation_2023_2024,5,0.5588313341140747,0.0,1
xgboost,validation_2023_2024,6,0.6579310178756714,0.8,5
xgboost,validation_2023_2024,7,0.7285997867584229,1.0,3
xgboost,validation_2023_2024,8,0.8631775975227356,1.0,7
xgboost,validation_2023_2024,9,0.9426526397562016,1.0,34
xgboost,validation_2023_2024,6,0.643025279045105,0.625,8
xgboost,validation_2023_2024,7,0.7165940999984741,0.0,1
xgboost,validation_2023_2024,8,0.8753613763385348,0.8888888888888888,9
xgboost,validation_2023_2024,9,0.9443175817009795,0.96875,32
xgboost,validation_2023_2024,5,0.5482365489006042,1.0,1
xgboost,validation_2023_2024,6,0.6530238389968872,0.8333333333333334,6
xgboost,validation_2023_2024,7,0.7161180973052979,1.0,2
xgboost,validation_2023_2024,8,0.8787567168474197,0.875,8
xgboost,validation_2023_2024,9,0.9459724937522761,0.9090909090909091,33
xgboost,validation_2023_2024,5,0.5805373787879944,0.0,1
xgboost,validation_2023_2024,6,0.6483453412850698,0.6666666666666666,6
xgboost,validation_2023_2024,7,0.748544454574585,0.6666666666666666,3
xgboost,validation_2023_2024,8,0.8625666300455729,0.8888888888888888,9
xgboost,validation_2023_2024,9,0.9515857067904921,0.9032258064516129,31
xgboost,validation_2023_2024,5,0.5642948150634766,0.5,2
xgboost,validation_2023_2024,6,0.6420877774556478,1.0,6
xgboost,validation_2023_2024,7,0.726253092288971,0.0,1
xgboost,validation_2023_2024,8,0.8748559653759003,1.0,8
xgboost,validation_2023_2024,9,0.945322806736627,0.8787878787878788,33
xgboost,validation_2023_2024,6,0.6453347951173782,0.75,8
xgboost,validation_2023_2024,7,0.7065008282661438,0.0,1
xgboost,validation_2023_2024,8,0.8647179901599884,0.9,10
xgboost,validation_2023_2024,9,0.9454850041201794,1.0,31
xgboost,validation_2023_2024,6,0.6308013002077738,0.6666666666666666,6
xgboost,validation_2023_2024,7,0.7280903458595276,0.6666666666666666,3
xgboost,validation_2023_2024,8,0.8780153274536133,0.7,10
xgboost,validation_2023_2024,9,0.9448586727446882,0.967741935483871,31
xgboost,validation_2023_2024,6,0.660936713218689,0.7142857142857143,7
xgboost,validation_2023_2024,7,0.7279760241508484,0.5,2
xgboost,validation_2023_2024,8,0.8730757724155079,0.9090909090909091,11
xgboost,validation_2023_2024,9,0.9459606872110354,0.9666666666666667,30
xgboost,validation_2023_2024,5,0.5907098054885864,1.0,1
xgboost,validation_2023_2024,6,0.6365378158433097,0.7142857142857143,7
xgboost,validation_2023_2024,7,0.7688015898068746,0.6666666666666666,3
xgboost,validation_2023_2024,8,0.8663816915618049,1.0,9
xgboost,validation_2023_2024,9,0.9431729203570671,0.9666666666666667,30
xgboost,validation_2023_2024,6,0.6455989003181457,0.2,5
xgboost,validation_2023_2024,7,0.7481407523155212,1.0,6
xgboost,validation_2023_2024,8,0.8707752525806427,0.875,8
xgboost,validation_2023_2024,9,0.9448035403710014,0.9032258064516129,31
xgboost,validation_2023_2024,5,0.5314465761184692,1.0,1
xgboost,validation_2023_2024,6,0.6597399810949961,0.5,6
xgboost,validation_2023_2024,7,0.709167093038559,0.0,2
xgboost,validation_2023_2024,8,0.8766500502824783,1.0,12
xgboost,validation_2023_2024,9,0.9481340365275008,0.9655172413793104,29
xgboost,validation_2023_2024,6,0.630403478940328,0.3333333333333333,6
xgboost,validation_2023_2024,7,0.7408501903216044,0.6666666666666666,3
xgboost,validation_2023_2024,8,0.8762695789337158,0.8888888888888888,9
xgboost,validation_2023_2024,9,0.9441373726454365,0.9375,32
xgboost,validation_2023_2024,5,0.5750074982643127,1.0,2
xgboost,validation_2023_2024,6,0.6323614517847697,0.6666666666666666,3
xgboost,validation_2023_2024,7,0.744362086057663,0.75,4
xgboost,validation_2023_2024,8,0.8683489809433619,0.8333333333333334,12
xgboost,validation_2023_2024,9,0.9402605280905744,0.9310344827586207,29
xgboost,validation_2023_2024,5,0.5870185097058614,0.6666666666666666,3
xgboost,validation_2023_2024,6,0.6554082731405894,0.6666666666666666,6
xgboost,validation_2023_2024,8,0.8672763194356646,0.8571428571428571,7
xgboost,validation_2023_2024,9,0.9415240748935576,0.9411764705882353,34
xgboost,validation_2023_2024,5,0.5725716948509216,1.0,1
xgboost,validation_2023_2024,6,0.6513739824295044,0.6,5
xgboost,validation_2023_2024,7,0.7289765874544779,1.0,3
xgboost,validation_2023_2024,8,0.8797094117511403,0.9090909090909091,11
xgboost,validation_2023_2024,9,0.9423677649208692,0.9333333333333333,30
xgboost,validation_2023_2024,5,0.564003199338913,0.5,2
xgboost,validation_2023_2024,6,0.6550856743540082,0.8571428571428571,7
xgboost,validation_2023_2024,8,0.8722456523350307,0.7142857142857143,14
xgboost,validation_2023_2024,9,0.94823847502567,1.0,27
xgboost,validation_2023_2024,5,0.5041568279266357,0.0,1
xgboost,validation_2023_2024,6,0.6583493053913116,0.5,4
xgboost,validation_2023_2024,7,0.7160030603408813,0.75,4
xgboost,validation_2023_2024,8,0.8782671988010406,0.8571428571428571,14
xgboost,validation_2023_2024,9,0.94710065326302,1.0,27
xgboost,validation_2023_2024,6,0.660505371434348,0.7142857142857143,7
xgboost,validation_2023_2024,7,0.7489568293094635,1.0,2
xgboost,validation_2023_2024,8,0.871294996955178,0.9090909090909091,11
xgboost,validation_2023_2024,9,0.9497597680597293,0.9666666666666667,30
xgboost,validation_2023_2024,5,0.5472865700721741,1.0,2
xgboost,validation_2023_2024,6,0.6500554800033569,0.6,5
xgboost,validation_2023_2024,7,0.7184159457683563,0.5,2
xgboost,validation_2023_2024,8,0.8653736114501953,0.9166666666666666,12
xgboost,validation_2023_2024,9,0.9517477304882825,0.896551724137931,29
xgboost,validation_2023_2024,5,0.5966624617576599,0.0,1
xgboost,validation_2023_2024,6,0.6477177639802297,0.5,6
xgboost,validation_2023_2024,7,0.7445193231105804,1.0,2
xgboost,validation_2023_2024,8,0.8662422120571136,0.7,10
xgboost,validation_2023_2024,9,0.9481495220919566,0.9354838709677419,31
xgboost,validation_2023_2024,6,0.6667701261384147,0.5714285714285714,7
xgboost,validation_2023_2024,7,0.7256085574626923,0.5,2
xgboost,validation_2023_2024,8,0.8645217617352804,0.8333333333333334,12
xgboost,validation_2023_2024,9,0.951045731646109,0.896551724137931,29
xgboost,validation_2023_2024,5,0.5909907817840576,1.0,1
xgboost,validation_2023_2024,6,0.6524157166481018,0.6,5
xgboost,validation_2023_2024,7,0.7215299805005392,0.3333333333333333,3
xgboost,validation_2023_2024,8,0.8772969767451286,1.0,8
xgboost,validation_2023_2024,9,0.9439739698811722,0.8484848484848485,33
xgboost,validation_2023_2024,5,0.5885531306266785,1.0,1
xgboost,validation_2023_2024,6,0.6572403709093729,0.6666666666666666,3
xgboost,validation_2023_2024,7,0.7371007442474365,0.8,5
xgboost,validation_2023_2024,8,0.8595507144927979,0.8333333333333334,12
xgboost,validation_2023_2024,9,0.9484809663900823,1.0,29
xgboost,validation_2023_2024,5,0.5707395076751709,0.6666666666666666,3
xgboost,validation_2023_2024,6,0.6636755168437958,0.75,4
xgboost,validation_2023_2024,7,0.7466232180595398,1.0,3
xgboost,validation_2023_2024,8,0.8748931487401327,0.7777777777777778,9
xgboost,validation_2023_2024,9,0.9430224286076317,0.9354838709677419,31
xgboost,validation_2023_2024,5,0.5304902791976929,1.0,1
xgboost,validation_2023_2024,6,0.6456550836563111,0.6,5
xgboost,validation_2023_2024,7,0.7079931894938151,0.6666666666666666,3
xgboost,validation_2023_2024,8,0.8784806430339813,0.7142857142857143,14
xgboost,validation_2023_2024,9,0.9498000836050937,0.8888888888888888,27
xgboost,validation_2023_2024,5,0.5591763705015182,0.5,4
xgboost,validation_2023_2024,6,0.6547935009002686,0.75,4
xgboost,validation_2023_2024,7,0.7017467617988586,1.0,1
xgboost,validation_2023_2024,8,0.8686873495578766,0.9,10
xgboost,validation_2023_2024,9,0.9463544551507875,0.8709677419354839,31
xgboost,validation_2023_2024,5,0.5593481659889221,1.0,2
xgboost,validation_2023_2024,6,0.636788527170817,0.5,6
xgboost,validation_2023_2024,8,0.8597002426783243,0.9166666666666666,12
xgboost,validation_2023_2024,9,0.9469710336236941,0.9666666666666667,30
xgboost,validation_2023_2024,4,0.4840988516807556,1.0,1
xgboost,validation_2023_2024,5,0.5723692774772644,1.0,1
xgboost,validation_2023_2024,6,0.6442600985368093,0.6666666666666666,6
xgboost,validation_2023_2024,7,0.7205079793930054,1.0,1
xgboost,validation_2023_2024,8,0.8663401338789198,1.0,9
xgboost,validation_2023_2024,9,0.9460983077165472,0.96875,32
xgboost,validation_2023_2024,5,0.5642141997814178,0.5,2
xgboost,validation_2023_2024,6,0.6425541043281555,0.75,4
xgboost,validation_2023_2024,7,0.7514572540918986,1.0,3
xgboost,validation_2023_2024,8,0.851019195147923,1.0,7
xgboost,validation_2023_2024,9,0.9422912445233839,0.9411764705882353,34
xgboost,validation_2023_2024,5,0.5856265425682068,1.0,1
xgboost,validation_2023_2024,6,0.6481168493628502,0.625,8
xgboost,validation_2023_2024,8,0.8467423584726121,0.6666666666666666,9
xgboost,validation_2023_2024,9,0.9502857649800169,0.875,32
xgboost,validation_2023_2024,5,0.5725739300251007,1.0,2
xgboost,validation_2023_2024,6,0.6507814952305385,0.7142857142857143,7
xgboost,validation_2023_2024,8,0.8708919733762741,0.875,8
xgboost,validation_2023_2024,9,0.9456168599299217,0.8484848484848485,33
xgboost,validation_2023_2024,5,0.5766546279191971,0.75,4
xgboost,validation_2023_2024,6,0.6606545845667521,0.6666666666666666,3
xgboost,validation_2023_2024,7,0.7448291381200155,1.0,3
xgboost,validation_2023_2024,8,0.8428646496364048,0.5714285714285714,7
xgboost,validation_2023_2024,9,0.9518360121781887,0.9090909090909091,33
xgboost,validation_2023_2024,6,0.6372142732143402,0.6666666666666666,6
xgboost,validation_2023_2024,7,0.7305226723353068,1.0,3
xgboost,validation_2023_2024,8,0.8521240883403354,1.0,9
xgboost,validation_2023_2024,9,0.948801575797497,0.90625,32
xgboost,validation_2023_2024,5,0.5442931652069092,0.0,1
xgboost,validation_2023_2024,6,0.6384639143943787,0.8,5
xgboost,validation_2023_2024,7,0.7240893840789795,0.6666666666666666,3
xgboost,validation_2023_2024,8,0.8800181746482849,0.875,8
xgboost,validation_2023_2024,9,0.9440833552415432,0.9090909090909091,33
xgboost,validation_2023_2024,5,0.5493547022342682,0.5,2
xgboost,validation_2023_2024,6,0.6791844487190246,0.8,5
xgboost,validation_2023_2024,7,0.7026371359825134,1.0,2
xgboost,validation_2023_2024,8,0.87972625096639,0.8888888888888888,9
xgboost,validation_2023_2024,9,0.9515674771842348,0.9375,32
xgboost,validation_2023_2024,5,0.5934144258499146,1.0,1
xgboost,validation_2023_2024,6,0.6393544773260752,0.3333333333333333,6
xgboost,validation_2023_2024,7,0.7520528435707092,1.0,3
xgboost,validation_2023_2024,8,0.8569565644631019,1.0,13
xgboost,validation_2023_2024,9,0.9477352131416166,0.9259259259259259,27
xgboost,validation_2023_2024,5,0.586529016494751,1.0,1
xgboost,validation_2023_2024,6,0.6400046646595001,0.5,6
xgboost,validation_2023_2024,7,0.7567431728045145,0.6666666666666666,3
xgboost,validation_2023_2024,8,0.8661088347434998,0.8888888888888888,9
xgboost,validation_2023_2024,9,0.9437237599308248,0.967741935483871,31
xgboost,validation_2023_2024,5,0.514485239982605,1.0,1
xgboost,validation_2023_2024,6,0.6460254589716593,0.5,6
xgboost,validation_2023_2024,7,0.7606252630551656,1.0,3
xgboost,validation_2023_2024,8,0.8643472850322723,1.0,10
xgboost,validation_2023_2024,9,0.9538342164068209,0.9666666666666667,30
xgboost,validation_2023_2024,4,0.49302226305007935,1.0,2
xgboost,validation_2023_2024,6,0.6460072994232178,0.8,5
xgboost,validation_2023_2024,7,0.7665432492891947,0.6666666666666666,3
xgboost,validation_2023_2024,8,0.8766984807120429,1.0,9
xgboost,validation_2023_2024,9,0.9412641877232816,0.9032258064516129,31
xgboost,validation_2023_2024,5,0.5754423141479492,0.0,1
xgboost,validation_2023_2024,6,0.6716878910859426,0.8333333333333334,6
xgboost,validation_2023_2024,7,0.7018872201442719,1.0,2
xgboost,validation_2023_2024,8,0.870090168256026,1.0,13
xgboost,validation_2023_2024,9,0.9461264297481932,0.9285714285714286,28
xgboost,validation_2023_2024,6,0.636119931936264,0.6666666666666666,6
xgboost,validation_2023_2024,7,0.7437419096628824,0.6666666666666666,3
xgboost,validation_2023_2024,8,0.8631013870239258,1.0,10
xgboost,validation_2023_2024,9,0.9464108719084328,1.0,31
xgboost,validation_2023_2024,5,0.5651804804801941,1.0,1
xgboost,validation_2023_2024,6,0.6410425645964486,0.42857142857142855,7
xgboost,validation_2023_2024,7,0.718248724937439,1.0,1
xgboost,validation_2023_2024,8,0.8750940236178312,1.0,11
xgboost,validation_2023_2024,9,0.943908399950344,0.9333333333333333,30
xgboost,validation_2023_2024,5,0.5984258651733398,1.0,1
xgboost,validation_2023_2024,6,0.6601929068565369,0.5,6
xgboost,validation_2023_2024,7,0.7197632491588593,1.0,2
xgboost,validation_2023_2024,8,0.8704233467578888,1.0,10
xgboost,validation_2023_2024,9,0.9431777006300022,0.967741935483871,31
xgboost,validation_2023_2024,5,0.5524063110351562,0.0,1
xgboost,validation_2023_2024,6,0.6522813183920724,0.5714285714285714,7
xgboost,validation_2023_2024,7,0.7746289968490601,0.0,1
xgboost,validation_2023_2024,8,0.8839809596538544,0.75,8
xgboost,validation_2023_2024,9,0.9431031080907752,0.8787878787878788,33
xgboost,validation_2023_2024,5,0.5703146755695343,0.75,4
xgboost,validation_2023_2024,6,0.6463510096073151,1.0,4
xgboost,validation_2023_2024,7,0.7376876473426819,0.3333333333333333,3
xgboost,validation_2023_2024,8,0.8805242627859116,0.875,8
xgboost,validation_2023_2024,9,0.9444233684875106,0.9032258064516129,31
xgboost,validation_2023_2024,5,0.5573395192623138,0.5,2
xgboost,validation_2023_2024,6,0.6445108652114868,0.6666666666666666,6
xgboost,validation_2023_2024,7,0.7649981578191122,1.0,3
xgboost,validation_2023_2024,8,0.8814403282271491,0.8888888888888888,9
xgboost,validation_2023_2024,9,0.9525857057282117,0.9666666666666667,30
xgboost,validation_2023_2024,6,0.6513637048857552,0.7142857142857143,7
xgboost,validation_2023_2024,7,0.742362916469574,0.0,2
xgboost,validation_2023_2024,8,0.8851360934121268,1.0,7
xgboost,validation_2023_2024,9,0.9425809879608704,0.9411764705882353,34
xgboost,validation_2023_2024,5,0.5761329531669617,1.0,1
xgboost,validation_2023_2024,6,0.6558419068654379,0.8333333333333334,6
xgboost,validation_2023_2024,7,0.724628359079361,0.0,2
xgboost,validation_2023_2024,8,0.8644835097449166,1.0,7
xgboost,validation_2023_2024,9,0.942186201855434,1.0,34
xgboost,validation_2023_2024,5,0.5562523206075033,1.0,3
xgboost,validation_2023_2024,6,0.6578034609556198,0.75,4
xgboost,validation_2023_2024,7,0.7344745397567749,0.5,2
xgboost,validation_2023_2024,8,0.866240844130516,1.0,8
xgboost,validation_2023_2024,9,0.9475880957109266,0.9393939393939394,33
xgboost,validation_2023_2024,5,0.5610522627830505,0.0,1
xgboost,validation_2023_2024,6,0.6468690037727356,0.8333333333333334,6
xgboost,validation_2023_2024,7,0.7019439339637756,0.5,2
xgboost,validation_2023_2024,8,0.8675387799739838,0.9,10
xgboost,validation_2023_2024,9,0.9474257217404137,0.9354838709677419,31
xgboost,validation_2023_2024,5,0.5613365769386292,1.0,2
xgboost,validation_2023_2024,6,0.6603716313838959,0.0,2
xgboost,validation_2023_2024,7,0.7373768806457519,0.6,5
xgboost,validation_2023_2024,8,0.8710690836111704,0.8333333333333334,12
xgboost,validation_2023_2024,9,0.9491775925928958,0.9655172413793104,29
xgboost,validation_2023_2024,5,0.5635876456896464,0.3333333333333333,3
xgboost,validation_2023_2024,6,0.6462122201919556,0.5,4
xgboost,validation_2023_2024,7,0.7484171390533447,1.0,2
xgboost,validation_2023_2024,8,0.8682007968425751,1.0,10
xgboost,validation_2023_2024,9,0.9423929824087685,0.9354838709677419,31
xgboost,validation_2023_2024,5,0.555100679397583,1.0,1
xgboost,validation_2023_2024,6,0.657426152910505,0.5714285714285714,7
xgboost,validation_2023_2024,7,0.7420012950897217,1.0,1
xgboost,validation_2023_2024,8,0.8761842101812363,1.0,8
xgboost,validation_2023_2024,9,0.946861825757748,0.9090909090909091,33
xgboost,validation_2023_2024,6,0.6533292829990387,0.625,8
xgboost,validation_2023_2024,7,0.7399603128433228,0.5,2
xgboost,validation_2023_2024,8,0.8725892576304349,0.7272727272727273,11
xgboost,validation_2023_2024,9,0.9470163055646817,1.0,29
xgboost,validation_2023_2024,6,0.64673955572976,0.7777777777777778,9
xgboost,validation_2023_2024,8,0.8703321874141693,0.9,10
xgboost,validation_2023_2024,9,0.9466051330594081,0.967741935483871,31
xgboost,validation_2023_2024,5,0.5507352948188782,1.0,1
xgboost,validation_2023_2024,6,0.646627151966095,0.2,5
xgboost,validation_2023_2024,7,0.7112108469009399,1.0,3
xgboost,validation_2023_2024,8,0.8649339795112609,1.0,10
xgboost,validation_2023_2024,9,0.9501467314563247,0.8709677419354839,31
xgboost,validation_2023_2024,6,0.6546867830412728,0.7142857142857143,7
xgboost,validation_2023_2024,7,0.7317896684010824,0.6666666666666666,3
xgboost,validation_2023_2024,8,0.8664641867984425,0.9090909090909091,11
xgboost,validation_2023_2024,9,0.9467310932287664,0.9310344827586207,29
xgboost,validation_2023_2024,5,0.5130354166030884,0.0,1
xgboost,validation_2023_2024,6,0.6581226885318756,0.6666666666666666,6
xgboost,validation_2023_2024,7,0.7099603414535522,0.5,2
xgboost,validation_2023_2024,8,0.8756269589066505,0.875,8
xgboost,validation_2023_2024,9,0.9455736501748623,0.9090909090909091,33
xgboost,validation_2023_2024,5,0.5730636864900589,0.75,4
xgboost,validation_2023_2024,6,0.6544914096593857,1.0,4
xgboost,validation_2023_2024,7,0.7194440960884094,1.0,1
xgboost,validation_2023_2024,8,0.8617440819740295,1.0,5
xgboost,validation_2023_2024,9,0.9432048835778226,0.8333333333333334,36
xgboost,validation_2023_2024,5,0.5696569283803304,0.3333333333333333,3
xgboost,validation_2023_2024,6,0.6459207534790039,0.6,5
xgboost,validation_2023_2024,7,0.7423516511917114,0.5,2
xgboost,validation_2023_2024,8,0.8910340922219413,0.8571428571428571,7
xgboost,validation_2023_2024,9,0.9504239492442379,0.9696969696969697,33
xgboost,validation_2023_2024,5,0.586529016494751,1.0,1
xgboost,validation_2023_2024,6,0.659899964928627,0.75,4
xgboost,validation_2023_2024,7,0.7260525822639465,0.75,4
xgboost,validation_2023_2024,8,0.8775981664657593,0.8888888888888888,9
xgboost,validation_2023_2024,9,0.9421499805626261,0.9375,32
xgboost,validation_2023_2024,5,0.561212400595347,0.3333333333333333,3
xgboost,validation_2023_2024,6,0.6690441767374674,0.8333333333333334,6
xgboost,validation_2023_2024,8,0.8708080649375916,0.8333333333333334,6
xgboost,validation_2023_2024,9,0.946861608207974,0.9142857142857143,35
xgboost,validation_2023_2024,5,0.5645291010538737,0.6666666666666666,3
xgboost,validation_2023_2024,6,0.6337157040834427,0.25,4
xgboost,validation_2023_2024,7,0.7129837274551392,1.0,2
xgboost,validation_2023_2024,8,0.8741775708539146,0.9285714285714286,14
xgboost,validation_2023_2024,9,0.9479125347522439,0.9629629629629629,27
xgboost,validation_2023_2024,5,0.5874550541241964,0.3333333333333333,3
xgboost,validation_2023_2024,6,0.658137043317159,0.5,6
xgboost,validation_2023_2024,8,0.876420592268308,1.0,12
xgboost,validation_2023_2024,9,0.9519174721846074,0.9310344827586207,29
xgboost,validation_2023_2024,5,0.5936170220375061,1.0,2
xgboost,validation_2023_2024,6,0.6382173001766205,0.5,4
xgboost,validation_2023_2024,7,0.7233171860376993,0.6666666666666666,3
xgboost,validation_2023_2024,8,0.865921770532926,0.9166666666666666,12
xgboost,validation_2023_2024,9,0.9510312888240801,0.9310344827586207,29
xgboost,validation_2023_2024,6,0.6408723507608686,0.5714285714285714,7
xgboost,validation_2023_2024,7,0.7791946132977804,0.6666666666666666,3
xgboost,validation_2023_2024,8,0.879144420226415,1.0,12
xgboost,validation_2023_2024,9,0.9495738197766018,0.9642857142857143,28
xgboost,validation_2023_2024,6,0.6559482713540395,0.6666666666666666,6
xgboost,validation_2023_2024,7,0.7146686712900797,0.6666666666666666,3
xgboost,validation_2023_2024,8,0.8665751977400347,1.0,11
xgboost,validation_2023_2024,9,0.9530258045701968,0.9333333333333333,30
xgboost,validation_2023_2024,5,0.5657164454460144,1.0,1
xgboost,validation_2023_2024,6,0.6356007201331002,0.5714285714285714,7
xgboost,validation_2023_2024,7,0.760836124420166,1.0,3
xgboost,validation_2023_2024,8,0.867533877491951,0.75,4
xgboost,validation_2023_2024,9,0.9410698521229869,0.9714285714285714,35
xgboost,validation_2023_2024,5,0.5715495347976685,1.0,2
xgboost,validation_2023_2024,6,0.6580936511357626,0.6666666666666666,6
xgboost,validation_2023_2024,7,0.7733525037765503,1.0,2
xgboost,validation_2023_2024,8,0.8723917841911316,0.9,10
xgboost,validation_2023_2024,9,0.9466046418854382,1.0,30
xgboost,validation_2023_2024,5,0.5978072285652161,0.0,1
xgboost,validation_2023_2024,6,0.6636314749717712,0.8,5
xgboost,validation_2023_2024,7,0.7201247215270996,0.6666666666666666,3
xgboost,validation_2023_2024,8,0.8779491558670998,0.875,8
xgboost,validation_2023_2024,9,0.9422528893756855,0.8484848484848485,33
xgboost,validation_2023_2024,5,0.5882304906845093,1.0,1
xgboost,validation_2023_2024,6,0.6494611203670502,0.75,4
xgboost,validation_2023_2024,7,0.7265661239624024,0.4,5
xgboost,validation_2023_2024,8,0.8746196844361045,0.8181818181818182,11
xgboost,validation_2023_2024,9,0.9487118665626117,0.896551724137931,29
xgboost,validation_2023_2024,5,0.5105882287025452,0.0,2
xgboost,validation_2023_2024,6,0.654464066028595,0.4,5
xgboost,validation_2023_2024,7,0.7451317310333252,1.0,4
xgboost,validation_2023_2024,8,0.8679811581969261,1.0,8
xgboost,validation_2023_2024,9,0.9493830056064347,0.967741935483871,31
xgboost,validation_2023_2024,5,0.5918504595756531,0.0,1
xgboost,validation_2023_2024,6,0.6413303732872009,0.8,5
xgboost,validation_2023_2024,7,0.7376837432384491,0.75,4
xgboost,validation_2023_2024,8,0.8652426302433014,0.875,8
xgboost,validation_2023_2024,9,0.9423590289530146,1.0,32
xgboost,validation_2023_2024,5,0.5949898064136505,0.5,2
xgboost,validation_2023_2024,6,0.6399365266164144,0.3333333333333333,3
xgboost,validation_2023_2024,7,0.7365720719099045,0.5,4
xgboost,validation_2023_2024,8,0.8589668141471015,1.0,9
xgboost,validation_2023_2024,9,0.9495496047762024,0.90625,32
xgboost,validation_2023_2024,6,0.6468428075313568,0.8333333333333334,6
xgboost,validation_2023_2024,7,0.7396561056375504,1.0,4
xgboost,validation_2023_2024,8,0.8762891027662489,1.0,9
xgboost,validation_2023_2024,9,0.9446763209862851,1.0,31
xgboost,validation_2023_2024,6,0.6462488174438477,0.7142857142857143,7
xgboost,validation_2023_2024,7,0.7286797761917114,1.0,2
xgboost,validation_2023_2024,8,0.8688147122209723,0.8181818181818182,11
xgboost,validation_2023_2024,9,0.9488363470741895,1.0,30
xgboost,validation_2023_2024,5,0.597555547952652,0.5,2
xgboost,validation_2023_2024,6,0.6456428050994873,1.0,5
xgboost,validation_2023_2024,7,0.7553925961256027,1.0,4
xgboost,validation_2023_2024,8,0.8645034697320726,1.0,9
xgboost,validation_2023_2024,9,0.946499121795971,0.9,30
xgboost,validation_2023_2024,5,0.5749998092651367,1.0,1
xgboost,validation_2023_2024,6,0.6590974728266398,0.8333333333333334,6
xgboost,validation_2023_2024,7,0.70664381980896,0.0,2
xgboost,validation_2023_2024,8,0.8724538385868073,0.9,10
xgboost,validation_2023_2024,9,0.9441117457909726,0.967741935483871,31
xgboost,validation_2023_2024,6,0.6603927910327911,0.6666666666666666,6
xgboost,validation_2023_2024,7,0.7190513412157694,0.6666666666666666,3
xgboost,validation_2023_2024,8,0.8620716495947405,0.8181818181818182,11
xgboost,validation_2023_2024,9,0.9422442402550366,0.9,30
xgboost,validation_2023_2024,5,0.5800820887088776,1.0,2
xgboost,validation_2023_2024,6,0.6740398526191711,0.2,5
xgboost,validation_2023_2024,7,0.744496762752533,0.5,2
xgboost,validation_2023_2024,8,0.8685265406966209,0.875,8
xgboost,validation_2023_2024,9,0.9457038249128503,0.9090909090909091,33
xgboost,validation_2023_2024,5,0.5949203372001648,0.0,1
xgboost,validation_2023_2024,6,0.6682998339335123,0.6666666666666666,6
xgboost,validation_2023_2024,7,0.7425882369279861,0.5,4
xgboost,validation_2023_2024,8,0.8511385520299276,0.8888888888888888,9
xgboost,validation_2023_2024,9,0.9442840880263633,1.0,30
xgboost,validation_2023_2024,5,0.5967572331428528,0.0,1
xgboost,validation_2023_2024,6,0.6498177562441144,0.5714285714285714,7
xgboost,validation_2023_2024,7,0.7010096311569214,1.0,1
xgboost,validation_2023_2024,8,0.8752302825450897,0.9166666666666666,12
xgboost,validation_2023_2024,9,0.9452687672611749,0.9310344827586207,29
xgboost,validation_2023_2024,5,0.5959199468294779,1.0,3
xgboost,validation_2023_2024,6,0.6492013931274414,0.5,4
xgboost,validation_2023_2024,7,0.7273372411727905,1.0,2
xgboost,validation_2023_2024,8,0.8771618107954661,0.9166666666666666,12
xgboost,validation_2023_2024,9,0.9454608915292793,0.896551724137931,29
xgboost,validation_2023_2024,6,0.6416395221437726,0.42857142857142855,7
xgboost,validation_2023_2024,7,0.7334149479866028,0.5,2
xgboost,validation_2023_2024,8,0.869203582406044,1.0,8
xgboost,validation_2023_2024,9,0.9487926206903735,0.8787878787878788,33
xgboost,validation_2023_2024,5,0.5582574307918549,0.5,2
xgboost,validation_2023_2024,6,0.6537221372127533,0.5,4
xgboost,validation_2023_2024,7,0.7479608853658041,0.6666666666666666,3
xgboost,validation_2023_2024,8,0.878629469871521,0.9,10
xgboost,validation_2023_2024,9,0.943787979128744,1.0,31
xgboost,validation_2023_2024,4,0.49272456765174866,1.0,1
xgboost,validation_2023_2024,5,0.5487024188041687,1.0,1
xgboost,validation_2023_2024,6,0.6592360854148864,0.6,5
xgboost,validation_2023_2024,7,0.7142095565795898,0.5,2
xgboost,validation_2023_2024,8,0.8687440107266108,0.8333333333333334,12
xgboost,validation_2023_2024,9,0.9464534897340564,0.896551724137931,29
xgboost,validation_2023_2024,5,0.5646664798259735,1.0,2
xgboost,validation_2023_2024,6,0.6623695294062296,0.5,6
xgboost,validation_2023_2024,7,0.7126522064208984,1.0,1
xgboost,validation_2023_2024,8,0.8720200136303902,0.875,8
xgboost,validation_2023_2024,9,0.9463558491530552,0.8787878787878788,33
xgboost,validation_2023_2024,5,0.5672491192817688,1.0,2
xgboost,validation_2023_2024,6,0.6512267112731933,0.6,5
xgboost,validation_2023_2024,7,0.726881355047226,0.5,2
xgboost,validation_2023_2024,8,0.8660000681877136,0.8,10
xgboost,validation_2023_2024,9,0.9415876505940948,0.967741935483871,31
xgboost,validation_2023_2024,5,0.5562495787938436,0.6666666666666666,3
xgboost,validation_2023_2024,6,0.6463182717561722,0.75,4
xgboost,validation_2023_2024,7,0.7382566034793854,1.0,2
xgboost,validation_2023_2024,8,0.8803054202686657,0.9090909090909091,11
xgboost,validation_2023_2024,9,0.95062280755329,0.9333333333333333,30
xgboost,validation_2023_2024,6,0.6636281833052635,0.75,8
xgboost,validation_2023_2024,7,0.7055932879447937,1.0,1
xgboost,validation_2023_2024,8,0.8745162010192871,0.8,5
xgboost,validation_2023_2024,9,0.9467432073511007,0.9444444444444444,36
xgboost,validation_2023_2024,5,0.5625385642051697,1.0,3
xgboost,validation_2023_2024,6,0.638029416402181,1.0,3
xgboost,validation_2023_2024,7,0.7257197896639506,0.6666666666666666,3
xgboost,validation_2023_2024,8,0.867625504732132,1.0,12
xgboost,validation_2023_2024,9,0.9530537052512977,0.9655172413793104,29
xgboost,validation_2023_2024,5,0.5854047536849976,0.0,1
xgboost,validation_2023_2024,6,0.6626971761385599,0.8333333333333334,6
xgboost,validation_2023_2024,7,0.7453001439571381,1.0,2
xgboost,validation_2023_2024,8,0.8693546255429586,0.8333333333333334,12
xgboost,validation_2023_2024,9,0.9456587933372615,0.896551724137931,29
xgboost,validation_2023_2024,5,0.5510572493076324,0.5,2
xgboost,validation_2023_2024,6,0.6607808917760849,0.75,4
xgboost,validation_2023_2024,7,0.7038959860801697,0.3333333333333333,3
xgboost,validation_2023_2024,8,0.8711382259022106,0.9090909090909091,11
xgboost,validation_2023_2024,9,0.9494850283969231,1.0,30
xgboost,validation_2023_2024,5,0.5805090069770813,1.0,1
xgboost,validation_2023_2024,6,0.6293790595872062,0.7142857142857143,7
xgboost,validation_2023_2024,7,0.7672566771507263,1.0,3
xgboost,validation_2023_2024,8,0.8652578754858538,0.9090909090909091,11
xgboost,validation_2023_2024,9,0.9443356678005613,0.8928571428571429,28
xgboost,validation_2023_2024,6,0.6610562867588468,0.5555555555555556,9
xgboost,validation_2023_2024,8,0.8617028431458906,0.9090909090909091,11
xgboost,validation_2023_2024,9,0.9527751173683789,0.9333333333333333,30
xgboost,validation_2023_2024,5,0.5469715793927511,1.0,3
xgboost,validation_2023_2024,6,0.662221884727478,0.4,5
xgboost,validation_2023_2024,7,0.7968703508377075,0.0,1
xgboost,validation_2023_2024,8,0.8708595302369859,0.5555555555555556,9
xgboost,validation_2023_2024,9,0.948074084344207,0.96875,32
xgboost,validation_2023_2024,5,0.5895118415355682,0.5,2
xgboost,validation_2023_2024,6,0.6578115969896317,0.75,4
xgboost,validation_2023_2024,7,0.7499244809150696,0.5,4
xgboost,validation_2023_2024,8,0.8658466253961835,0.8571428571428571,7
xgboost,validation_2023_2024,9,0.9490245134639729,0.8787878787878788,33
xgboost,validation_2023_2024,5,0.5759625434875488,0.0,1
xgboost,validation_2023_2024,6,0.6569410681724548,0.8,5
xgboost,validation_2023_2024,7,0.750542958577474,0.3333333333333333,3
xgboost,validation_2023_2024,8,0.8811497807502746,0.8,5
xgboost,validation_2023_2024,9,0.9408196315259393,0.9444444444444444,36
xgboost,validation_2023_2024,6,0.6522844831148783,1.0,6
xgboost,validation_2023_2024,7,0.7386851608753204,0.5,4
xgboost,validation_2023_2024,8,0.8652309558608315,1.0,11
xgboost,validation_2023_2024,9,0.9465695317561038,0.896551724137931,29
xgboost,validation_2023_2024,5,0.5767269730567932,0.3333333333333333,3
xgboost,validation_2023_2024,6,0.6291522781054179,0.3333333333333333,3
xgboost,validation_2023_2024,7,0.7496974766254425,0.75,4
xgboost,validation_2023_2024,8,0.8541925013065338,1.0,10
xgboost,validation_2023_2024,9,0.9465498652168897,0.8333333333333334,30
xgboost,validation_2023_2024,5,0.5874240696430206,0.5,2
xgboost,validation_2023_2024,6,0.6328200399875641,0.5,4
xgboost,validation_2023_2024,7,0.7446542183558146,0.3333333333333333,3
xgboost,validation_2023_2024,8,0.8653893719116846,0.75,12
xgboost,validation_2023_2024,9,0.9491920950195694,1.0,29
xgboost,validation_2023_2024,6,0.6459366977214813,0.5,8
xgboost,validation_2023_2024,7,0.7741950154304504,0.5,2
xgboost,validation_2023_2024,8,0.8692795405021081,0.7692307692307693,13
xgboost,validation_2023_2024,9,0.9473035518889943,0.8888888888888888,27
xgboost,validation_2023_2024,5,0.5368556976318359,1.0,2
xgboost,validation_2023_2024,6,0.6648412227630616,0.8,5
xgboost,validation_2023_2024,7,0.7317941188812256,1.0,2
xgboost,validation_2023_2024,8,0.8668057084083557,0.7,10
xgboost,validation_2023_2024,9,0.9518593786328826,0.967741935483871,31
xgboost,validation_2023_2024,5,0.5845482349395752,0.6666666666666666,3
xgboost,validation_2023_2024,6,0.6409093886613846,0.5,4
xgboost,validation_2023_2024,7,0.7240517437458038,0.5,2
xgboost,validation_2023_2024,8,0.8615951405631171,0.8888888888888888,9
xgboost,validation_2023_2024,9,0.9485364878651488,0.875,32
xgboost,validation_2023_2024,6,0.6451787576079369,0.625,8
xgboost,validation_2023_2024,7,0.7454673051834106,1.0,1
xgboost,validation_2023_2024,8,0.8860736404146466,0.7142857142857143,7
xgboost,validation_2023_2024,9,0.9477867506978079,0.8823529411764706,34
xgboost,validation_2023_2024,3,0.3832998275756836,1.0,1
xgboost,validation_2023_2024,5,0.5696286857128143,1.0,2
xgboost,validation_2023_2024,6,0.6489141434431076,0.25,4
xgboost,validation_2023_2024,7,0.758219987154007,1.0,2
xgboost,validation_2023_2024,8,0.8683371799332755,1.0,7
xgboost,validation_2023_2024,9,0.9414293315576093,0.9411764705882353,34
xgboost,validation_2023_2024,6,0.6694397330284119,0.5714285714285714,7
xgboost,validation_2023_2024,7,0.7382066051165262,0.6666666666666666,3
xgboost,validation_2023_2024,8,0.8724014709393183,0.9166666666666666,12
xgboost,validation_2023_2024,9,0.9475362605398028,0.9285714285714286,28
xgboost,validation_2023_2024,5,0.5953915417194366,1.0,2
xgboost,validation_2023_2024,6,0.6521327346563339,0.25,4
xgboost,validation_2023_2024,7,0.757939080397288,1.0,3
xgboost,validation_2023_2024,8,0.8652953164918082,1.0,14
xgboost,validation_2023_2024,9,0.9511334946982052,0.9629629629629629,27
xgboost,validation_2023_2024,5,0.5711429715156555,1.0,1
xgboost,validation_2023_2024,6,0.6390965680281321,0.6666666666666666,6
xgboost,validation_2023_2024,7,0.7444525758425394,0.6666666666666666,3
xgboost,validation_2023_2024,8,0.8636301577091217,1.0,10
xgboost,validation_2023_2024,9,0.9432373847672132,0.9333333333333333,30
xgboost,validation_2023_2024,5,0.5781761010487875,1.0,3
xgboost,validation_2023_2024,6,0.6241324543952942,0.6666666666666666,3
xgboost,validation_2023_2024,7,0.7311868866284689,0.6666666666666666,3
xgboost,validation_2023_2024,8,0.8779608673519559,0.8888888888888888,9
xgboost,validation_2023_2024,9,0.9411082236197579,0.90625,32
xgboost,validation_2023_2024,5,0.5236895084381104,1.0,1
xgboost,validation_2023_2024,6,0.674829880396525,0.5,6
xgboost,validation_2023_2024,7,0.743395209312439,0.6666666666666666,3
xgboost,validation_2023_2024,8,0.8706800209151374,0.8888888888888888,9
xgboost,validation_2023_2024,9,0.9488502516005104,0.8709677419354839,31
xgboost,validation_2023_2024,4,0.4017954468727112,1.0,1
xgboost,validation_2023_2024,5,0.5403597950935364,1.0,1
xgboost,validation_2023_2024,6,0.6589729428291321,0.6,5
xgboost,validation_2023_2024,7,0.7166069149971008,0.0,2
xgboost,validation_2023_2024,8,0.8673755526542664,1.0,11
xgboost,validation_2023_2024,9,0.9479134923327751,0.9333333333333333,30
xgboost,validation_2023_2024,5,0.5565930604934692,1.0,1
xgboost,validation_2023_2024,6,0.6603876948356628,0.5714285714285714,7
xgboost,validation_2023_2024,7,0.7638781666755676,1.0,2
xgboost,validation_2023_2024,8,0.8683415991919381,1.0,7
xgboost,validation_2023_2024,9,0.9502656140208955,0.9393939393939394,33
xgboost,validation_2023_2024,5,0.5764114856719971,1.0,1
xgboost,validation_2023_2024,6,0.6443041086196899,0.8,5
xgboost,validation_2023_2024,7,0.7219114700953165,0.3333333333333333,3
xgboost,validation_2023_2024,8,0.8635082006454468,0.7,10
xgboost,validation_2023_2024,9,0.9472804748347485,0.9032258064516129,31
xgboost,validation_2023_2024,5,0.5689890583356222,0.6666666666666666,3
xgboost,validation_2023_2024,6,0.6647393008073171,0.6666666666666666,6
xgboost,validation_2023_2024,8,0.8704671462376913,0.8333333333333334,6
xgboost,validation_2023_2024,9,0.9442927655244544,0.8857142857142857,35
xgboost,validation_2023_2024,5,0.5279884934425354,1.0,1
xgboost,validation_2023_2024,6,0.6453896363576254,0.6666666666666666,6
xgboost,validation_2023_2024,7,0.7473756273587545,0.3333333333333333,3
xgboost,validation_2023_2024,8,0.8702142509547147,0.9090909090909091,11
xgboost,validation_2023_2024,9,0.9483205271290075,0.8620689655172413,29
xgboost,validation_2023_2024,5,0.5666749179363251,1.0,2
xgboost,validation_2023_2024,6,0.6666510105133057,0.6666666666666666,3
xgboost,validation_2023_2024,7,0.7378318309783936,0.75,4
xgboost,validation_2023_2024,8,0.8804387375712395,1.0,8
xgboost,validation_2023_2024,9,0.9473608611306266,0.9696969696969697,33
xgboost,validation_2023_2024,5,0.5697914242744446,0.8,5
xgboost,validation_2023_2024,7,0.72572161257267,0.5,4
xgboost,validation_2023_2024,8,0.8718322336673736,0.7,10
xgboost,validation_2023_2024,9,0.9459748274000217,0.9032258064516129,31
xgboost,validation_2023_2024,6,0.6532373189926147,0.8,5
xgboost,validation_2023_2024,7,0.7237102627754212,0.4,5
xgboost,validation_2023_2024,8,0.8633976976076762,1.0,6
xgboost,validation_2023_2024,9,0.9529807888505026,0.9705882352941176,34
xgboost,validation_2023_2024,5,0.5572850704193115,1.0,1
xgboost,validation_2023_2024,6,0.6611761450767517,0.6666666666666666,6
xgboost,validation_2023_2024,7,0.7144122421741486,0.5,2
xgboost,validation_2023_2024,8,0.8753159642219543,1.0,8
xgboost,validation_2023_2024,9,0.9418545280540339,0.9696969696969697,33
xgboost,validation_2023_2024,5,0.5578082203865051,1.0,3
xgboost,validation_2023_2024,6,0.6809433341026306,0.6,5
xgboost,validation_2023_2024,7,0.7307564914226532,0.5,2
xgboost,validation_2023_2024,8,0.8716397285461426,1.0,7
xgboost,validation_2023_2024,9,0.9386760995341781,0.9090909090909091,33
xgboost,validation_2023_2024,6,0.6562105587550572,0.5714285714285714,7
xgboost,validation_2023_2024,7,0.756431778271993,1.0,3
xgboost,validation_2023_2024,8,0.8846177458763123,1.0,7
xgboost,validation_2023_2024,9,0.9472963147189388,0.9090909090909091,33
xgboost,validation_2023_2024,5,0.5233344435691833,1.0,1
xgboost,validation_2023_2024,6,0.6452862819035848,0.5,6
xgboost,validation_2023_2024,7,0.7450674623250961,1.0,4
xgboost,validation_2023_2024,8,0.8710895379384359,1.0,6
xgboost,validation_2023_2024,9,0.9460929655765753,0.9090909090909091,33
xgboost,validation_2023_2024,5,0.5587961971759796,1.0,2
xgboost,validation_2023_2024,6,0.672006368637085,0.5,4
xgboost,validation_2023_2024,7,0.7516917785008749,0.0,3
xgboost,validation_2023_2024,8,0.8762287605892528,0.9090909090909091,11
xgboost,validation_2023_2024,9,0.9465280022331861,0.7666666666666667,30
xgboost,validation_2023_2024,4,0.4989197850227356,0.0,1
xgboost,validation_2023_2024,5,0.5590792298316956,1.0,2
xgboost,validation_2023_2024,6,0.6695080598195394,0.3333333333333333,3
xgboost,validation_2023_2024,7,0.7228245735168457,1.0,3
xgboost,validation_2023_2024,8,0.8722539901733398,1.0,10
xgboost,validation_2023_2024,9,0.9490633055191643,0.8709677419354839,31
xgboost,validation_2023_2024,5,0.5734776854515076,1.0,3
xgboost,validation_2023_2024,6,0.6564942598342896,0.75,4
xgboost,validation_2023_2024,7,0.7450894117355347,1.0,1
xgboost,validation_2023_2024,8,0.8611447352629441,1.0,13
xgboost,validation_2023_2024,9,0.9511049519436922,0.9655172413793104,29
xgboost,validation_2023_2024,6,0.6512594123681387,0.8333333333333334,6
xgboost,validation_2023_2024,7,0.7193915247917175,0.3333333333333333,3
xgboost,validation_2023_2024,8,0.8661214974191453,0.8888888888888888,9
xgboost,validation_2023_2024,9,0.943348328220545,0.96875,32
xgboost,validation_2023_2024,5,0.5963630974292755,1.0,2
xgboost,validation_2023_2024,6,0.6450934708118439,0.5,4
xgboost,validation_2023_2024,7,0.7370633880297343,0.6666666666666666,3
xgboost,validation_2023_2024,8,0.8638440039422777,0.8888888888888888,9
xgboost,validation_2023_2024,9,0.946082303869425,0.875,32
xgboost,validation_2023_2024,4,0.4775726795196533,1.0,1
xgboost,validation_2023_2024,5,0.5689368645350138,1.0,3
xgboost,validation_2023_2024,6,0.633636087179184,0.5,4
xgboost,validation_2023_2024,7,0.786413162946701,1.0,2
xgboost,validation_2023_2024,8,0.873614165518019,0.8888888888888888,9
xgboost,validation_2023_2024,9,0.9470380877399432,0.967741935483871,31
xgboost,validation_2023_2024,6,0.6425160268942515,0.5,6
xgboost,validation_2023_2024,7,0.7331878542900085,0.5,4
xgboost,validation_2023_2024,8,0.8697453737258911,0.8888888888888888,9
xgboost,validation_2023_2024,9,0.9497603779943515,0.8709677419354839,31
xgboost,validation_2023_2024,6,0.6626793816685677,0.75,8
xgboost,validation_2023_2024,7,0.7808738946914673,1.0,2
xgboost,validation_2023_2024,8,0.8616887331008911,1.0,5
xgboost,validation_2023_2024,9,0.9493545826936438,0.8857142857142857,35
xgboost,validation_2023_2024,5,0.5722142457962036,1.0,2
xgboost,validation_2023_2024,6,0.6743553727865219,0.5,4
xgboost,validation_2023_2024,7,0.7587772607803345,0.4,5
xgboost,validation_2023_2024,8,0.8824090820092422,0.8461538461538461,13
xgboost,validation_2023_2024,9,0.9492719409682185,0.9615384615384616,26
xgboost,validation_2023_2024,5,0.5690165162086487,1.0,1
xgboost,validation_2023_2024,6,0.6719207167625427,1.0,6
xgboost,validation_2023_2024,7,0.7227886617183685,0.0,2
xgboost,validation_2023_2024,8,0.8650184141265022,1.0,9
xgboost,validation_2023_2024,9,0.9464712763306486,1.0,32
xgboost,validation_2023_2024,5,0.5488905906677246,0.0,1
xgboost,validation_2023_2024,6,0.639065957069397,0.8,5
xgboost,validation_2023_2024,7,0.7218056519826254,0.3333333333333333,3
xgboost,validation_2023_2024,8,0.8704134481293815,1.0,7
xgboost,validation_2023_2024,9,0.94090114675101,0.9411764705882353,34
xgboost,validation_2023_2024,6,0.6684604287147522,0.7142857142857143,7
xgboost,validation_2023_2024,7,0.7284694463014603,0.5,4
xgboost,validation_2023_2024,8,0.8720124363899231,1.0,9
xgboost,validation_2023_2024,9,0.9469419525175081,0.9666666666666667,30
xgboost,validation_2023_2024,5,0.5728341341018677,0.0,1
xgboost,validation_2023_2024,6,0.6479315956433614,0.3333333333333333,6
xgboost,validation_2023_2024,7,0.7268112003803253,0.5,2
xgboost,validation_2023_2024,8,0.8746188879013062,0.7777777777777778,9
xgboost,validation_2023_2024,9,0.9478775156763184,0.90625,32
xgboost,validation_2023_2024,5,0.5755319148302078,0.75,4
xgboost,validation_2023_2024,6,0.6728363335132599,0.75,4
xgboost,validation_2023_2024,7,0.704389750957489,1.0,1
xgboost,validation_2023_2024,8,0.8727741307682462,0.7777777777777778,9
xgboost,validation_2023_2024,9,0.9450702691552031,0.875,32
xgboost,validation_2023_2024,5,0.598262369632721,1.0,1
xgboost,validation_2023_2024,6,0.6602686941623688,0.75,4
xgboost,validation_2023_2024,7,0.7509652574857076,0.3333333333333333,3
xgboost,validation_2023_2024,8,0.8727973374453458,0.9090909090909091,11
xgboost,validation_2023_2024,9,0.9475698111623321,0.9032258064516129,31
xgboost,validation_2023_2024,6,0.6487017571926117,0.6666666666666666,6
xgboost,validation_2023_2024,7,0.7227543145418167,0.5,4
xgboost,validation_2023_2024,8,0.8566747963428497,0.8,10
xgboost,validation_2023_2024,9,0.9451296077280031,0.9666666666666667,30
xgboost,validation_2023_2024,5,0.5890238285064697,1.0,1
xgboost,validation_2023_2024,6,0.6419462084770202,0.8,5
xgboost,validation_2023_2024,7,0.718715230623881,0.3333333333333333,3
xgboost,validation_2023_2024,8,0.8652481436729431,1.0,8
xgboost,validation_2023_2024,9,0.947573342658244,0.9090909090909091,33
xgboost,validation_2023_2024,6,0.62505754083395,0.625,8
xgboost,validation_2023_2024,7,0.736741840839386,1.0,1
xgboost,validation_2023_2024,8,0.8647265210747719,0.875,16
xgboost,validation_2023_2024,9,0.9466018207202896,0.8,25
xgboost,validation_2023_2024,5,0.5234946012496948,1.0,1
xgboost,validation_2023_2024,6,0.6240694165229798,0.6,5
xgboost,validation_2023_2024,7,0.7728408177693685,0.6666666666666666,3
xgboost,validation_2023_2024,8,0.8799373358488083,0.9166666666666666,12
xgboost,validation_2023_2024,9,0.9536898224630014,0.9655172413793104,29
xgboost,validation_2023_2024,6,0.6320561289787292,0.6,5
xgboost,validation_2023_2024,7,0.7232548296451569,0.75,4
xgboost,validation_2023_2024,8,0.8627475425601006,1.0,8
xgboost,validation_2023_2024,9,0.9452814736247773,0.8787878787878788,33
xgboost,validation_2023_2024,5,0.5544006029764811,0.3333333333333333,3
xgboost,validation_2023_2024,6,0.6612761914730072,0.5,4
xgboost,validation_2023_2024,7,0.7440209984779358,1.0,3
xgboost,validation_2023_2024,8,0.8598812114108693,0.9090909090909091,11
xgboost,validation_2023_2024,9,0.9516423556423174,0.9310344827586207,29
xgboost,validation_2023_2024,5,0.5636481642723083,1.0,1
xgboost,validation_2023_2024,6,0.6391166874340602,0.5714285714285714,7
xgboost,validation_2023_2024,7,0.724172830581665,1.0,1
xgboost,validation_2023_2024,8,0.8581308424472809,1.0,8
xgboost,validation_2023_2024,9,0.9549257056377861,0.8787878787878788,33
xgboost,validation_2023_2024,5,0.5675711035728455,1.0,1
xgboost,validation_2023_2024,6,0.6524342000484467,0.6666666666666666,6
xgboost,validation_2023_2024,7,0.72459676861763,0.0,2
xgboost,validation_2023_2024,8,0.8652698728773329,1.0,9
xgboost,validation_2023_2024,9,0.9438144197788823,0.9375,32
xgboost,validation_2023_2024,5,0.5982529520988464,0.0,1
xgboost,validation_2023_2024,6,0.6499219387769699,0.75,4
xgboost,validation_2023_2024,7,0.7330173134803772,0.6,5
xgboost,validation_2023_2024,8,0.8769026483808245,1.0,7
xgboost,validation_2023_2024,9,0.9480781181390346,0.9696969696969697,33
xgboost,validation_2023_2024,5,0.5696758031845093,0.6666666666666666,3
xgboost,validation_2023_2024,6,0.6590448915958405,0.75,4
xgboost,validation_2023_2024,7,0.7840007742245992,0.6666666666666666,3
xgboost,validation_2023_2024,8,0.868225542938008,0.9411764705882353,17
xgboost,validation_2023_2024,9,0.9555090906968308,0.9130434782608695,23
xgboost,validation_2023_2024,5,0.5734955271085104,0.3333333333333333,3
xgboost,validation_2023_2024,6,0.6682758033275604,0.75,4
xgboost,validation_2023_2024,7,0.7799088756243387,1.0,3
xgboost,validation_2023_2024,8,0.870831569035848,0.8888888888888888,9
xgboost,validation_2023_2024,9,0.940206276419546,0.8709677419354839,31
xgboost,validation_2023_2024,5,0.5532702505588531,0.5,2
xgboost,validation_2023_2024,6,0.6439660290877024,0.8333333333333334,6
xgboost,validation_2023_2024,7,0.7482945919036865,1.0,2
xgboost,validation_2023_2024,8,0.8619765564799309,1.0,8
xgboost,validation_2023_2024,9,0.9474523222175228,0.8125,32
xgboost,validation_2023_2024,4,0.4798262119293213,1.0,1
xgboost,validation_2023_2024,5,0.5524013638496399,0.5,2
xgboost,validation_2023_2024,6,0.6453554332256317,0.5,2
xgboost,validation_2023_2024,7,0.7495429317156473,0.8333333333333334,6
xgboost,validation_2023_2024,8,0.858742806646559,0.8888888888888888,9
xgboost,validation_2023_2024,9,0.9567402865597394,1.0,30
xgboost,validation_2023_2024,4,0.4446410536766052,0.0,1
xgboost,validation_2023_2024,6,0.6674353003501892,0.8,5
xgboost,validation_2023_2024,7,0.7529592116673788,0.6666666666666666,3
xgboost,validation_2023_2024,8,0.8776491165161133,1.0,5
xgboost,validation_2023_2024,9,0.9476004214840454,0.9444444444444444,36
xgboost,validation_2023_2024,5,0.5940178036689758,1.0,1
xgboost,validation_2023_2024,6,0.643906166156133,0.8333333333333334,6
xgboost,validation_2023_2024,7,0.7201591730117798,0.5,2
xgboost,validation_2023_2024,8,0.8695310413837433,1.0,10
xgboost,validation_2023_2024,9,0.9480762333743791,0.967741935483871,31
xgboost,validation_2023_2024,5,0.5722112059593201,0.5,2
xgboost,validation_2023_2024,6,0.6588805317878723,0.5,4
xgboost,validation_2023_2024,7,0.7458485126495361,0.8,5
xgboost,validation_2023_2024,8,0.8676929175853729,1.0,6
xgboost,validation_2023_2024,9,0.9487278033484823,0.9393939393939394,33
xgboost,validation_2023_2024,6,0.6369583521570478,0.7142857142857143,7
xgboost,validation_2023_2024,7,0.7421181201934814,0.5,2
xgboost,validation_2023_2024,8,0.8808868378400803,0.9166666666666666,12
xgboost,validation_2023_2024,9,0.9448309752559648,0.9310344827586207,29
xgboost,validation_2023_2024,5,0.5989325046539307,1.0,1
xgboost,validation_2023_2024,6,0.6318632960319519,0.5714285714285714,7
xgboost,validation_2023_2024,7,0.7489337921142578,1.0,1
xgboost,validation_2023_2024,8,0.8700658679008484,0.875,8
xgboost,validation_2023_2024,9,0.9410027144631461,0.9696969696969697,33
xgboost,validation_2023_2024,5,0.5773364305496216,0.5,2
xgboost,validation_2023_2024,6,0.6793835639953614,0.6,5
xgboost,validation_2023_2024,7,0.7532965739568075,0.6666666666666666,3
xgboost,validation_2023_2024,8,0.8688457806905111,0.8333333333333334,6
xgboost,validation_2023_2024,9,0.9445803556467494,0.9117647058823529,34
xgboost,validation_2023_2024,5,0.5824324786663055,0.5,2
xgboost,validation_2023_2024,6,0.649622306227684,0.75,4
xgboost,validation_2023_2024,7,0.7195053299268087,1.0,3
xgboost,validation_2023_2024,8,0.8720817310469491,0.8571428571428571,14
xgboost,validation_2023_2024,9,0.9500186538374851,0.9629629629629629,27
xgboost,validation_2023_2024,6,0.6700118631124496,0.75,8
xgboost,validation_2023_2024,7,0.7197906970977783,0.0,1
xgboost,validation_2023_2024,8,0.8767504041845148,0.9090909090909091,11
xgboost,validation_2023_2024,9,0.9494445230671552,1.0,30
xgboost,validation_2023_2024,6,0.6599352359771729,0.5714285714285714,7
xgboost,validation_2023_2024,7,0.7318771779537201,1.0,2
xgboost,validation_2023_2024,8,0.8634910956025124,0.75,8
xgboost,validation_2023_2024,9,0.9434577864326119,1.0,33
xgboost,validation_2023_2024,5,0.5931008458137512,1.0,1
xgboost,validation_2023_2024,6,0.6297487531389508,0.8571428571428571,7
xgboost,validation_2023_2024,7,0.7362443208694458,0.0,1
xgboost,validation_2023_2024,8,0.8791124688254462,0.8888888888888888,9
xgboost,validation_2023_2024,9,0.952732401537596,0.9375,32
xgboost,validation_2023_2024,5,0.5474496483802795,1.0,1
xgboost,validation_2023_2024,6,0.6425773998101553,0.3333333333333333,6
xgboost,validation_2023_2024,7,0.7230702936649323,1.0,2
xgboost,validation_2023_2024,8,0.8751837511857351,0.8333333333333334,12
xgboost,validation_2023_2024,9,0.9428971580502069,0.9655172413793104,29
xgboost,validation_2023_2024,6,0.653703473508358,0.5,8
xgboost,validation_2023_2024,7,0.7372815608978271,1.0,1
xgboost,validation_2023_2024,8,0.867579617283561,0.8181818181818182,11
xgboost,validation_2023_2024,9,0.9435804134715385,0.9333333333333333,30
xgboost,validation_2023_2024,5,0.5204597115516663,0.0,1
xgboost,validation_2023_2024,6,0.6649453938007355,0.75,4
xgboost,validation_2023_2024,7,0.7311168074607849,0.6,5
xgboost,validation_2023_2024,8,0.8681787848472595,0.8571428571428571,7
xgboost,validation_2023_2024,9,0.9419958705350113,0.9696969696969697,33
xgboost,validation_2023_2024,5,0.5854743123054504,1.0,2
xgboost,validation_2023_2024,6,0.6708539247512817,0.8,5
xgboost,validation_2023_2024,7,0.7263840436935425,0.5,2
xgboost,validation_2023_2024,8,0.8825279365886342,0.8181818181818182,11
xgboost,validation_2023_2024,9,0.9411784794041302,1.0,30
xgboost,validation_2023_2024,5,0.5117344260215759,1.0,1
xgboost,validation_2023_2024,6,0.648411492506663,0.8333333333333334,6
xgboost,validation_2023_2024,7,0.720473051071167,0.0,2
xgboost,validation_2023_2024,8,0.8682479858398438,0.875,8
xgboost,validation_2023_2024,9,0.9434526622393625,0.9090909090909091,33
xgboost,validation_2023_2024,5,0.5880230963230133,0.5,2
xgboost,validation_2023_2024,6,0.6508720070123672,0.75,4
xgboost,validation_2023_2024,7,0.7306722601254781,0.3333333333333333,3
xgboost,validation_2023_2024,8,0.874695748090744,0.875,8
xgboost,validation_2023_2024,9,0.9454000525500545,0.9393939393939394,33
xgboost,validation_2023_2024,4,0.4890398383140564,1.0,1
xgboost,validation_2023_2024,6,0.650025623185294,0.5714285714285714,7
xgboost,validation_2023_2024,7,0.7480226755142212,1.0,2
xgboost,validation_2023_2024,8,0.8695466262953622,1.0,7
xgboost,validation_2023_2024,9,0.9468286223582054,0.9090909090909091,33
xgboost,validation_2023_2024,5,0.5188713073730469,1.0,1
xgboost,validation_2023_2024,6,0.644289207458496,0.8,5
xgboost,validation_2023_2024,7,0.7312859892845154,0.0,2
xgboost,validation_2023_2024,8,0.8566074636247423,1.0,9
xgboost,validation_2023_2024,9,0.946430145439667,0.9090909090909091,33
xgboost,validation_2023_2024,5,0.5870527923107147,1.0,2
xgboost,validation_2023_2024,6,0.6684457510709763,1.0,4
xgboost,validation_2023_2024,7,0.7491854280233383,0.5,4
xgboost,validation_2023_2024,8,0.8595589465565152,0.6666666666666666,9
xgboost,validation_2023_2024,9,0.9434777465663405,0.9354838709677419,31
xgboost,validation_2023_2024,4,0.433056116104126,1.0,1
xgboost,validation_2023_2024,5,0.5817864835262299,0.0,2
xgboost,validation_2023_2024,6,0.6379302342732748,0.6666666666666666,3
xgboost,validation_2023_2024,7,0.7398598988850912,0.6666666666666666,3
xgboost,validation_2023_2024,8,0.8596316235406058,1.0,7
xgboost,validation_2023_2024,9,0.9403272486880235,0.9705882352941176,34
xgboost,validation_2023_2024,5,0.5594857335090637,1.0,2
xgboost,validation_2023_2024,6,0.655513482434409,0.7142857142857143,7
xgboost,validation_2023_2024,8,0.8808129012584687,0.9,10
xgboost,validation_2023_2024,9,0.9508394393333299,0.9354838709677419,31
xgboost,validation_2023_2024,5,0.5866273840268453,0.6666666666666666,3
xgboost,validation_2023_2024,6,0.6682637929916382,0.6666666666666666,6
xgboost,validation_2023_2024,8,0.8703778311610222,0.875,8
xgboost,validation_2023_2024,9,0.9479576806325611,0.9090909090909091,33
xgboost,validation_2023_2024,6,0.6485222652554512,0.5,8
xgboost,validation_2023_2024,7,0.7265907526016235,1.0,1
xgboost,validation_2023_2024,8,0.8803815586226327,1.0,7
xgboost,validation_2023_2024,9,0.9462235049385171,0.9411764705882353,34
xgboost,validation_2023_2024,6,0.6604091269629342,0.42857142857142855,7
xgboost,validation_2023_2024,7,0.713750571012497,1.0,2
xgboost,validation_2023_2024,8,0.8797245621681213,0.75,12
xgboost,validation_2023_2024,9,0.9432903760577879,0.896551724137931,29
xgboost,validation_2023_2024,5,0.5083405375480652,1.0,1
xgboost,validation_2023_2024,6,0.6542113900184632,0.6,5
xgboost,validation_2023_2024,7,0.7329076727231344,0.6666666666666666,3
xgboost,validation_2023_2024,8,0.8631191651026408,1.0,9
xgboost,validation_2023_2024,9,0.9464393859830487,0.875,32
xgboost,validation_2023_2024,5,0.5455485880374908,0.75,4
xgboost,validation_2023_2024,6,0.676079273223877,0.6666666666666666,3
xgboost,validation_2023_2024,7,0.7583680351575216,0.0,3
xgboost,validation_2023_2024,8,0.8555077711741129,1.0,6
xgboost,validation_2023_2024,9,0.9476999277673037,0.8823529411764706,34
xgboost,validation_2023_2024,5,0.5763362944126129,0.5,2
xgboost,validation_2023_2024,6,0.6406086938721793,0.7142857142857143,7
xgboost,validation_2023_2024,8,0.854329217563976,1.0,11
xgboost,validation_2023_2024,9,0.9490435765295016,0.9666666666666667,30
xgboost,validation_2023_2024,5,0.5894010861714681,0.6666666666666666,3
xgboost,validation_2023_2024,6,0.6786995530128479,0.3333333333333333,3
xgboost,validation_2023_2024,7,0.719643215338389,0.6666666666666666,3
xgboost,validation_2023_2024,8,0.8658042848110199,0.9166666666666666,12
xgboost,validation_2023_2024,9,0.9415036220086841,0.9310344827586207,29
xgboost,validation_2023_2024,5,0.5834455887476603,0.3333333333333333,3
xgboost,validation_2023_2024,6,0.6615931749343872,0.6,5
xgboost,validation_2023_2024,7,0.7316883206367493,1.0,1
xgboost,validation_2023_2024,8,0.872220461567243,1.0,12
xgboost,validation_2023_2024,9,0.9467086901036611,0.9655172413793104,29
xgboost,validation_2023_2024,5,0.5935304760932922,1.0,1
xgboost,validation_2023_2024,6,0.6510409712791443,0.625,8
xgboost,validation_2023_2024,8,0.8720321878790855,1.0,8
xgboost,validation_2023_2024,9,0.9477190597589077,0.8787878787878788,33
xgboost,validation_2023_2024,4,0.4108060896396637,0.0,1
xgboost,validation_2023_2024,6,0.6502571403980255,0.8333333333333334,6
xgboost,validation_2023_2024,7,0.7755364924669266,0.5,4
xgboost,validation_2023_2024,8,0.8692357778549195,0.9,10
xgboost,validation_2023_2024,9,0.9500112478187153,0.9310344827586207,29
xgboost,validation_2023_2024,5,0.5707133809725443,1.0,3
xgboost,validation_2023_2024,6,0.636455774307251,1.0,3
xgboost,validation_2023_2024,7,0.7454652786254883,0.3333333333333333,3
xgboost,validation_2023_2024,8,0.875876678360833,0.8888888888888888,9
xgboost,validation_2023_2024,9,0.9490963002768147,0.96875,32
xgboost,validation_2023_2024,5,0.5658648014068604,1.0,1
xgboost,validation_2023_2024,6,0.6400321006774903,0.8,5
xgboost,validation_2023_2024,7,0.7535526752471924,0.0,3
xgboost,validation_2023_2024,8,0.8774797753854231,1.0,11
xgboost,validation_2023_2024,9,0.9461016084858563,0.9,30
xgboost,validation_2023_2024,4,0.4529034495353699,1.0,1
xgboost,validation_2023_2024,5,0.5419318079948425,1.0,1
xgboost,validation_2023_2024,6,0.6525306552648544,0.75,4
xgboost,validation_2023_2024,7,0.7112328807512919,0.6666666666666666,3
xgboost,validation_2023_2024,8,0.8725431561470032,0.7777777777777778,9
xgboost,validation_2023_2024,9,0.9447155432876932,0.96875,32
xgboost,validation_2023_2024,6,0.6216375430425009,0.6666666666666666,6
xgboost,validation_2023_2024,7,0.7244457403818766,1.0,3
xgboost,validation_2023_2024,8,0.8849297165870667,0.5,2
xgboost,validation_2023_2024,9,0.9434673210068228,0.8974358974358975,39
xgboost,validation_2023_2024,4,0.4661439061164856,1.0,1
xgboost,validation_2023_2024,5,0.5648790597915649,0.0,1
xgboost,validation_2023_2024,6,0.6560504317283631,0.6,5
xgboost,validation_2023_2024,7,0.7413731416066488,0.3333333333333333,3
xgboost,validation_2023_2024,8,0.8543381452560425,1.0,5
xgboost,validation_2023_2024,9,0.9419273109188069,0.9428571428571428,35
xgboost,validation_2023_2024,5,0.562640368938446,0.0,1
xgboost,validation_2023_2024,6,0.6464085578918457,1.0,5
xgboost,validation_2023_2024,7,0.7413533131281534,1.0,3
xgboost,validation_2023_2024,8,0.8645463387171427,0.8888888888888888,9
xgboost,validation_2023_2024,9,0.9459358962354052,0.9375,32
xgboost,validation_2023_2024,6,0.6525431275367737,0.6666666666666666,6
xgboost,validation_2023_2024,7,0.726775328318278,0.3333333333333333,3
xgboost,validation_2023_2024,8,0.8652893033894625,1.0,11
xgboost,validation_2023_2024,9,0.9423610633719749,0.9333333333333333,30
xgboost,validation_2023_2024,5,0.5015597343444824,1.0,1
xgboost,validation_2023_2024,6,0.6767146757670811,0.5714285714285714,7
xgboost,validation_2023_2024,7,0.7258327007293701,1.0,1
xgboost,validation_2023_2024,8,0.8754921013658697,0.9090909090909091,11
xgboost,validation_2023_2024,9,0.9501215603062299,0.9333333333333333,30
xgboost,validation_2023_2024,5,0.5861228108406067,1.0,1
xgboost,validation_2023_2024,6,0.6340779860814413,0.8333333333333334,6
xgboost,validation_2023_2024,7,0.7111460566520691,0.0,1
xgboost,validation_2023_2024,8,0.8657692202499935,0.9285714285714286,14
xgboost,validation_2023_2024,9,0.9495782134904166,0.9285714285714286,28
xgboost,validation_2023_2024,5,0.5911979079246521,0.6666666666666666,3
xgboost,validation_2023_2024,6,0.6768182218074799,0.5,4
xgboost,validation_2023_2024,7,0.7333079278469086,0.5,2
xgboost,validation_2023_2024,8,0.8739752428872245,0.7142857142857143,7
xgboost,validation_2023_2024,9,0.9489843394921796,1.0,34
xgboost,validation_2023_2024,5,0.56166872382164,1.0,2
xgboost,validation_2023_2024,6,0.6330779194831848,0.5714285714285714,7
xgboost,validation_2023_2024,8,0.8822090029716492,0.8333333333333334,12
xgboost,validation_2023_2024,9,0.9443273324502734,0.9655172413793104,29
xgboost,validation_2023_2024,5,0.5902253091335297,0.5,2
xgboost,validation_2023_2024,6,0.6575573881467184,0.6666666666666666,6
xgboost,validation_2023_2024,7,0.7147797346115112,0.0,1
xgboost,validation_2023_2024,8,0.8610242083668709,1.0,8
xgboost,validation_2023_2024,9,0.9401471674540537,0.9393939393939394,33
xgboost,validation_2023_2024,5,0.5250948667526245,1.0,1
xgboost,validation_2023_2024,6,0.6523205808230809,0.8571428571428571,7
xgboost,validation_2023_2024,7,0.735267162322998,1.0,1
xgboost,validation_2023_2024,8,0.8585506856441498,0.8,10
xgboost,validation_2023_2024,9,0.9424067318544068,0.9354838709677419,31
xgboost,validation_2023_2024,5,0.5811140338579813,0.6666666666666666,3
xgboost,validation_2023_2024,6,0.6640816926956177,0.5,4
xgboost,validation_2023_2024,7,0.7637472152709961,1.0,3
xgboost,validation_2023_2024,8,0.8749425357038324,0.9090909090909091,11
xgboost,validation_2023_2024,9,0.9528381604684619,0.9310344827586207,29
xgboost,validation_2023_2024,6,0.6494891728673663,0.42857142857142855,7
xgboost,validation_2023_2024,7,0.74965367714564,0.6666666666666666,3
xgboost,validation_2023_2024,8,0.8795156419277191,1.0,10
xgboost,validation_2023_2024,9,0.9369728630889244,0.8,30
xgboost,validation_2023_2024,5,0.5567393898963928,0.0,1
xgboost,validation_2023_2024,6,0.6739222577639988,0.8571428571428571,7
xgboost,validation_2023_2024,7,0.7046794295310974,1.0,1
xgboost,validation_2023_2024,8,0.8731241345405578,0.7,10
xgboost,validation_2023_2024,9,0.9472829340070281,1.0,31
xgboost,validation_2023_2024,5,0.5684439837932587,0.25,4
xgboost,validation_2023_2024,6,0.6442853510379791,0.75,4
xgboost,validation_2023_2024,7,0.7774789333343506,1.0,1
xgboost,validation_2023_2024,8,0.8567513773838679,0.9166666666666666,12
xgboost,validation_2023_2024,9,0.9517057441543697,0.9310344827586207,29
xgboost,validation_2023_2024,5,0.5418456395467123,0.3333333333333333,3
xgboost,validation_2023_2024,6,0.6661480665206909,0.6666666666666666,3
xgboost,validation_2023_2024,7,0.7329492171605428,0.6666666666666666,3
xgboost,validation_2023_2024,8,0.8524051681160927,0.75,8
xgboost,validation_2023_2024,9,0.9435305781534935,0.9696969696969697,33
xgboost,validation_2023_2024,5,0.5614686608314514,0.0,2
xgboost,validation_2023_2024,6,0.6643542170524597,0.8,5
xgboost,validation_2023_2024,7,0.7369766036669413,0.0,3
xgboost,validation_2023_2024,8,0.8604979276657104,0.8,5
xgboost,validation_2023_2024,9,0.9420772881259907,0.9142857142857143,35
xgboost,validation_2023_2024,5,0.5088537037372589,0.5,2
xgboost,validation_2023_2024,6,0.6675200313329697,0.5,4
xgboost,validation_2023_2024,7,0.74894251426061,0.6666666666666666,3
xgboost,validation_2023_2024,8,0.869097725911574,0.7272727272727273,11
xgboost,validation_2023_2024,9,0.9468281235405591,0.9666666666666667,30
xgboost,validation_2023_2024,5,0.5702255169550577,0.6666666666666666,3
xgboost,validation_2023_2024,6,0.6305309335390726,0.3333333333333333,3
xgboost,validation_2023_2024,7,0.7357761859893799,1.0,3
xgboost,validation_2023_2024,8,0.8684452374776205,0.8333333333333334,12
xgboost,validation_2023_2024,9,0.9477170116026635,1.0,29
xgboost,validation_2023_2024,5,0.5360675752162933,0.5,2
xgboost,validation_2023_2024,6,0.6577418843905131,0.6666666666666666,6
xgboost,validation_2023_2024,7,0.7483278214931488,1.0,2
xgboost,validation_2023_2024,8,0.8727590069174767,0.625,8
xgboost,validation_2023_2024,9,0.9455695865777123,0.9375,32
xgboost,validation_2023_2024,5,0.5770838558673859,1.0,2
xgboost,validation_2023_2024,6,0.6724384188652038,0.8,5
xgboost,validation_2023_2024,7,0.7157222628593445,1.0,2
xgboost,validation_2023_2024,8,0.8651653203097257,1.0,11
xgboost,validation_2023_2024,9,0.9459552552410748,0.9,30
xgboost,validation_2023_2024,5,0.5586759448051453,0.5,2
xgboost,validation_2023_2024,6,0.6801672776540121,0.3333333333333333,3
xgboost,validation_2023_2024,7,0.7081628640492758,0.3333333333333333,3
xgboost,validation_2023_2024,8,0.8779271703500015,0.9230769230769231,13
xgboost,validation_2023_2024,9,0.9512123101855955,0.9310344827586207,29
xgboost,validation_2023_2024,5,0.5566663146018982,1.0,1
xgboost,validation_2023_2024,6,0.6622791460582188,0.7142857142857143,7
xgboost,validation_2023_2024,7,0.7633337179819742,0.6666666666666666,3
xgboost,validation_2023_2024,8,0.8560683998194608,0.9090909090909091,11
xgboost,validation_2023_2024,9,0.9476187044072137,0.8571428571428571,28
xgboost,validation_2023_2024,5,0.596831738948822,0.5,2
xgboost,validation_2023_2024,6,0.6703032453854879,0.6666666666666666,6
xgboost,validation_2023_2024,7,0.7662570675214132,1.0,3
xgboost,validation_2023_2024,8,0.8797890469431877,0.875,8
xgboost,validation_2023_2024,9,0.952714416875838,0.8709677419354839,31
xgboost,validation_2023_2024,5,0.5583528081576029,0.6666666666666666,3
xgboost,validation_2023_2024,6,0.6312299966812134,0.25,4
xgboost,validation_2023_2024,7,0.7516870498657227,0.5,2
xgboost,validation_2023_2024,8,0.8659568916667592,1.0,11
xgboost,validation_2023_2024,9,0.9556326355644849,1.0,30
xgboost,validation_2023_2024,5,0.5623564720153809,0.5,2
xgboost,validation_2023_2024,6,0.6418792605400085,0.75,4
xgboost,validation_2023_2024,7,0.7349949330091476,0.5,4
xgboost,validation_2023_2024,8,0.8677058060963948,0.9333333333333333,15
xgboost,validation_2023_2024,9,0.9542220242153152,0.96,25
xgboost,validation_2023_2024,5,0.5813887119293213,1.0,1
xgboost,validation_2023_2024,6,0.6500585556030274,1.0,5
xgboost,validation_2023_2024,7,0.7445875008900961,0.3333333333333333,3
xgboost,validation_2023_2024,8,0.8683970305654738,1.0,9
xgboost,validation_2023_2024,9,0.9381963932988036,0.96875,32
xgboost,validation_2023_2024,6,0.6283904910087585,0.6666666666666666,6
xgboost,validation_2023_2024,7,0.7414559721946716,1.0,3
xgboost,validation_2023_2024,8,0.872754591703415,1.0,10
xgboost,validation_2023_2024,9,0.9458871105129476,0.9032258064516129,31
xgboost,validation_2023_2024,5,0.5974414348602295,1.0,1
xgboost,validation_2023_2024,6,0.6586611370245615,0.6666666666666666,6
xgboost,validation_2023_2024,7,0.7280400991439819,1.0,2
xgboost,validation_2023_2024,8,0.8727403342723846,0.8,10
xgboost,validation_2023_2024,9,0.9434799442472753,0.967741935483871,31
xgboost,validation_2023_2024,4,0.49482178688049316,0.0,1
xgboost,validation_2023_2024,6,0.6411094069480896,0.6,5
xgboost,validation_2023_2024,7,0.754749670624733,0.75,4
xgboost,validation_2023_2024,8,0.869124136865139,1.0,8
xgboost,validation_2023_2024,9,0.9444773202863324,0.9375,32
xgboost,validation_2023_2024,5,0.5822199583053589,1.0,1
xgboost,validation_2023_2024,6,0.6592010334134102,0.875,8
xgboost,validation_2023_2024,7,0.7950462698936462,1.0,1
xgboost,validation_2023_2024,8,0.8712294511497021,0.875,16
xgboost,validation_2023_2024,9,0.9521943164503558,0.9583333333333334,24
xgboost,validation_2023_2024,5,0.5971406698226929,0.0,1
xgboost,validation_2023_2024,6,0.6681644519170126,0.8333333333333334,6
xgboost,validation_2023_2024,7,0.742833654085795,0.6666666666666666,3
xgboost,validation_2023_2024,8,0.8741127517488267,1.0,9
xgboost,validation_2023_2024,9,0.9515130525739719,0.967741935483871,31
xgboost,validation_2023_2024,6,0.6679463187853495,0.6666666666666666,6
xgboost,validation_2023_2024,7,0.7472758293151855,1.0,4
xgboost,validation_2023_2024,8,0.8763022555245293,0.6666666666666666,9
xgboost,validation_2023_2024,9,0.9461856355694789,0.9354838709677419,31
xgboost,validation_2023_2024,6,0.666298164261712,0.6666666666666666,9
xgboost,validation_2023_2024,8,0.8804613607270377,0.8571428571428571,7
xgboost,validation_2023_2024,9,0.9504294365739812,0.9117647058823529,34
xgboost,validation_2023_2024,5,0.5679522156715393,0.0,1
xgboost,validation_2023_2024,6,0.6510100588202477,0.75,8
xgboost,validation_2023_2024,8,0.8650342285633087,0.9,10
xgboost,validation_2023_2024,9,0.9476805315968285,0.9354838709677419,31
xgboost,validation_2023_2024,4,0.4278571307659149,1.0,1
xgboost,validation_2023_2024,5,0.5427452921867371,1.0,1
xgboost,validation_2023_2024,6,0.6663422465324402,0.6,5
xgboost,validation_2023_2024,7,0.7268850207328796,0.5,2
xgboost,validation_2023_2024,8,0.854380109093406,1.0,11
xgboost,validation_2023_2024,9,0.9475810494133619,0.9,30
xgboost,validation_2023_2024,5,0.5786836743354797,1.0,1
xgboost,validation_2023_2024,6,0.6607206293514797,0.7142857142857143,7
xgboost,validation_2023_2024,7,0.7359119653701782,0.0,1
xgboost,validation_2023_2024,8,0.8708515837788582,1.0,8
xgboost,validation_2023_2024,9,0.9452853334770769,0.9696969696969697,33
xgboost,validation_2023_2024,5,0.5705921947956085,0.5,2
xgboost,validation_2023_2024,6,0.6509556174278259,0.6666666666666666,6
xgboost,validation_2023_2024,7,0.7393585443496704,0.0,1
xgboost,validation_2023_2024,8,0.8705840110778809,0.9,10
xgboost,validation_2023_2024,9,0.9513022655545499,0.9032258064516129,31
xgboost,validation_2023_2024,5,0.5255377292633057,1.0,1
xgboost,validation_2023_2024,6,0.6508175304957798,0.5714285714285714,7
xgboost,validation_2023_2024,7,0.7188149690628052,0.0,1
xgboost,validation_2023_2024,8,0.8669612482190132,1.0,8
xgboost,validation_2023_2024,9,0.9405452831323208,0.9696969696969697,33
xgboost,validation_2023_2024,5,0.5489015579223633,1.0,1
xgboost,validation_2023_2024,6,0.6502407448632377,0.7142857142857143,7
xgboost,validation_2023_2024,7,0.7159264087677002,0.0,1
xgboost,validation_2023_2024,8,0.8737945014780218,0.9090909090909091,11
xgboost,validation_2023_2024,9,0.9473340278971977,0.9333333333333333,30
xgboost,validation_2023_2024,5,0.5994918346405029,1.0,1
xgboost,validation_2023_2024,6,0.6334145665168762,0.6666666666666666,6
xgboost,validation_2023_2024,7,0.7186469435691833,1.0,2
xgboost,validation_2023_2024,8,0.8681208274581216,0.9090909090909091,11
xgboost,validation_2023_2024,9,0.94770665825494,0.9666666666666667,30
xgboost,validation_2023_2024,4,0.4965485632419586,0.0,1
xgboost,validation_2023_2024,5,0.5831784605979919,1.0,1
xgboost,validation_2023_2024,6,0.6632177914891925,0.5714285714285714,7
xgboost,validation_2023_2024,8,0.8710030118624369,0.8888888888888888,9
xgboost,validation_2023_2024,9,0.9490802256491768,0.875,32
xgboost,validation_2023_2024,5,0.5598614811897278,0.6666666666666666,3
xgboost,validation_2023_2024,6,0.6628797948360443,0.5,2
xgboost,validation_2023_2024,7,0.73735411465168,0.75,4
xgboost,validation_2023_2024,8,0.883039395014445,0.8333333333333334,6
xgboost,validation_2023_2024,9,0.9461520642986286,0.9428571428571428,35
xgboost,validation_2023_2024,4,0.45732539892196655,1.0,1
xgboost,validation_2023_2024,5,0.5794025659561157,0.5,2
xgboost,validation_2023_2024,6,0.6386194378137589,0.75,4
xgboost,validation_2023_2024,7,0.7359350323677063,0.5,2
xgboost,validation_2023_2024,8,0.8713975667953491,1.0,15
xgboost,validation_2023_2024,9,0.9520025397847234,0.9615384615384616,26
xgboost,validation_2023_2024,6,0.6391855974992117,0.6666666666666666,6
xgboost,validation_2023_2024,7,0.7280856966972351,1.0,3
xgboost,validation_2023_2024,8,0.8486734429995219,1.0,6
xgboost,validation_2023_2024,9,0.9446511903923569,1.0,35
xgboost,validation_2023_2024,5,0.5959994196891785,0.0,1
xgboost,validation_2023_2024,6,0.6625902553399404,0.3333333333333333,6
xgboost,validation_2023_2024,7,0.7271916270256042,1.0,2
xgboost,validation_2023_2024,8,0.8750212987263998,0.8888888888888888,9
xgboost,validation_2023_2024,9,0.9460547423091519,0.90625,32
xgboost,validation_2023_2024,5,0.5527564883232117,0.6666666666666666,3
xgboost,validation_2023_2024,6,0.6480795592069626,0.75,4
xgboost,validation_2023_2024,7,0.7197370827198029,0.5,2
xgboost,validation_2023_2024,8,0.8691959500312805,0.8,10
xgboost,validation_2023_2024,9,0.9484770169285792,0.967741935483871,31
xgboost,validation_2023_2024,4,0.48334839940071106,1.0,1
xgboost,validation_2023_2024,6,0.6331369380156199,0.6666666666666666,6
xgboost,validation_2023_2024,7,0.7390643060207367,0.5,2
xgboost,validation_2023_2024,8,0.8770649595694109,1.0,11
xgboost,validation_2023_2024,9,0.9454629884271609,0.9666666666666667,30
xgboost,validation_2023_2024,4,0.47213900089263916,0.0,1
xgboost,validation_2023_2024,6,0.6630561709403991,0.6,5
xgboost,validation_2023_2024,7,0.7289102971553802,1.0,4
xgboost,validation_2023_2024,8,0.8654160276055336,0.75,8
xgboost,validation_2023_2024,9,0.9463634422150242,0.9375,32
xgboost,validation_2023_2024,6,0.6405542969703675,0.6,5
xgboost,validation_2023_2024,7,0.7189198732376099,0.5,4
xgboost,validation_2023_2024,8,0.8748238921165467,1.0,10
xgboost,validation_2023_2024,9,0.9484598334863097,0.967741935483871,31
xgboost,validation_2023_2024,6,0.6587366792890761,0.6666666666666666,9
xgboost,validation_2023_2024,8,0.8668136504980234,1.0,13
xgboost,validation_2023_2024,9,0.9466608407357747,0.8928571428571429,28
xgboost,validation_2023_2024,5,0.5873246788978577,1.0,1
xgboost,validation_2023_2024,6,0.6521605593817574,0.8571428571428571,7
xgboost,validation_2023_2024,7,0.7473916411399841,1.0,2
xgboost,validation_2023_2024,8,0.8672780650002616,0.8571428571428571,7
xgboost,validation_2023_2024,9,0.9441856350057763,0.9696969696969697,33
xgboost,validation_2023_2024,5,0.5593014657497406,1.0,2
xgboost,validation_2023_2024,6,0.6480385561784109,0.6666666666666666,6
xgboost,validation_2023_2024,7,0.7012550234794617,0.0,1
xgboost,validation_2023_2024,8,0.8716651068793403,0.8888888888888888,9
xgboost,validation_2023_2024,9,0.9455711530622828,0.9375,32
xgboost,validation_2023_2024,5,0.5608958899974823,0.5,2
xgboost,validation_2023_2024,6,0.6367390036582947,0.8,5
xgboost,validation_2023_2024,7,0.7527297735214233,0.0,1
xgboost,validation_2023_2024,8,0.8655995889143511,0.8181818181818182,11
xgboost,validation_2023_2024,9,0.9491828589774703,0.9032258064516129,31
xgboost,validation_2023_2024,5,0.5946404933929443,1.0,1
xgboost,validation_2023_2024,6,0.6708708902200063,0.3333333333333333,6
xgboost,validation_2023_2024,7,0.7312055826187134,1.0,2
xgboost,validation_2023_2024,8,0.8730059541188754,0.9230769230769231,13
xgboost,validation_2023_2024,9,0.9470283927777822,1.0,28
xgboost,validation_2023_2024,5,0.5808505415916443,1.0,2
xgboost,validation_2023_2024,6,0.645718378680093,0.7142857142857143,7
xgboost,validation_2023_2024,7,0.7863832712173462,1.0,1
xgboost,validation_2023_2024,8,0.8541313939624362,1.0,9
xgboost,validation_2023_2024,9,0.9424054974614408,0.9032258064516129,31
xgboost,validation_2023_2024,5,0.554854154586792,0.0,1
xgboost,validation_2023_2024,6,0.6426457507269723,0.5714285714285714,7
xgboost,validation_2023_2024,7,0.761714518070221,0.0,1
xgboost,validation_2023_2024,8,0.8765255321155895,0.8181818181818182,11
xgboost,validation_2023_2024,9,0.940250445019085,1.0,30
xgboost,validation_2023_2024,6,0.6458404234477452,1.0,7
xgboost,validation_2023_2024,7,0.7314014136791229,1.0,2
xgboost,validation_2023_2024,8,0.8700282802948585,1.0,13
xgboost,validation_2023_2024,9,0.9428294711995111,0.9285714285714286,28
xgboost,validation_2023_2024,5,0.5788576304912567,0.5,2
xgboost,validation_2023_2024,6,0.6390551567077637,0.6,5
xgboost,validation_2023_2024,7,0.7581354180971781,1.0,3
xgboost,validation_2023_2024,8,0.8808636334207323,1.0,9
xgboost,validation_2023_2024,9,0.9508193333407359,0.9354838709677419,31
xgboost,validation_2023_2024,4,0.49763062596321106,1.0,1
xgboost,validation_2023_2024,6,0.6734164595603943,0.8,5
xgboost,validation_2023_2024,7,0.7338795264561971,0.6666666666666666,3
xgboost,validation_2023_2024,8,0.8667140424251556,0.9,10
xgboost,validation_2023_2024,9,0.9459871251841502,0.967741935483871,31
xgboost,validation_2023_2024,5,0.5539932250976562,0.6666666666666666,3
xgboost,validation_2023_2024,6,0.6389601528644562,0.5,4
xgboost,validation_2023_2024,7,0.7381351590156555,0.5,2
xgboost,validation_2023_2024,8,0.8713526394632127,1.0,9
xgboost,validation_2023_2024,9,0.948165724622904,0.9375,32
xgboost,validation_2023_2024,6,0.6590495875903538,0.7142857142857143,7
xgboost,validation_2023_2024,7,0.7375344634056091,1.0,2
xgboost,validation_2023_2024,8,0.8796812742948532,1.0,8
xgboost,validation_2023_2024,9,0.9440869459698406,0.9090909090909091,33
xgboost,validation_2023_2024,5,0.5602681835492452,0.0,3
xgboost,validation_2023_2024,6,0.6552082449197769,1.0,4
xgboost,validation_2023_2024,7,0.7148534059524536,0.5,2
xgboost,validation_2023_2024,8,0.8657035773450678,1.0,11
xgboost,validation_2023_2024,9,0.9419539934504814,0.9666666666666667,30
xgboost,validation_2023_2024,5,0.5986970067024231,1.0,1
xgboost,validation_2023_2024,6,0.6552929282188416,0.7142857142857143,7
xgboost,validation_2023_2024,7,0.724253237247467,1.0,1
xgboost,validation_2023_2024,8,0.8759318391482035,1.0,9
xgboost,validation_2023_2024,9,0.9425921743836987,0.9375,32
xgboost,validation_2023_2024,6,0.6470281258225441,0.5,8
xgboost,validation_2023_2024,7,0.7758545279502869,1.0,1
xgboost,validation_2023_2024,8,0.871854158965024,1.0,11
xgboost,validation_2023_2024,9,0.9475184148658103,0.8666666666666667,30
xgboost,validation_2023_2024,5,0.5769345760345459,0.0,1
xgboost,validation_2023_2024,6,0.6665221623011998,0.7142857142857143,7
xgboost,validation_2023_2024,7,0.7051348090171814,1.0,1
xgboost,validation_2023_2024,8,0.8703157197345387,0.7272727272727273,11
xgboost,validation_2023_2024,9,0.9506723966309216,1.0,30
xgboost,validation_2023_2024,5,0.5772256255149841,1.0,3
xgboost,validation_2023_2024,6,0.6355725169181824,0.6,5
xgboost,validation_2023_2024,7,0.7088165283203125,0.0,1
xgboost,validation_2023_2024,8,0.8568892393793378,0.8571428571428571,7
xgboost,validation_2023_2024,9,0.9443996063145458,0.9117647058823529,34
xgboost,validation_2023_2024,4,0.4854356646537781,0.0,1
xgboost,validation_2023_2024,5,0.5643849074840546,0.5,2
xgboost,validation_2023_2024,6,0.6423323154449463,0.75,4
xgboost,validation_2023_2024,7,0.7570023387670517,0.5,4
xgboost,validation_2023_2024,8,0.8656371098298293,1.0,13
xgboost,validation_2023_2024,9,0.9479606158582966,0.9615384615384616,26
xgboost,validation_2023_2024,5,0.5518546104431152,1.0,2
xgboost,validation_2023_2024,6,0.651252269744873,0.6666666666666666,6
xgboost,validation_2023_2024,7,0.7518086433410645,0.5,2
xgboost,validation_2023_2024,8,0.8745755978993007,0.8571428571428571,7
xgboost,validation_2023_2024,9,0.9481858074763315,0.9393939393939394,33
xgboost,validation_2023_2024,5,0.5780867338180542,1.0,1
xgboost,validation_2023_2024,6,0.6578971445560455,0.8333333333333334,6
xgboost,validation_2023_2024,7,0.7501696149508158,1.0,3
xgboost,validation_2023_2024,8,0.8541886508464813,0.875,8
xgboost,validation_2023_2024,9,0.944945464479624,0.90625,32
xgboost,validation_2023_2024,5,0.569796085357666,0.3333333333333333,3
xgboost,validation_2023_2024,6,0.6591414511203766,0.8333333333333334,6
xgboost,validation_2023_2024,8,0.8725848330391778,1.0,9
xgboost,validation_2023_2024,9,0.9504816593703616,0.875,32
xgboost,validation_2023_2024,6,0.6581870118776957,0.5555555555555556,9
xgboost,validation_2023_2024,8,0.8728695611159006,0.8333333333333334,6
xgboost,validation_2023_2024,9,0.9429038172201418,0.8857142857142857,35
xgboost,validation_2023_2024,5,0.5859547654787699,1.0,3
xgboost,validation_2023_2024,6,0.6607242465019226,0.6,5
xgboost,validation_2023_2024,7,0.7610023319721222,0.5,2
xgboost,validation_2023_2024,8,0.8703830480575562,1.0,10
xgboost,validation_2023_2024,9,0.94978251915264,1.0,30
xgboost,validation_2023_2024,5,0.5580169558525085,0.0,1
xgboost,validation_2023_2024,6,0.6534687110355922,0.7142857142857143,7
xgboost,validation_2023_2024,7,0.7011581063270569,1.0,1
xgboost,validation_2023_2024,8,0.8711724519729614,0.8,15
xgboost,validation_2023_2024,9,0.9465386370178355,0.9615384615384616,26
xgboost,validation_2023_2024,4,0.49906131625175476,1.0,1
xgboost,validation_2023_2024,5,0.5541695356369019,1.0,1
xgboost,validation_2023_2024,6,0.6686538032123021,0.7142857142857143,7
xgboost,validation_2023_2024,8,0.8669494489828745,0.8333333333333334,6
xgboost,validation_2023_2024,9,0.9400435061206807,0.9142857142857143,35
xgboost,validation_2023_2024,5,0.5229873061180115,0.0,1
xgboost,validation_2023_2024,6,0.6440718855176654,0.7142857142857143,7
xgboost,validation_2023_2024,7,0.7126708626747131,1.0,2
xgboost,validation_2023_2024,8,0.8538127094507217,0.875,8
xgboost,validation_2023_2024,9,0.9470966873791802,0.96875,32
xgboost,validation_2023_2024,5,0.570388654867808,1.0,3
xgboost,validation_2023_2024,6,0.6529291123151779,0.75,4
xgboost,validation_2023_2024,7,0.7351436614990234,0.6666666666666666,3
xgboost,validation_2023_2024,8,0.8710694710413615,0.7777777777777778,9
xgboost,validation_2023_2024,9,0.9489787476782633,0.9354838709677419,31
xgboost,validation_2023_2024,6,0.6431392431259155,0.8333333333333334,6
xgboost,validation_2023_2024,7,0.7416552702585856,0.6666666666666666,3
xgboost,validation_2023_2024,8,0.8745585232973099,0.875,8
xgboost,validation_2023_2024,9,0.9480500895063794,0.9090909090909091,33
xgboost,validation_2023_2024,5,0.5885404348373413,1.0,1
xgboost,validation_2023_2024,6,0.642198383808136,0.4,5
xgboost,validation_2023_2024,7,0.7228426337242126,1.0,3
xgboost,validation_2023_2024,8,0.87923509424383,0.8181818181818182,11
xgboost,validation_2023_2024,9,0.9467901335268007,0.9666666666666667,30
xgboost,validation_2023_2024,4,0.4988325834274292,1.0,1
xgboost,validation_2023_2024,6,0.6523118416468302,0.5,6
xgboost,validation_2023_2024,7,0.7443837821483612,0.5,2
xgboost,validation_2023_2024,8,0.8768266320228577,0.9,10
xgboost,validation_2023_2024,9,0.9466132392910975,0.9032258064516129,31
xgboost,validation_2023_2024,5,0.5529197156429291,0.25,4
xgboost,validation_2023_2024,6,0.66752161582311,0.6666666666666666,3
xgboost,validation_2023_2024,7,0.7300332188606262,1.0,3
xgboost,validation_2023_2024,8,0.8679100530488151,1.0,7
xgboost,validation_2023_2024,9,0.9431501578299193,0.9393939393939394,33
xgboost,validation_2023_2024,4,0.4797148108482361,0.0,1
xgboost,validation_2023_2024,5,0.5988826751708984,0.0,1
xgboost,validation_2023_2024,6,0.6493669946988424,0.3333333333333333,3
xgboost,validation_2023_2024,7,0.7270833998918533,0.5,4
xgboost,validation_2023_2024,8,0.8606412187218666,1.0,8
xgboost,validation_2023_2024,9,0.9384780802608247,0.9090909090909091,33
xgboost,validation_2023_2024,5,0.5605613589286804,1.0,1
xgboost,validation_2023_2024,6,0.6519699777875628,0.8571428571428571,7
xgboost,validation_2023_2024,7,0.7864090204238892,0.0,1
xgboost,validation_2023_2024,8,0.8823235034942627,0.8181818181818182,11
xgboost,validation_2023_2024,9,0.9437812453616448,0.8666666666666667,30
xgboost,validation_2023_2024,5,0.5556120276451111,0.0,1
xgboost,validation_2023_2024,6,0.633455882469813,1.0,6
xgboost,validation_2023_2024,7,0.7248441775639852,0.6666666666666666,3
xgboost,validation_2023_2024,8,0.8625181232179914,0.8571428571428571,14
xgboost,validation_2023_2024,9,0.951731506002498,0.9615384615384616,26
xgboost,validation_2023_2024,5,0.5802509784698486,0.8,5
xgboost,validation_2023_2024,6,0.6638821959495544,0.5,2
xgboost,validation_2023_2024,7,0.7350974977016449,1.0,2
xgboost,validation_2023_2024,8,0.8570970714092254,0.9,10
xgboost,validation_2023_2024,9,0.9471955401386741,1.0,31
xgboost,validation_2023_2024,5,0.5791217982769012,0.0,2
xgboost,validation_2023_2024,6,0.6656914949417114,0.75,4
xgboost,validation_2023_2024,7,0.7214434941609701,0.6666666666666666,3
xgboost,validation_2023_2024,8,0.8665288686752319,1.0,12
xgboost,validation_2023_2024,9,0.9477102598351432,0.9310344827586207,29
xgboost,validation_2023_2024,5,0.5693737864494324,1.0,1
xgboost,validation_2023_2024,6,0.6504826347033182,0.5,6
xgboost,validation_2023_2024,7,0.7171894311904907,0.5,2
xgboost,validation_2023_2024,8,0.8701256265242895,0.8333333333333334,12
xgboost,validation_2023_2024,9,0.9490434225375064,0.9655172413793104,29
xgboost,validation_2023_2024,5,0.582077145576477,0.5,2
xgboost,validation_2023_2024,6,0.6600556274255117,0.8333333333333334,6
xgboost,validation_2023_2024,7,0.7693920135498047,0.6666666666666666,3
xgboost,validation_2023_2024,8,0.8782529660633632,1.0,7
xgboost,validation_2023_2024,9,0.9496768215772498,0.90625,32
xgboost,validation_2023_2024,5,0.5386861562728882,0.0,1
xgboost,validation_2023_2024,6,0.6434783339500427,0.5,8
xgboost,validation_2023_2024,8,0.8809531376912043,0.9230769230769231,13
xgboost,validation_2023_2024,9,0.9452309763973086,0.8928571428571429,28
xgboost,validation_2023_2024,5,0.5980178117752075,0.0,1
xgboost,validation_2023_2024,6,0.6565598368644714,0.6,5
xgboost,validation_2023_2024,7,0.7400517662366232,0.6666666666666666,3
xgboost,validation_2023_2024,8,0.8745427781885321,0.9090909090909091,11
xgboost,validation_2023_2024,9,0.9452798173933016,0.9666666666666667,30
xgboost,validation_2023_2024,5,0.575660228729248,0.0,1
xgboost,validation_2023_2024,6,0.6554123610258102,0.75,4
xgboost,validation_2023_2024,7,0.7187415808439255,0.5,4
xgboost,validation_2023_2024,8,0.8730434328317642,0.9166666666666666,12
xgboost,validation_2023_2024,9,0.946823320112227,0.9655172413793104,29
xgboost,validation_2023_2024,5,0.5659846862157186,0.6666666666666666,3
xgboost,validation_2023_2024,6,0.6551880717277527,0.6,5
xgboost,validation_2023_2024,7,0.7260550260543823,1.0,1
xgboost,validation_2023_2024,8,0.8698817491531372,0.8,10
xgboost,validation_2023_2024,9,0.9477114760211194,0.8709677419354839,31
xgboost,validation_2023_2024,4,0.4571812152862549,0.0,1
xgboost,validation_2023_2024,5,0.5439947247505188,1.0,1
xgboost,validation_2023_2024,6,0.67244952917099,0.6666666666666666,6
xgboost,validation_2023_2024,7,0.7400202751159668,0.0,1
xgboost,validation_2023_2024,8,0.8809951742490133,0.8888888888888888,9
xgboost,validation_2023_2024,9,0.9463444618609536,0.90625,32
xgboost,validation_2023_2024,6,0.6380522027611732,0.75,8
xgboost,validation_2023_2024,7,0.7482796907424927,1.0,2
xgboost,validation_2023_2024,8,0.8673807978630066,1.0,6
xgboost,validation_2023_2024,9,0.9475413425975676,1.0,34
xgboost,validation_2023_2024,5,0.5773635506629944,0.6666666666666666,3
xgboost,validation_2023_2024,6,0.6671554148197174,0.6666666666666666,6
xgboost,validation_2023_2024,7,0.7618114948272705,1.0,1
xgboost,validation_2023_2024,8,0.8858085572719574,1.0,12
xgboost,validation_2023_2024,9,0.9476938169033173,0.8928571428571429,28
xgboost,validation_2023_2024,5,0.5875139832496643,1.0,1
xgboost,validation_2023_2024,6,0.6533969938755035,0.625,8
xgboost,validation_2023_2024,8,0.8685612440109253,0.8,5
xgboost,validation_2023_2024,9,0.944312738553417,0.9722222222222222,36
xgboost,validation_2023_2024,5,0.5462099015712738,1.0,2
xgboost,validation_2023_2024,6,0.6461648742357889,0.6666666666666666,6
xgboost,validation_2023_2024,7,0.7270914316177368,1.0,1
xgboost,validation_2023_2024,8,0.8824464934212821,0.8571428571428571,14
xgboost,validation_2023_2024,9,0.9455597672317632,0.9259259259259259,27
xgboost,validation_2023_2024,5,0.5664916038513184,0.5,2
xgboost,validation_2023_2024,6,0.6271516680717468,0.75,4
xgboost,validation_2023_2024,7,0.7335321505864462,0.3333333333333333,3
xgboost,validation_2023_2024,8,0.867320696512858,0.7777777777777778,9
xgboost,validation_2023_2024,9,0.9526215052333462,0.875,32
xgboost,validation_2023_2024,5,0.5336807370185852,0.0,1
xgboost,validation_2023_2024,6,0.6470903853575388,0.6666666666666666,6
xgboost,validation_2023_2024,7,0.7446126540501913,1.0,3
xgboost,validation_2023_2024,8,0.8619142845273018,0.75,8
xgboost,validation_2023_2024,9,0.9456616440889227,0.9375,32
xgboost,validation_2023_2024,5,0.5964019298553467,1.0,1
xgboost,validation_2023_2024,6,0.6648480395476023,0.3333333333333333,6
xgboost,validation_2023_2024,7,0.7117884457111359,0.5,2
xgboost,validation_2023_2024,8,0.8796973109245301,0.9,10
xgboost,validation_2023_2024,9,0.9463261352535973,0.9354838709677419,31
xgboost,validation_2023_2024,5,0.5685197710990906,0.0,1
xgboost,validation_2023_2024,6,0.6536698426519122,0.7142857142857143,7
xgboost,validation_2023_2024,7,0.729750007390976,0.5,2
xgboost,validation_2023_2024,8,0.8579597870508829,0.8888888888888888,9
xgboost,validation_2023_2024,9,0.9474093419994835,0.967741935483871,31
xgboost,validation_2023_2024,5,0.5891416072845459,1.0,1
xgboost,validation_2023_2024,6,0.668038139740626,0.5,6
xgboost,validation_2023_2024,7,0.7462871968746185,0.5,2
xgboost,validation_2023_2024,8,0.8679066052039465,0.75,12
xgboost,validation_2023_2024,9,0.9500152968238949,0.896551724137931,29
xgboost,validation_2023_2024,5,0.585620790719986,0.5,2
xgboost,validation_2023_2024,6,0.6504324436187744,1.0,5
xgboost,validation_2023_2024,7,0.7039644420146942,0.0,2
xgboost,validation_2023_2024,8,0.8649864569306374,0.875,8
xgboost,validation_2023_2024,9,0.9479963604346177,1.0,33
xgboost,validation_2023_2024,4,0.4373409152030945,1.0,1
xgboost,validation_2023_2024,5,0.547722578048706,1.0,1
xgboost,validation_2023_2024,6,0.6460104584693909,0.6666666666666666,6
xgboost,validation_2023_2024,8,0.865090548992157,0.7272727272727273,11
xgboost,validation_2023_2024,9,0.9442799212575715,0.8709677419354839,31
xgboost,validation_2023_2024,5,0.5695781260728836,0.5,4
xgboost,validation_2023_2024,6,0.6316376527150472,0.3333333333333333,3
xgboost,validation_2023_2024,7,0.7041881680488586,1.0,2
xgboost,validation_2023_2024,8,0.8569836361067635,0.7857142857142857,14
xgboost,validation_2023_2024,9,0.9442652691413724,0.9259259259259259,27
xgboost,validation_2023_2024,4,0.48960018157958984,1.0,1
xgboost,validation_2023_2024,5,0.5414989590644836,1.0,1
xgboost,validation_2023_2024,6,0.6436841130256653,0.6,5
xgboost,validation_2023_2024,7,0.7069083750247955,0.5,2
xgboost,validation_2023_2024,8,0.8696447781154087,1.0,7
xgboost,validation_2023_2024,9,0.9412946706404394,0.8823529411764706,34
xgboost,validation_2023_2024,5,0.571000725030899,1.0,2
xgboost,validation_2023_2024,6,0.6470217108726501,0.6,5
xgboost,validation_2023_2024,7,0.7581506669521332,0.5,2
xgboost,validation_2023_2024,8,0.8756120085716248,0.9,10
xgboost,validation_2023_2024,9,0.9512084190027162,1.0,31
xgboost,validation_2023_2024,6,0.6600107252597809,0.8333333333333334,6
xgboost,validation_2023_2024,7,0.726124127705892,0.6666666666666666,3
xgboost,validation_2023_2024,8,0.8797985965555365,1.0,11
xgboost,validation_2023_2024,9,0.948246288906414,0.9333333333333333,30
xgboost,validation_2023_2024,5,0.5825440883636475,0.0,1
xgboost,validation_2023_2024,6,0.6491458330835614,0.7142857142857143,7
xgboost,validation_2023_2024,7,0.7384564876556396,0.0,1
xgboost,validation_2023_2024,8,0.8739374339580536,0.9,10
xgboost,validation_2023_2024,9,0.9464367941607186,0.9032258064516129,31
xgboost,validation_2023_2024,5,0.5940459370613098,1.0,1
xgboost,validation_2023_2024,6,0.6639285257884434,0.7142857142857143,7
xgboost,validation_2023_2024,7,0.7241574227809906,0.5,2
xgboost,validation_2023_2024,8,0.8740430672963461,1.0,6
xgboost,validation_2023_2024,9,0.9463377197094514,0.9705882352941176,34
xgboost,validation_2023_2024,5,0.5933119455973307,0.3333333333333333,3
xgboost,validation_2023_2024,6,0.6347898960113525,0.8,5
xgboost,validation_2023_2024,7,0.757878839969635,1.0,2
xgboost,validation_2023_2024,8,0.8748369018236796,0.9166666666666666,12
xgboost,validation_2023_2024,9,0.9561716856816823,0.9642857142857143,28
xgboost,validation_2023_2024,5,0.5578311681747437,0.5,2
xgboost,validation_2023_2024,6,0.6409064173698426,0.6,5
xgboost,validation_2023_2024,7,0.7497778385877609,1.0,4
xgboost,validation_2023_2024,8,0.8685571849346161,0.7,10
xgboost,validation_2023_2024,9,0.9462745463137778,0.9655172413793104,29
xgboost,validation_2023_2024,4,0.4900411069393158,1.0,1
xgboost,validation_2023_2024,5,0.5801783502101898,1.0,2
xgboost,validation_2023_2024,6,0.6577457189559937,0.0,4
xgboost,validation_2023_2024,7,0.7265072464942932,0.5,2
xgboost,validation_2023_2024,8,0.8672533167733086,0.7777777777777778,9
xgboost,validation_2023_2024,9,0.9472652884301531,0.90625,32
xgboost,validation_2023_2024,4,0.49244076013565063,1.0,1
xgboost,validation_2023_2024,5,0.5566571652889252,1.0,2
xgboost,validation_2023_2024,6,0.6660971641540527,0.6666666666666666,3
xgboost,validation_2023_2024,7,0.7248465220133463,0.3333333333333333,3
xgboost,validation_2023_2024,8,0.8770824716641352,0.9230769230769231,13
xgboost,validation_2023_2024,9,0.9415118168623093,0.8928571428571429,28
xgboost,validation_2023_2024,5,0.5567507147789001,0.5,2
xgboost,validation_2023_2024,6,0.6649046440919241,0.8333333333333334,6
xgboost,validation_2023_2024,7,0.7072435021400452,0.0,1
xgboost,validation_2023_2024,8,0.8668378165790013,0.8571428571428571,7
xgboost,validation_2023_2024,9,0.94301696613508,1.0,34
xgboost,validation_2023_2024,5,0.588321253657341,0.75,4
xgboost,validation_2023_2024,6,0.6602433323860168,0.3333333333333333,3
xgboost,validation_2023_2024,7,0.7016249299049377,0.5,2
xgboost,validation_2023_2024,8,0.8720824188656278,1.0,9
xgboost,validation_2023_2024,9,0.9448130546239006,0.9375,32
xgboost,validation_2023_2024,5,0.5799519419670105,1.0,2
xgboost,validation_2023_2024,6,0.6543892383575439,0.8,5
xgboost,validation_2023_2024,7,0.7232954502105713,0.0,2
xgboost,validation_2023_2024,8,0.8719889769951502,0.9166666666666666,12
xgboost,validation_2023_2024,9,0.9505035554652366,0.896551724137931,29
xgboost,validation_2023_2024,6,0.6351509860583714,0.2857142857142857,7
xgboost,validation_2023_2024,7,0.7412721514701843,1.0,2
xgboost,validation_2023_2024,8,0.8691548754771551,0.9166666666666666,12
xgboost,validation_2023_2024,9,0.9429968540122577,0.9310344827586207,29
xgboost,validation_2023_2024,5,0.5691383183002472,0.0,2
xgboost,validation_2023_2024,6,0.6469993591308594,0.6666666666666666,6
xgboost,validation_2023_2024,7,0.7164022326469421,0.0,1
xgboost,validation_2023_2024,8,0.8716642101605733,0.9333333333333333,15
xgboost,validation_2023_2024,9,0.946347636226139,0.9230769230769231,26
xgboost,validation_2023_2024,4,0.46381261944770813,0.0,1
xgboost,validation_2023_2024,5,0.54972705245018,1.0,2
xgboost,validation_2023_2024,6,0.6552282333374023,0.8,5
xgboost,validation_2023_2024,7,0.7887638509273529,1.0,2
xgboost,validation_2023_2024,8,0.861230024269649,0.8571428571428571,7
xgboost,validation_2023_2024,9,0.9474489188653761,0.9696969696969697,33
xgboost,validation_2023_2024,5,0.5622411370277405,0.5,2
xgboost,validation_2023_2024,6,0.664097785949707,1.0,6
xgboost,validation_2023_2024,7,0.7133240699768066,0.0,1
xgboost,validation_2023_2024,8,0.8677007005764887,0.8461538461538461,13
xgboost,validation_2023_2024,9,0.9526199066328989,0.8928571428571429,28
xgboost,validation_2023_2024,5,0.553099125623703,0.5,2
xgboost,validation_2023_2024,6,0.6691167652606964,0.75,4
xgboost,validation_2023_2024,7,0.7311873237291971,0.3333333333333333,3
xgboost,validation_2023_2024,8,0.8825060725212097,0.8333333333333334,6
xgboost,validation_2023_2024,9,0.9476397979352122,0.8857142857142857,35
xgboost,validation_2023_2024,5,0.5466193556785583,1.0,1
xgboost,validation_2023_2024,6,0.6484972357749939,0.8,5
xgboost,validation_2023_2024,7,0.7471200078725815,0.75,4
xgboost,validation_2023_2024,8,0.8508250832557678,0.8,5
xgboost,validation_2023_2024,9,0.9453411550273885,0.9714285714285714,35
xgboost,validation_2023_2024,5,0.5654758512973785,0.5,2
xgboost,validation_2023_2024,6,0.6358742862939835,0.25,4
xgboost,validation_2023_2024,7,0.7370338886976242,1.0,4
xgboost,validation_2023_2024,8,0.8685476779937744,0.625,8
xgboost,validation_2023_2024,9,0.9482060974565136,0.9375,32
xgboost,validation_2023_2024,5,0.5429956912994385,1.0,1
xgboost,validation_2023_2024,6,0.6450827973229545,0.8571428571428571,7
xgboost,validation_2023_2024,7,0.7477328181266785,1.0,1
xgboost,validation_2023_2024,8,0.8752131660779318,0.8888888888888888,9
xgboost,validation_2023_2024,9,0.9484015690264094,0.9375,32
xgboost,validation_2023_2024,5,0.5743721723556519,0.0,1
xgboost,validation_2023_2024,6,0.6545176431536674,0.625,8
xgboost,validation_2023_2024,8,0.8789199193318685,0.6666666666666666,6
xgboost,validation_2023_2024,9,0.9399885540441775,0.9714285714285714,35
xgboost,validation_2023_2024,5,0.5826373100280762,1.0,1
xgboost,validation_2023_2024,6,0.6485393047332764,0.5,8
xgboost,validation_2023_2024,8,0.8605840120996747,1.0,7
xgboost,validation_2023_2024,9,0.9470333059139802,0.9705882352941176,34
xgboost,validation_2023_2024,5,0.5577012499173483,0.0,3
xgboost,validation_2023_2024,6,0.6761813461780548,0.75,4
xgboost,validation_2023_2024,7,0.7472406427065531,1.0,3
xgboost,validation_2023_2024,8,0.8716326802968979,1.0,8
xgboost,validation_2023_2024,9,0.945948150577842,0.9375,32
xgboost,validation_2023_2024,5,0.5532597303390503,0.0,1
xgboost,validation_2023_2024,6,0.6531680822372437,0.8,5
xgboost,validation_2023_2024,7,0.7541427850723267,0.8,5
xgboost,validation_2023_2024,8,0.8554453424045018,0.7142857142857143,7
xgboost,validation_2023_2024,9,0.9440130559828865,0.96875,32
xgboost,validation_2023_2024,5,0.5843852162361145,1.0,2
xgboost,validation_2023_2024,6,0.6620865583419799,0.8,5
xgboost,validation_2023_2024,7,0.7413638532161713,1.0,2
xgboost,validation_2023_2024,8,0.8765622311168246,0.8888888888888888,9
xgboost,validation_2023_2024,9,0.9473931701955187,1.0,32
xgboost,validation_2023_2024,6,0.6415721972783407,0.6666666666666666,9
xgboost,validation_2023_2024,7,0.7821608781814575,1.0,1
xgboost,validation_2023_2024,8,0.8767508417367935,1.0,8
xgboost,validation_2023_2024,9,0.9493180053409922,0.90625,32
xgboost,validation_2023_2024,6,0.6331516951322556,0.625,8
xgboost,validation_2023_2024,7,0.7728806734085083,0.6666666666666666,3
xgboost,validation_2023_2024,8,0.8730444610118866,1.0,10
xgboost,validation_2023_2024,9,0.9477069898010109,0.9655172413793104,29
xgboost,validation_2023_2024,5,0.5747359991073608,1.0,2
xgboost,validation_2023_2024,6,0.63584204018116,0.5,4
xgboost,validation_2023_2024,7,0.7252474029858907,0.6666666666666666,3
xgboost,validation_2023_2024,8,0.875087422132492,0.7,10
xgboost,validation_2023_2024,9,0.9436715097301225,0.967741935483871,31
xgboost,validation_2023_2024,5,0.5676090717315674,1.0,1
xgboost,validation_2023_2024,6,0.660457044839859,0.8333333333333334,6
xgboost,validation_2023_2024,7,0.7503988146781921,0.6666666666666666,3
xgboost,validation_2023_2024,8,0.8639069437980652,0.9,10
xgboost,validation_2023_2024,9,0.9527366564779268,0.9666666666666667,30
xgboost,validation_2023_2024,5,0.5880705118179321,0.0,1
xgboost,validation_2023_2024,6,0.6366260051727295,0.6666666666666666,6
xgboost,validation_2023_2024,7,0.7440121471881866,0.0,2
xgboost,validation_2023_2024,8,0.882682591676712,0.9,10
xgboost,validation_2023_2024,9,0.9377177363546421,0.967741935483871,31
xgboost,validation_2023_2024,5,0.5827348530292511,0.5,2
xgboost,validation_2023_2024,6,0.632835078239441,0.6,5
xgboost,validation_2023_2024,7,0.749967356522878,1.0,3
xgboost,validation_2023_2024,8,0.8604399050985064,0.8571428571428571,7
xgboost,validation_2023_2024,9,0.9486467590936013,0.9393939393939394,33
xgboost,validation_2023_2024,6,0.6495714953967503,0.5714285714285714,7
xgboost,validation_2023_2024,7,0.7052377760410309,1.0,2
xgboost,validation_2023_2024,8,0.8763013581434885,0.9166666666666666,12
xgboost,validation_2023_2024,9,0.9498627644272495,0.8620689655172413,29
xgboost,validation_2023_2024,5,0.5858194231987,0.0,2
xgboost,validation_2023_2024,6,0.6268898099660873,0.75,4
xgboost,validation_2023_2024,7,0.7271738797426224,0.75,4
xgboost,validation_2023_2024,8,0.8601123202930797,0.9090909090909091,11
xgboost,validation_2023_2024,9,0.947850016284481,0.896551724137931,29
xgboost,validation_2023_2024,5,0.5877253413200378,0.3333333333333333,3
xgboost,validation_2023_2024,6,0.6682275086641312,1.0,4
xgboost,validation_2023_2024,7,0.7532513439655304,1.0,2
xgboost,validation_2023_2024,8,0.8763180502823421,0.8571428571428571,14
xgboost,validation_2023_2024,9,0.9438795829380869,0.9259259259259259,27
xgboost,validation_2023_2024,5,0.5808012783527374,0.5,2
xgboost,validation_2023_2024,6,0.6670555472373962,0.5,4
xgboost,validation_2023_2024,7,0.7247825264930725,0.6666666666666666,3
xgboost,validation_2023_2024,8,0.878314905696445,0.7777777777777778,9
xgboost,validation_2023_2024,9,0.950128809186517,0.96875,32
xgboost,validation_2023_2024,5,0.5286712050437927,1.0,1
xgboost,validation_2023_2024,6,0.6688563028971354,0.6666666666666666,6
xgboost,validation_2023_2024,7,0.7446503043174744,0.5,2
xgboost,validation_2023_2024,8,0.8735087563594183,0.9166666666666666,12
xgboost,validation_2023_2024,9,0.9482743150313134,0.9655172413793104,29
xgboost,validation_2023_2024,6,0.652823269367218,0.8333333333333334,6
xgboost,validation_2023_2024,7,0.7131319244702657,0.3333333333333333,3
xgboost,validation_2023_2024,8,0.8669727657522474,0.9285714285714286,14
xgboost,validation_2023_2024,9,0.9533559377666742,0.9629629629629629,27
xgboost,validation_2023_2024,5,0.5717212557792664,0.0,2
xgboost,validation_2023_2024,6,0.6394701361656189,0.6,5
xgboost,validation_2023_2024,7,0.7585417330265045,0.5,2
xgboost,validation_2023_2024,8,0.872169112165769,0.8333333333333334,12
xgboost,validation_2023_2024,9,0.9414079524431544,0.9310344827586207,29
xgboost,validation_2023_2024,5,0.5899085998535156,1.0,1
xgboost,validation_2023_2024,6,0.6513733182634626,0.5714285714285714,7
xgboost,validation_2023_2024,7,0.7746264338493347,1.0,1
xgboost,validation_2023_2024,8,0.8711450397968292,0.875,8
xgboost,validation_2023_2024,9,0.938889747867872,0.9696969696969697,33
xgboost,validation_2023_2024,5,0.5874879956245422,0.5,2
xgboost,validation_2023_2024,6,0.6651611685752868,0.8,5
xgboost,validation_2023_2024,7,0.7151442170143127,0.5,2
xgboost,validation_2023_2024,8,0.8815717155283148,1.0,11
xgboost,validation_2023_2024,9,0.9445927089560814,0.9666666666666667,30
xgboost,validation_2023_2024,5,0.5351674854755402,1.0,2
xgboost,validation_2023_2024,6,0.6544996976852417,0.4,5
xgboost,validation_2023_2024,7,0.7129954993724823,0.5,2
xgboost,validation_2023_2024,8,0.880855507320828,0.6666666666666666,9
xgboost,validation_2023_2024,9,0.9502409162101138,1.0,32
xgboost,validation_2023_2024,5,0.5858871936798096,1.0,1
xgboost,validation_2023_2024,6,0.6606313501085553,0.7142857142857143,7
xgboost,validation_2023_2024,7,0.7468893527984619,1.0,2
xgboost,validation_2023_2024,8,0.8797521988550822,0.8888888888888888,9
xgboost,validation_2023_2024,9,0.9457933524067159,0.8709677419354839,31
xgboost,validation_2023_2024,6,0.643496165672938,0.5,6
xgboost,validation_2023_2024,7,0.7683671514193217,0.6666666666666666,3
xgboost,validation_2023_2024,8,0.8736934065818787,1.0,10
xgboost,validation_2023_2024,9,0.9438518522351775,0.9032258064516129,31
xgboost,validation_2023_2024,5,0.571056455373764,1.0,2
xgboost,validation_2023_2024,6,0.6596977625574384,0.5714285714285714,7
xgboost,validation_2023_2024,7,0.7841346859931946,1.0,1
xgboost,validation_2023_2024,8,0.8775258362293243,0.9166666666666666,12
xgboost,validation_2023_2024,9,0.9475084422005912,0.8928571428571429,28
xgboost,validation_2023_2024,5,0.5894390940666199,1.0,1
xgboost,validation_2023_2024,6,0.637298067410787,0.16666666666666666,6
xgboost,validation_2023_2024,7,0.7299289306004842,1.0,3
xgboost,validation_2023_2024,8,0.8780058398842812,0.75,8
xgboost,validation_2023_2024,9,0.9385542633113253,0.9375,32
xgboost,validation_2023_2024,5,0.5731531977653503,1.0,1
xgboost,validation_2023_2024,6,0.6577167212963104,0.8333333333333334,6
xgboost,validation_2023_2024,7,0.7337841590245565,0.6666666666666666,3
xgboost,validation_2023_2024,8,0.8693805485963821,0.75,8
xgboost,validation_2023_2024,9,0.9509925847974408,0.90625,32
xgboost,validation_2023_2024,5,0.5493945777416229,1.0,2
xgboost,validation_2023_2024,6,0.6703276872634888,1.0,5
xgboost,validation_2023_2024,7,0.7136344313621521,0.6666666666666666,3
xgboost,validation_2023_2024,8,0.8618990845150418,0.8888888888888888,9
xgboost,validation_2023_2024,9,0.9448027097514355,0.967741935483871,31
xgboost,validation_2023_2024,5,0.5485471487045288,1.0,1
xgboost,validation_2023_2024,6,0.6589084168275198,0.5,6
xgboost,validation_2023_2024,7,0.7451621691385905,0.6666666666666666,3
xgboost,validation_2023_2024,8,0.8591419458389282,1.0,9
xgboost,validation_2023_2024,9,0.9432491646763573,0.9354838709677419,31
xgboost,validation_2023_2024,5,0.5959494113922119,1.0,1
xgboost,validation_2023_2024,6,0.6351962770734515,0.5714285714285714,7
xgboost,validation_2023_2024,7,0.7691643536090851,0.5,2
xgboost,validation_2023_2024,8,0.8727989859051175,0.8888888888888888,9
xgboost,validation_2023_2024,9,0.9448484707367792,0.9354838709677419,31
xgboost,validation_2023_2024,5,0.5918381810188293,1.0,2
xgboost,validation_2023_2024,6,0.6454958438873291,0.8,5
xgboost,validation_2023_2024,7,0.7386217713356018,0.5,2
xgboost,validation_2023_2024,8,0.8765515599931989,0.8571428571428571,7
xgboost,validation_2023_2024,9,0.941631794511289,0.8823529411764706,34
xgboost,validation_2023_2024,5,0.5640868246555328,1.0,2
xgboost,validation_2023_2024,6,0.6613993048667908,0.3333333333333333,3
xgboost,validation_2023_2024,7,0.7382904440164566,1.0,4
xgboost,validation_2023_2024,8,0.8733737587928772,1.0,10
xgboost,validation_2023_2024,9,0.9433616482547009,0.8709677419354839,31
xgboost,validation_2023_2024,5,0.5597226023674011,0.5,2
xgboost,validation_2023_2024,6,0.6663245062033335,0.6666666666666666,6
xgboost,validation_2023_2024,7,0.7385898232460022,1.0,1
xgboost,validation_2023_2024,8,0.8668417984789069,0.8181818181818182,11
xgboost,validation_2023_2024,9,0.9440044925718295,0.8666666666666667,30
xgboost,validation_2023_2024,6,0.6495352536439896,0.5,4
xgboost,validation_2023_2024,7,0.7320200715746198,0.5714285714285714,7
xgboost,validation_2023_2024,8,0.8645302189721001,0.8888888888888888,9
xgboost,validation_2023_2024,9,0.9470760291922874,0.9666666666666667,30
xgboost,validation_2023_2024,6,0.6527854104836782,0.6666666666666666,6
xgboost,validation_2023_2024,7,0.7097211678822836,0.3333333333333333,3
xgboost,validation_2023_2024,8,0.8778865120627664,0.9090909090909091,11
xgboost,validation_2023_2024,9,0.9466263796993879,0.8666666666666667,30
xgboost,validation_2023_2024,6,0.6527834960392543,0.8571428571428571,7
xgboost,validation_2023_2024,7,0.7507858872413635,0.0,2
xgboost,validation_2023_2024,8,0.8587814569473267,1.0,11
xgboost,validation_2023_2024,9,0.952277921250342,0.9333333333333333,30
xgboost,validation_2023_2024,6,0.6410432100296021,0.8,5
xgboost,validation_2023_2024,7,0.7566780596971512,0.5,4
xgboost,validation_2023_2024,8,0.8678202152252197,0.8,10
xgboost,validation_2023_2024,9,0.9452521710731124,0.967741935483871,31
xgboost,validation_2023_2024,6,0.6649732093016306,0.8333333333333334,6
xgboost,validation_2023_2024,7,0.7286801338195801,0.6666666666666666,3
xgboost,validation_2023_2024,8,0.861131377518177,0.875,8
xgboost,validation_2023_2024,9,0.9472196432775428,0.9393939393939394,33
xgboost,validation_2023_2024,5,0.5630132555961609,0.5,2
xgboost,validation_2023_2024,6,0.6588784257570902,0.6666666666666666,6
xgboost,validation_2023_2024,7,0.7698746919631958,1.0,2
xgboost,validation_2023_2024,8,0.8778808646731906,1.0,9
xgboost,validation_2023_2024,9,0.9393089880970973,0.8387096774193549,31
xgboost,validation_2023_2024,6,0.6575254440307617,0.8,5
xgboost,validation_2023_2024,7,0.7362736910581589,0.25,4
xgboost,validation_2023_2024,8,0.8720899298787117,0.875,8
xgboost,validation_2023_2024,9,0.9522266140588113,0.9393939393939394,33
xgboost,validation_2023_2024,5,0.5741698145866394,1.0,1
xgboost,validation_2023_2024,6,0.6536452089037214,0.7142857142857143,7
xgboost,validation_2023_2024,7,0.7407193779945374,0.0,1
xgboost,validation_2023_2024,8,0.8572659730911255,1.0,10
xgboost,validation_2023_2024,9,0.9438514407708556,0.9032258064516129,31
xgboost,validation_2023_2024,5,0.5434024333953857,1.0,1
xgboost,validation_2023_2024,6,0.6416915995734078,0.7142857142857143,7
xgboost,validation_2023_2024,7,0.7839322686195374,0.5,2
xgboost,validation_2023_2024,8,0.8596366133008685,0.8571428571428571,7
xgboost,validation_2023_2024,9,0.951135769586562,0.8787878787878788,33
xgboost,validation_2023_2024,5,0.5283074975013733,0.0,1
xgboost,validation_2023_2024,6,0.6488996048768362,0.6666666666666666,6
xgboost,validation_2023_2024,7,0.7005475163459778,1.0,1
xgboost,validation_2023_2024,8,0.866652680767907,0.8888888888888888,9
xgboost,validation_2023_2024,9,0.9461909176823575,0.8787878787878788,33
xgboost,validation_2023_2024,5,0.598430871963501,1.0,1
xgboost,validation_2023_2024,6,0.6498318825449262,0.5714285714285714,7
xgboost,validation_2023_2024,7,0.7568992376327515,0.5,2
xgboost,validation_2023_2024,8,0.8601113200187683,0.8,10
xgboost,validation_2023_2024,9,0.9446845915028241,0.9,30
xgboost,validation_2023_2024,5,0.5422970056533813,1.0,2
xgboost,validation_2023_2024,6,0.6403387784957886,0.5,4
xgboost,validation_2023_2024,7,0.7611915349960328,0.8,5
xgboost,validation_2023_2024,8,0.8885051707426707,0.8333333333333334,6
xgboost,validation_2023_2024,9,0.9441054577275467,0.9090909090909091,33
xgboost,validation_2023_2024,4,0.49790382385253906,1.0,1
xgboost,validation_2023_2024,6,0.6312745958566666,0.5,4
xgboost,validation_2023_2024,7,0.7409190535545349,0.25,4
xgboost,validation_2023_2024,8,0.8585799591881889,0.8571428571428571,7
xgboost,validation_2023_2024,9,0.9468424202860092,0.9411764705882353,34
xgboost,validation_2023_2024,5,0.5265156626701355,0.0,1
xgboost,validation_2023_2024,6,0.6438272169658116,0.7142857142857143,7
xgboost,validation_2023_2024,7,0.7622667253017426,1.0,2
xgboost,validation_2023_2024,8,0.8694665511449178,0.9333333333333333,15
xgboost,validation_2023_2024,9,0.9575048430095657,0.96,25
xgboost,validation_2023_2024,5,0.5924983620643616,1.0,1
xgboost,validation_2023_2024,6,0.6440340429544449,0.5,4
xgboost,validation_2023_2024,7,0.7237313687801361,0.75,4
xgboost,validation_2023_2024,8,0.8594616543162953,0.8181818181818182,11
xgboost,validation_2023_2024,9,0.9466912553815828,1.0,30
xgboost,validation_2023_2024,5,0.5578896999359131,0.5,2
xgboost,validation_2023_2024,6,0.6432215912001473,0.5714285714285714,7
xgboost,validation_2023_2024,8,0.8708643615245819,0.9375,16
xgboost,validation_2023_2024,9,0.9516611559520706,0.92,25
xgboost,validation_2023_2024,5,0.5997932553291321,0.0,1
xgboost,validation_2023_2024,6,0.6430954535802206,1.0,6
xgboost,validation_2023_2024,7,0.7435500919818878,0.0,2
xgboost,validation_2023_2024,8,0.8775590147290911,1.0,7
xgboost,validation_2023_2024,9,0.9420009699033277,0.9705882352941176,34
xgboost,validation_2023_2024,5,0.5797592997550964,0.0,1
xgboost,validation_2023_2024,6,0.6585463455745152,0.5714285714285714,7
xgboost,validation_2023_2024,7,0.7153648138046265,1.0,1
xgboost,validation_2023_2024,8,0.8778555393218994,0.9090909090909091,11
xgboost,validation_2023_2024,9,0.9396296507228202,0.9333333333333333,30
xgboost,validation_2023_2024,5,0.569141298532486,0.5,2
xgboost,validation_2023_2024,6,0.6664577027161916,0.3333333333333333,6
xgboost,validation_2023_2024,7,0.7327640652656555,1.0,1
xgboost,validation_2023_2024,8,0.8661982615788778,1.0,9
xgboost,validation_2023_2024,9,0.9436881734159577,0.9375,32
xgboost,validation_2023_2024,5,0.569140096505483,0.3333333333333333,3
xgboost,validation_2023_2024,6,0.6380704760551452,0.6,5
xgboost,validation_2023_2024,7,0.7648205459117889,0.5,2
xgboost,validation_2023_2024,8,0.8647652069727579,1.0,12
xgboost,validation_2023_2024,9,0.9453930946448857,0.8928571428571429,28
xgboost,validation_2023_2024,5,0.5944439172744751,1.0,1
xgboost,validation_2023_2024,6,0.6310557961463928,0.8,5
xgboost,validation_2023_2024,7,0.7560037821531296,0.75,4
xgboost,validation_2023_2024,8,0.8550922870635986,0.8888888888888888,9
xgboost,validation_2023_2024,9,0.9463771010703412,0.8709677419354839,31
xgboost,validation_2023_2024,5,0.5878236293792725,1.0,1
xgboost,validation_2023_2024,6,0.6516851186752319,0.5,6
xgboost,validation_2023_2024,7,0.7353862325350443,1.0,3
xgboost,validation_2023_2024,8,0.8583509596911344,0.9090909090909091,11
xgboost,validation_2023_2024,9,0.9537181881079168,1.0,29
xgboost,validation_2023_2024,6,0.6601791892732892,1.0,7
xgboost,validation_2023_2024,7,0.7469743192195892,0.5,2
xgboost,validation_2023_2024,8,0.8688464489850131,0.8181818181818182,11
xgboost,validation_2023_2024,9,0.9488241460034039,0.9333333333333333,30
xgboost,validation_2023_2024,5,0.5449793934822083,0.0,1
xgboost,validation_2023_2024,6,0.661207948412214,0.5714285714285714,7
xgboost,validation_2023_2024,7,0.7510330677032471,1.0,1
xgboost,validation_2023_2024,8,0.8677016550844366,1.0,11
xgboost,validation_2023_2024,9,0.9446341918020236,0.9666666666666667,30
xgboost,validation_2023_2024,6,0.65034748117129,0.3333333333333333,6
xgboost,validation_2023_2024,7,0.7123072346051534,0.6666666666666666,3
xgboost,validation_2023_2024,8,0.8624559700489044,0.9,10
xgboost,validation_2023_2024,9,0.9424960734487337,0.9354838709677419,31
xgboost,validation_2023_2024,5,0.5653600096702576,1.0,1
xgboost,validation_2023_2024,6,0.6434067726135254,0.6,5
xgboost,validation_2023_2024,7,0.7384117046991984,0.0,3
xgboost,validation_2023_2024,8,0.8793707219037142,0.9090909090909091,11
xgboost,validation_2023_2024,9,0.9461972282438266,0.9,30
xgboost,validation_2023_2024,5,0.5521731376647949,1.0,1
xgboost,validation_2023_2024,6,0.6483514428138732,0.6,5
xgboost,validation_2023_2024,7,0.7163118322690328,1.0,3
xgboost,validation_2023_2024,8,0.8737785707820546,0.8181818181818182,11
xgboost,validation_2023_2024,9,0.943045416087785,0.9333333333333333,30
xgboost,validation_2023_2024,5,0.5926907658576965,1.0,1
xgboost,validation_2023_2024,6,0.64266370733579,0.8333333333333334,6
xgboost,validation_2023_2024,7,0.7647192478179932,0.6666666666666666,3
xgboost,validation_2023_2024,8,0.8649170771241188,1.0,8
xgboost,validation_2023_2024,9,0.9441520856794703,0.875,32
xgboost,validation_2023_2024,6,0.6362676545977592,0.625,8
xgboost,validation_2023_2024,7,0.7055925726890564,0.0,1
xgboost,validation_2023_2024,8,0.8645851082272,0.8888888888888888,9
xgboost,validation_2023_2024,9,0.9499222455647576,0.96875,32
xgboost,validation_2023_2024,4,0.4806995987892151,0.0,1
xgboost,validation_2023_2024,6,0.6723845104376475,0.8333333333333334,6
xgboost,validation_2023_2024,7,0.7801826298236847,1.0,2
xgboost,validation_2023_2024,8,0.8775923763002668,0.8571428571428571,14
xgboost,validation_2023_2024,9,0.9536963310626687,0.9259259259259259,27
xgboost,validation_2023_2024,5,0.5580140948295593,1.0,1
xgboost,validation_2023_2024,6,0.6507140795389811,0.6666666666666666,3
xgboost,validation_2023_2024,7,0.723577868938446,0.6,5
xgboost,validation_2023_2024,8,0.8655670434236526,0.875,8
xgboost,validation_2023_2024,9,0.942661166742786,0.8787878787878788,33
xgboost,validation_2023_2024,5,0.5623444318771362,1.0,1
xgboost,validation_2023_2024,6,0.6443170785903931,0.6,5
xgboost,validation_2023_2024,7,0.7163616120815277,0.75,4
xgboost,validation_2023_2024,8,0.8571377992630005,0.9090909090909091,11
xgboost,validation_2023_2024,9,0.9486117060953982,0.9310344827586207,29
xgboost,validation_2023_2024,5,0.583345890045166,1.0,1
xgboost,validation_2023_2024,6,0.6452454924583435,0.42857142857142855,7
xgboost,validation_2023_2024,7,0.7240252494812012,1.0,1
xgboost,validation_2023_2024,8,0.865439347922802,1.0,8
xgboost,validation_2023_2024,9,0.9478065431216257,0.9393939393939394,33
xgboost,validation_2023_2024,5,0.5588386952877045,1.0,2
xgboost,validation_2023_2024,6,0.671820068359375,0.8,5
xgboost,validation_2023_2024,7,0.7249445617198944,0.5,2
xgboost,validation_2023_2024,8,0.8657077484660678,0.8888888888888888,9
xgboost,validation_2023_2024,9,0.9444721384075272,0.90625,32
xgboost,validation_2023_2024,6,0.664005438486735,0.6666666666666666,6
xgboost,validation_2023_2024,7,0.7117851972579956,0.3333333333333333,3
xgboost,validation_2023_2024,8,0.8699873023562961,0.7777777777777778,9
xgboost,validation_2023_2024,9,0.9479883486506331,0.90625,32
xgboost,validation_2023_2024,5,0.5792863070964813,1.0,2
xgboost,validation_2023_2024,6,0.6461141407489777,1.0,4
xgboost,validation_2023_2024,7,0.7340578734874725,0.5,4
xgboost,validation_2023_2024,8,0.8763782262802124,0.9,10
xgboost,validation_2023_2024,9,0.9446850444981244,0.9333333333333333,30
xgboost,validation_2023_2024,5,0.585970938205719,1.0,1
xgboost,validation_2023_2024,6,0.6457376678784689,0.6666666666666666,6
xgboost,validation_2023_2024,7,0.7355979482332865,1.0,3
xgboost,validation_2023_2024,8,0.8693135844336616,1.0,9
xgboost,validation_2023_2024,9,0.9429764830401623,0.8387096774193549,31
xgboost,validation_2023_2024,5,0.5847080945968628,1.0,1
xgboost,validation_2023_2024,6,0.6553618737629482,0.7142857142857143,7
xgboost,validation_2023_2024,7,0.7642845213413239,0.5,2
xgboost,validation_2023_2024,8,0.8693523481488228,1.0,8
xgboost,validation_2023_2024,9,0.9469794245538103,0.90625,32
xgboost,validation_2023_2024,5,0.5899316668510437,0.6666666666666666,3
xgboost,validation_2023_2024,6,0.6647440195083618,0.75,4
xgboost,validation_2023_2024,7,0.7277243137359619,1.0,2
xgboost,validation_2023_2024,8,0.872129887342453,0.9,10
xgboost,validation_2023_2024,9,0.9454377087959154,0.9354838709677419,31
xgboost,validation_2023_2024,5,0.5448285639286041,0.0,2
xgboost,validation_2023_2024,6,0.6664107322692872,0.8,5
xgboost,validation_2023_2024,7,0.7340949773788452,0.0,2
xgboost,validation_2023_2024,8,0.8720076588483957,1.0,13
xgboost,validation_2023_2024,9,0.9438455515789972,0.8214285714285714,28
xgboost,validation_2023_2024,5,0.5892387628555298,0.5,2
xgboost,validation_2023_2024,6,0.6425909002621969,0.6666666666666666,6
xgboost,validation_2023_2024,7,0.7173426151275635,1.0,1
xgboost,validation_2023_2024,8,0.8719755325998578,0.8571428571428571,7
xgboost,validation_2023_2024,9,0.9492229421444489,1.0,34
xgboost,validation_2023_2024,6,0.6570872579302106,0.5714285714285714,7
xgboost,validation_2023_2024,7,0.7202971875667572,1.0,2
xgboost,validation_2023_2024,8,0.8687461068232855,1.0,12
xgboost,validation_2023_2024,9,0.9405660553336952,0.896551724137931,29
xgboost,validation_2023_2024,5,0.569917619228363,0.3333333333333333,3
xgboost,validation_2023_2024,6,0.6521838704744974,0.5,6
xgboost,validation_2023_2024,8,0.8705257177352905,0.875,8
xgboost,validation_2023_2024,9,0.9493354528337524,0.8787878787878788,33
xgboost,validation_2023_2024,5,0.563616156578064,1.0,1
xgboost,validation_2023_2024,6,0.6526683926582336,0.4,5
xgboost,validation_2023_2024,7,0.7288568615913391,0.75,4
xgboost,validation_2023_2024,8,0.8713524878025055,1.0,10
xgboost,validation_2023_2024,9,0.952256169528642,0.9333333333333333,30
xgboost,validation_2023_2024,5,0.5927807986736298,0.5,2
xgboost,validation_2023_2024,6,0.6464079817136129,0.6666666666666666,6
xgboost,validation_2023_2024,7,0.7077436447143555,1.0,1
xgboost,validation_2023_2024,8,0.8690441995859146,1.0,12
xgboost,validation_2023_2024,9,0.9403866165782652,0.896551724137931,29
xgboost,validation_2023_2024,5,0.5925066471099854,0.0,1
xgboost,validation_2023_2024,6,0.6533358011926923,0.8571428571428571,7
xgboost,validation_2023_2024,7,0.7484774589538574,1.0,1
xgboost,validation_2023_2024,8,0.8652636517177928,0.8181818181818182,11
xgboost,validation_2023_2024,9,0.9490335033445345,0.9666666666666667,30
xgboost,validation_2023_2024,4,0.4686357378959656,1.0,1
xgboost,validation_2023_2024,5,0.541059136390686,0.0,1
xgboost,validation_2023_2024,6,0.6391345759232839,0.3333333333333333,6
xgboost,validation_2023_2024,7,0.7254550457000732,1.0,1
xgboost,validation_2023_2024,8,0.8792128920555115,0.9,10
xgboost,validation_2023_2024,9,0.9468588296548769,0.9354838709677419,31
xgboost,validation_2023_2024,5,0.5553584694862366,1.0,3
xgboost,validation_2023_2024,6,0.6340330004692077,0.6,5
xgboost,validation_2023_2024,7,0.7519059181213379,1.0,2
xgboost,validation_2023_2024,8,0.8786347260077795,0.9166666666666666,12
xgboost,validation_2023_2024,9,0.9437556805470998,0.9285714285714286,28
xgboost,validation_2023_2024,5,0.5736011266708374,0.0,2
xgboost,validation_2023_2024,6,0.6675167679786682,0.5,2
xgboost,validation_2023_2024,7,0.7393433025905064,0.7142857142857143,7
xgboost,validation_2023_2024,8,0.8765986561775208,0.7777777777777778,9
xgboost,validation_2023_2024,9,0.9489903018980014,0.9,30
xgboost,validation_2023_2024,5,0.5726118683815002,1.0,2
xgboost,validation_2023_2024,6,0.6683272361755371,0.4,5
xgboost,validation_2023_2024,7,0.7359611789385477,0.6666666666666666,3
xgboost,validation_2023_2024,8,0.8693287041452196,0.7777777777777778,9
xgboost,validation_2023_2024,9,0.9469560525214276,0.9354838709677419,31
xgboost,validation_2023_2024,5,0.576003760099411,1.0,2
xgboost,validation_2023_2024,6,0.657569968700409,0.8,5
xgboost,validation_2023_2024,7,0.7439222534497579,0.3333333333333333,3
xgboost,validation_2023_2024,8,0.8664734032418993,0.8888888888888888,9
xgboost,validation_2023_2024,9,0.9408692300424256,0.8709677419354839,31
xgboost,validation_2023_2024,5,0.5796525478363037,1.0,1
xgboost,validation_2023_2024,6,0.6607760310173034,0.8,5
xgboost,validation_2023_2024,7,0.7210413217544556,1.0,4
xgboost,validation_2023_2024,8,0.8627297480901083,0.8888888888888888,9
xgboost,validation_2023_2024,9,0.9420547933452348,1.0,31
xgboost,validation_2023_2024,5,0.5106255412101746,1.0,1
xgboost,validation_2023_2024,6,0.6704061776399612,0.875,8
xgboost,validation_2023_2024,7,0.7128800749778748,1.0,1
xgboost,validation_2023_2024,8,0.8862860898176829,1.0,6
xgboost,validation_2023_2024,9,0.9456092089509953,0.9411764705882353,34
xgboost,validation_2023_2024,5,0.5641316771507263,0.3333333333333333,3
xgboost,validation_2023_2024,6,0.6724103838205338,0.75,4
xgboost,validation_2023_2024,7,0.7185828983783722,1.0,2
xgboost,validation_2023_2024,8,0.8720743656158447,1.0,8
xgboost,validation_2023_2024,9,0.9391892901070901,0.9090909090909091,33
xgboost,validation_2023_2024,6,0.6614952385425568,1.0,4
xgboost,validation_2023_2024,7,0.716238796710968,0.6,5
xgboost,validation_2023_2024,8,0.8717726394534111,0.875,8
xgboost,validation_2023_2024,9,0.9466409995798619,1.0,33
xgboost,validation_2023_2024,4,0.40808579325675964,0.0,1
xgboost,validation_2023_2024,5,0.5931913256645203,1.0,1
xgboost,validation_2023_2024,6,0.6627125978469849,0.6,5
xgboost,validation_2023_2024,7,0.7258190910021464,0.6666666666666666,3
xgboost,validation_2023_2024,8,0.8576820691426595,0.8888888888888888,9
xgboost,validation_2023_2024,9,0.9469138524329266,0.9032258064516129,31
xgboost,validation_2023_2024,5,0.5726799964904785,1.0,1
xgboost,validation_2023_2024,6,0.6659808456897736,0.8333333333333334,6
xgboost,validation_2023_2024,7,0.7339349587758383,1.0,3
xgboost,validation_2023_2024,8,0.8686650503765453,0.9090909090909091,11
xgboost,validation_2023_2024,9,0.9487452410530208,0.9310344827586207,29
xgboost,validation_2023_2024,5,0.5905109643936157,0.0,1
xgboost,validation_2023_2024,6,0.6515164801052639,0.5714285714285714,7
xgboost,validation_2023_2024,7,0.7396602034568787,0.5,2
xgboost,validation_2023_2024,8,0.8754663070042928,0.8888888888888888,9
xgboost,validation_2023_2024,9,0.9450927632574869,0.9032258064516129,31
xgboost,validation_2023_2024,6,0.6485221215656826,0.5714285714285714,7
xgboost,validation_2023_2024,7,0.7076356709003448,1.0,2
xgboost,validation_2023_2024,8,0.8713309566179911,0.8333333333333334,6
xgboost,validation_2023_2024,9,0.9394105746157498,0.9714285714285714,35
xgboost,validation_2023_2024,6,0.6602152841431754,0.42857142857142855,7
xgboost,validation_2023_2024,7,0.7566290100415548,1.0,3
xgboost,validation_2023_2024,8,0.8722521265347799,0.7777777777777778,9
xgboost,validation_2023_2024,9,0.9452367392383071,0.9354838709677419,31
xgboost,validation_2023_2024,5,0.5226579904556274,0.5,2
xgboost,validation_2023_2024,6,0.6391144752502441,0.6,5
xgboost,validation_2023_2024,7,0.7378816455602646,1.0,4
xgboost,validation_2023_2024,8,0.8652937497411456,0.7142857142857143,7
xgboost,validation_2023_2024,9,0.942992389771043,0.9375,32
xgboost,validation_2023_2024,5,0.5704865256945292,0.6666666666666666,3
xgboost,validation_2023_2024,6,0.6539588570594788,0.6,5
xgboost,validation_2023_2024,7,0.7070062160491943,1.0,1
xgboost,validation_2023_2024,8,0.8763985455036163,1.0,10
xgboost,validation_2023_2024,9,0.94912222567189,0.8387096774193549,31
xgboost,validation_2023_2024,5,0.5767253239949545,0.6666666666666666,3
xgboost,validation_2023_2024,6,0.6395443677902222,0.5,4
xgboost,validation_2023_2024,7,0.7417478263378143,0.0,2
xgboost,validation_2023_2024,8,0.8622769171541388,0.8181818181818182,11
xgboost,validation_2023_2024,9,0.948774918527284,1.0,30
xgboost,validation_2023_2024,5,0.5721025615930557,0.5,4
xgboost,validation_2023_2024,6,0.6623097658157349,1.0,3
xgboost,validation_2023_2024,7,0.7406054933865865,1.0,3
xgboost,validation_2023_2024,8,0.8701618164777756,0.9166666666666666,12
xgboost,validation_2023_2024,9,0.952366535802908,1.0,28
xgboost,validation_2023_2024,5,0.5897360046704611,1.0,3
xgboost,validation_2023_2024,6,0.6620537281036377,0.6,5
xgboost,validation_2023_2024,7,0.7205979228019714,1.0,1
xgboost,validation_2023_2024,8,0.874478513544256,1.0,11
xgboost,validation_2023_2024,9,0.9498355494050966,0.8666666666666667,30
xgboost,validation_2023_2024,5,0.5914937257766724,1.0,1
xgboost,validation_2023_2024,6,0.6702717840671539,0.6666666666666666,6
xgboost,validation_2023_2024,7,0.7236456573009491,0.5,2
xgboost,validation_2023_2024,8,0.8660204741689894,0.8888888888888888,9
xgboost,validation_2023_2024,9,0.9458640260723221,0.90625,32
xgboost,validation_2023_2024,5,0.5362005233764648,0.0,1
xgboost,validation_2023_2024,6,0.6485109627246857,0.6666666666666666,6
xgboost,validation_2023_2024,7,0.742605060338974,1.0,2
xgboost,validation_2023_2024,8,0.8474021454652151,0.8333333333333334,6
xgboost,validation_2023_2024,9,0.949240211598259,0.8571428571428571,35
xgboost,validation_2023_2024,4,0.48604005575180054,1.0,1
xgboost,validation_2023_2024,5,0.5699422955513,0.3333333333333333,3
xgboost,validation_2023_2024,6,0.6503995259602865,0.6666666666666666,3
xgboost,validation_2023_2024,7,0.7536709308624268,1.0,2
xgboost,validation_2023_2024,8,0.8732870101928711,0.8,10
xgboost,validation_2023_2024,9,0.9469177286575674,0.8387096774193549,31
xgboost,validation_2023_2024,5,0.5617881019910177,1.0,3
xgboost,validation_2023_2024,6,0.6454548537731171,0.75,4
xgboost,validation_2023_2024,7,0.7572174966335297,0.5,2
xgboost,validation_2023_2024,8,0.8647720681296455,0.8888888888888888,9
xgboost,validation_2023_2024,9,0.9506723793324816,0.9375,32
xgboost,validation_2023_2024,5,0.5473356246948242,0.6666666666666666,3
xgboost,validation_2023_2024,6,0.6707379221916199,0.6666666666666666,3
xgboost,validation_2023_2024,7,0.7362824529409409,0.75,4
xgboost,validation_2023_2024,8,0.8704591929912567,0.9,10
xgboost,validation_2023_2024,9,0.9443561182527529,0.9666666666666667,30
xgboost,validation_2023_2024,5,0.5853288769721985,0.3333333333333333,3
xgboost,validation_2023_2024,6,0.6462333917617797,0.8,5
xgboost,validation_2023_2024,7,0.7581010460853577,0.5,2
xgboost,validation_2023_2024,8,0.874933548271656,1.0,8
xgboost,validation_2023_2024,9,0.9487636020508396,0.9375,32
xgboost,validation_2023_2024,5,0.5887899100780487,1.0,2
xgboost,validation_2023_2024,6,0.6549410905156817,0.5714285714285714,7
xgboost,validation_2023_2024,8,0.8649553656578064,1.0,12
xgboost,validation_2023_2024,9,0.9477517816638933,0.896551724137931,29
xgboost,validation_2023_2024,6,0.6595552802085877,0.4,5
xgboost,validation_2023_2024,7,0.7293900966644287,0.6,5
xgboost,validation_2023_2024,8,0.882261206706365,0.9166666666666666,12
xgboost,validation_2023_2024,9,0.9495996903211716,0.9285714285714286,28
xgboost,validation_2023_2024,6,0.6334261695543925,0.6666666666666666,6
xgboost,validation_2023_2024,7,0.73741015791893,0.75,4
xgboost,validation_2023_2024,8,0.8752834975719452,0.9,10
xgboost,validation_2023_2024,9,0.9432875043261834,1.0,30
xgboost,validation_2023_2024,5,0.5870991945266724,1.0,1
xgboost,validation_2023_2024,6,0.6690459549427032,0.6666666666666666,6
xgboost,validation_2023_2024,7,0.7855662107467651,0.3333333333333333,3
xgboost,validation_2023_2024,8,0.8692521527409554,0.75,8
xgboost,validation_2023_2024,9,0.9434267791089403,0.90625,32
xgboost,validation_2023_2024,5,0.5804004073143005,0.0,1
xgboost,validation_2023_2024,6,0.6576689226286752,0.7142857142857143,7
xgboost,validation_2023_2024,7,0.7328745126724243,1.0,1
xgboost,validation_2023_2024,8,0.8521112468507555,1.0,9
xgboost,validation_2023_2024,9,0.9415839711305487,0.96875,32
xgboost,validation_2023_2024,5,0.5796979467074076,0.6666666666666666,3
xgboost,validation_2023_2024,6,0.6589053670565287,0.5,6
xgboost,validation_2023_2024,7,0.7956182956695557,1.0,1
xgboost,validation_2023_2024,8,0.8717597797513008,1.0,8
xgboost,validation_2023_2024,9,0.9479881530728924,0.96875,32
xgboost,validation_2023_2024,6,0.6631489157676697,0.6,5
xgboost,validation_2023_2024,7,0.7211031466722488,0.25,4
xgboost,validation_2023_2024,8,0.8704437938603488,0.8181818181818182,11
xgboost,validation_2023_2024,9,0.9425727592020022,0.9,30
xgboost,validation_2023_2024,6,0.6505640347798666,0.6666666666666666,9
xgboost,validation_2023_2024,8,0.8463855485121409,0.8333333333333334,6
xgboost,validation_2023_2024,9,0.9382324819998049,0.9428571428571428,35
xgboost,validation_2023_2024,6,0.6431393623352051,0.4,5
xgboost,validation_2023_2024,7,0.7479357719421387,0.6,5
xgboost,validation_2023_2024,8,0.8724604977501763,0.8888888888888888,9
xgboost,validation_2023_2024,9,0.9426948799345558,0.9032258064516129,31
xgboost,validation_2023_2024,5,0.5730373859405518,1.0,1
xgboost,validation_2023_2024,6,0.6473197255815778,0.8571428571428571,7
xgboost,validation_2023_2024,7,0.7376201351483663,0.6666666666666666,3
xgboost,validation_2023_2024,8,0.8767514030138651,1.0,6
xgboost,validation_2023_2024,9,0.943371518643407,0.9393939393939394,33
xgboost,validation_2023_2024,6,0.6598975360393524,0.875,8
xgboost,validation_2023_2024,7,0.7082363367080688,0.0,1
xgboost,validation_2023_2024,8,0.8663402080535889,0.8,5
xgboost,validation_2023_2024,9,0.9479398550348801,0.9166666666666666,36
xgboost,validation_2023_2024,6,0.6401459574699402,0.8333333333333334,6
xgboost,validation_2023_2024,7,0.7244485020637512,0.3333333333333333,3
xgboost,validation_2023_2024,8,0.8785984590649605,1.0,8
xgboost,validation_2023_2024,9,0.9398910607450647,1.0,33
xgboost,validation_2023_2024,4,0.48507949709892273,1.0,1
xgboost,validation_2023_2024,6,0.6322711621012006,0.5714285714285714,7
xgboost,validation_2023_2024,7,0.776046097278595,1.0,1
xgboost,validation_2023_2024,8,0.8803920745849609,0.8333333333333334,6
xgboost,validation_2023_2024,9,0.9394996784507196,0.9142857142857143,35
xgboost,validation_2023_2024,5,0.5810723304748535,1.0,1
xgboost,validation_2023_2024,6,0.6465903520584106,0.5,6
xgboost,validation_2023_2024,7,0.7240045368671417,0.5,2
xgboost,validation_2023_2024,8,0.8647426631715562,0.7777777777777778,9
xgboost,validation_2023_2024,9,0.9455065583911526,0.9375,32
xgboost,validation_2023_2024,5,0.5874872803688049,0.5,2
xgboost,validation_2023_2024,6,0.6608882943789164,0.8333333333333334,6
xgboost,validation_2023_2024,7,0.7712976932525635,1.0,2
xgboost,validation_2023_2024,8,0.8617306020524766,0.8888888888888888,9
xgboost,validation_2023_2024,9,0.9444404557932564,0.967741935483871,31
xgboost,validation_2023_2024,4,0.46902793645858765,1.0,1
xgboost,validation_2023_2024,6,0.6603245809674263,0.75,8
xgboost,validation_2023_2024,8,0.8687912126382192,1.0,12
xgboost,validation_2023_2024,9,0.94765411637043,0.9310344827586207,29
xgboost,validation_2023_2024,6,0.6389617443084716,0.8,5
xgboost,validation_2023_2024,7,0.7228352129459381,0.75,4
xgboost,validation_2023_2024,8,0.8654917819159371,1.0,7
xgboost,validation_2023_2024,9,0.9453478127813328,0.8823529411764706,34
xgboost,validation_2023_2024,6,0.6545566150120327,0.2857142857142857,7
xgboost,validation_2023_2024,7,0.7563793957233429,1.0,4
xgboost,validation_2023_2024,8,0.8855637907981873,1.0,3
xgboost,validation_2023_2024,9,0.9418758837803194,0.9444444444444444,36
xgboost,validation_2023_2024,6,0.656591514746348,0.6666666666666666,6
xgboost,validation_2023_2024,7,0.729693611462911,0.6666666666666666,3
xgboost,validation_2023_2024,8,0.8621427714824677,0.6666666666666666,6
xgboost,validation_2023_2024,9,0.9408085743111191,0.9714285714285714,35
xgboost,validation_2023_2024,5,0.5839024782180786,1.0,1
xgboost,validation_2023_2024,6,0.6445461392402649,0.8,5
xgboost,validation_2023_2024,7,0.7448959151903788,0.3333333333333333,3
xgboost,validation_2023_2024,8,0.8694699449198586,0.9285714285714286,14
xgboost,validation_2023_2024,9,0.9456265862461358,1.0,27
xgboost,validation_2023_2024,5,0.5788554350535074,0.3333333333333333,3
xgboost,validation_2023_2024,6,0.6512232542037963,0.8,5
xgboost,validation_2023_2024,7,0.7032343745231628,1.0,1
xgboost,validation_2023_2024,8,0.8667101621627807,0.8666666666666667,15
xgboost,validation_2023_2024,9,0.9474821464498212,0.9615384615384616,26
xgboost,validation_2023_2024,5,0.5402339100837708,1.0,2
xgboost,validation_2023_2024,6,0.6663920283317566,0.6,5
xgboost,validation_2023_2024,7,0.7283968329429626,0.5,2
xgboost,validation_2023_2024,8,0.8665610104799271,0.75,12
xgboost,validation_2023_2024,9,0.9533272104128463,0.9310344827586207,29
xgboost,validation_2023_2024,5,0.5342989166577657,0.6666666666666666,3
xgboost,validation_2023_2024,6,0.6668132146199545,0.6666666666666666,3
xgboost,validation_2023_2024,7,0.7461983412504196,0.5,4
xgboost,validation_2023_2024,8,0.8674235343933105,0.8,10
xgboost,validation_2023_2024,9,0.950063825260479,0.9333333333333333,30
xgboost,validation_2023_2024,6,0.6519979357719421,0.8,5
xgboost,validation_2023_2024,7,0.7277318239212036,0.75,4
xgboost,validation_2023_2024,8,0.8587938249111176,0.8333333333333334,12
xgboost,validation_2023_2024,9,0.949305853567122,0.9655172413793104,29
xgboost,validation_2023_2024,6,0.6426508824030558,0.6666666666666666,6
xgboost,validation_2023_2024,7,0.7276797741651535,0.75,4
xgboost,validation_2023_2024,8,0.8762206435203552,0.8571428571428571,7
xgboost,validation_2023_2024,9,0.945675285125211,0.9696969696969697,33
xgboost,validation_2023_2024,5,0.5494950115680695,0.0,2
xgboost,validation_2023_2024,6,0.6502018928527832,0.8,5
xgboost,validation_2023_2024,7,0.7248839735984802,0.0,1
xgboost,validation_2023_2024,8,0.8780454516410827,0.8666666666666667,15
xgboost,validation_2023_2024,9,0.9543748703387918,0.9629629629629629,27
xgboost,validation_2023_2024,5,0.5473105311393738,1.0,3
xgboost,validation_2023_2024,6,0.6524969696998596,0.8,5
xgboost,validation_2023_2024,7,0.7568598985671997,0.0,1
xgboost,validation_2023_2024,8,0.8670065303643545,0.9166666666666666,12
xgboost,validation_2023_2024,9,0.9435714448432251,0.8620689655172413,29
xgboost,validation_2023_2024,5,0.559670646985372,0.6666666666666666,3
xgboost,validation_2023_2024,6,0.6432607571283976,0.6666666666666666,3
xgboost,validation_2023_2024,7,0.7490726908047994,1.0,3
xgboost,validation_2023_2024,8,0.8724158189513467,0.8181818181818182,11
xgboost,validation_2023_2024,9,0.949375310153642,0.9666666666666667,30
xgboost,validation_2023_2024,5,0.5431964993476868,1.0,1
xgboost,validation_2023_2024,6,0.6498665928840637,0.6,5
xgboost,validation_2023_2024,7,0.7365432381629944,0.6666666666666666,3
xgboost,validation_2023_2024,8,0.8796421072699807,0.9090909090909091,11
xgboost,validation_2023_2024,9,0.9483779933163312,0.9666666666666667,30
xgboost,validation_2023_2024,5,0.5871340235074362,1.0,3
xgboost,validation_2023_2024,6,0.6522080898284912,0.2,5
xgboost,validation_2023_2024,7,0.7130401730537415,1.0,1
xgboost,validation_2023_2024,8,0.8733812391757965,0.9,10
xgboost,validation_2023_2024,9,0.9454554632891365,0.9354838709677419,31
xgboost,validation_2023_2024,5,0.5453932682673136,0.3333333333333333,3
xgboost,validation_2023_2024,6,0.6362021118402481,1.0,4
xgboost,validation_2023_2024,7,0.7355612218379974,0.0,2
xgboost,validation_2023_2024,8,0.8806456327438354,0.8888888888888888,9
xgboost,validation_2023_2024,9,0.9467465361681568,0.9375,32
xgboost,validation_2023_2024,6,0.6449359995978219,0.8571428571428571,7
xgboost,validation_2023_2024,7,0.752196878194809,1.0,2
xgboost,validation_2023_2024,8,0.8686236619949341,0.9,10
xgboost,validation_2023_2024,9,0.9404981430604369,0.967741935483871,31
xgboost,validation_2023_2024,5,0.5826998949050903,1.0,1
xgboost,validation_2023_2024,6,0.6593816995620727,0.4,5
xgboost,validation_2023_2024,7,0.7141749064127604,0.6666666666666666,3
xgboost,validation_2023_2024,8,0.8655123710632324,0.8888888888888888,9
xgboost,validation_2023_2024,9,0.9442650085416424,0.875,32
xgboost,validation_2023_2024,5,0.563882514834404,1.0,4
xgboost,validation_2023_2024,6,0.6598585695028305,0.5,4
xgboost,validation_2023_2024,7,0.7074868083000183,1.0,1
xgboost,validation_2023_2024,8,0.877449369430542,0.8666666666666667,15
xgboost,validation_2023_2024,9,0.9511411288734568,0.9615384615384616,26
xgboost,validation_2023_2024,5,0.5663387179374695,1.0,1
xgboost,validation_2023_2024,6,0.6431374251842499,0.75,4
xgboost,validation_2023_2024,7,0.7412234842777252,0.25,4
xgboost,validation_2023_2024,8,0.8613944223948887,1.0,7
xgboost,validation_2023_2024,9,0.9504203433594973,0.9411764705882353,34
xgboost,validation_2023_2024,5,0.573143720626831,0.0,2
xgboost,validation_2023_2024,6,0.649307370185852,0.75,4
xgboost,validation_2023_2024,7,0.7179397543271383,0.6666666666666666,3
xgboost,validation_2023_2024,8,0.8631288409233093,1.0,9
xgboost,validation_2023_2024,9,0.9455759475108969,0.84375,32
xgboost,validation_2023_2024,6,0.6434669613838195,0.4,5
xgboost,validation_2023_2024,7,0.7602573871612549,0.6,5
xgboost,validation_2023_2024,8,0.8691976606845856,0.8,10
xgboost,validation_2023_2024,9,0.9468934621521619,0.9666666666666667,30
xgboost,validation_2023_2024,6,0.6611019968986511,0.8333333333333334,6
xgboost,validation_2023_2024,7,0.7575806975364685,1.0,3
xgboost,validation_2023_2024,8,0.8853626474738121,0.75,8
xgboost,validation_2023_2024,9,0.9409124983177751,0.8787878787878788,33
xgboost,validation_2023_2024,5,0.5804923474788666,0.5,2
xgboost,validation_2023_2024,6,0.6428928176561991,0.5,6
xgboost,validation_2023_2024,7,0.7490174174308777,1.0,1
xgboost,validation_2023_2024,8,0.8686415186295142,0.9230769230769231,13
xgboost,validation_2023_2024,9,0.94851433870077,0.9642857142857143,28
xgboost,validation_2023_2024,4,0.4237930476665497,1.0,1
xgboost,validation_2023_2024,5,0.5837823748588562,1.0,1
xgboost,validation_2023_2024,6,0.6676750580469767,0.6666666666666666,3
xgboost,validation_2023_2024,7,0.747143566608429,0.6666666666666666,6
xgboost,validation_2023_2024,8,0.8824666937192281,0.8888888888888888,9
xgboost,validation_2023_2024,9,0.9486473467060712,0.9666666666666667,30
xgboost,validation_2023_2024,5,0.5845029801130295,0.75,4
xgboost,validation_2023_2024,6,0.6501049995422363,0.3333333333333333,3
xgboost,validation_2023_2024,7,0.7219975888729095,1.0,2
xgboost,validation_2023_2024,8,0.8785057067871094,0.8,10
xgboost,validation_2023_2024,9,0.9472803940800685,0.8709677419354839,31
xgboost,validation_2023_2024,6,0.6576135059197744,0.8333333333333334,6
xgboost,validation_2023_2024,7,0.7446060180664062,0.6666666666666666,3
xgboost,validation_2023_2024,8,0.8757059953429482,1.0,11
xgboost,validation_2023_2024,9,0.9530394957571017,0.9333333333333333,30
xgboost,validation_2023_2024,5,0.5939648151397705,1.0,3
xgboost,validation_2023_2024,6,0.6564191977183024,1.0,3
xgboost,validation_2023_2024,7,0.7459436058998108,1.0,3
xgboost,validation_2023_2024,8,0.8547694027423859,0.7,10
xgboost,validation_2023_2024,9,0.9464240426121976,0.9354838709677419,31
xgboost,validation_2023_2024,6,0.642863521973292,0.6666666666666666,6
xgboost,validation_2023_2024,7,0.7436083793640137,0.8,5
xgboost,validation_2023_2024,8,0.8814476331075033,1.0,9
xgboost,validation_2023_2024,9,0.9466811980911878,0.9333333333333333,30
xgboost,validation_2023_2024,5,0.5854655802249908,0.5,2
xgboost,validation_2023_2024,6,0.6525431632995605,0.6,5
xgboost,validation_2023_2024,7,0.7628337740898132,0.6666666666666666,3
xgboost,validation_2023_2024,8,0.8668440309437838,0.7272727272727273,11
xgboost,validation_2023_2024,9,0.9472496515829797,0.9655172413793104,29
xgboost,validation_2023_2024,6,0.6544150965554374,0.7142857142857143,7
xgboost,validation_2023_2024,7,0.7265126705169678,0.6666666666666666,3
xgboost,validation_2023_2024,8,0.8838025689125061,1.0,5
xgboost,validation_2023_2024,9,0.9415746642954679,0.9714285714285714,35
xgboost,validation_2023_2024,6,0.6466992497444153,0.6666666666666666,6
xgboost,validation_2023_2024,7,0.7399600148200989,1.0,3
xgboost,validation_2023_2024,8,0.8684947869994424,0.9090909090909091,11
xgboost,validation_2023_2024,9,0.9425715849905001,0.9666666666666667,30
xgboost,validation_2023_2024,5,0.5535485148429871,1.0,1
xgboost,validation_2023_2024,6,0.6286725699901581,0.8333333333333334,6
xgboost,validation_2023_2024,7,0.7468819618225098,0.5,2
xgboost,validation_2023_2024,8,0.8717662543058395,1.0,8
xgboost,validation_2023_2024,9,0.9468070942442334,0.9696969696969697,33
xgboost,validation_2023_2024,5,0.5854764779408773,0.6666666666666666,3
xgboost,validation_2023_2024,6,0.654805064201355,0.5,4
xgboost,validation_2023_2024,7,0.7348298132419586,1.0,2
xgboost,validation_2023_2024,8,0.8635798022150993,1.0,8
xgboost,validation_2023_2024,9,0.9488857339827208,0.8787878787878788,33
xgboost,validation_2023_2024,5,0.5775283873081207,0.5,2
xgboost,validation_2023_2024,6,0.6529937187830607,0.5,6
xgboost,validation_2023_2024,7,0.7021428942680359,1.0,1
xgboost,validation_2023_2024,8,0.87066139624669,1.0,13
xgboost,validation_2023_2024,9,0.9497115788831015,0.9642857142857143,28
xgboost,validation_2023_2024,5,0.5768828392028809,1.0,1
xgboost,validation_2023_2024,6,0.653620047228677,0.7142857142857143,7
xgboost,validation_2023_2024,7,0.7634868621826172,1.0,2
xgboost,validation_2023_2024,8,0.880311393737793,1.0,5
xgboost,validation_2023_2024,9,0.943053196677888,0.9142857142857143,35
xgboost,validation_2023_2024,5,0.5793312191963196,1.0,1
xgboost,validation_2023_2024,6,0.6686987195696149,0.5714285714285714,7
xgboost,validation_2023_2024,7,0.7018135786056519,1.0,1
xgboost,validation_2023_2024,8,0.8717027852932612,1.0,12
xgboost,validation_2023_2024,9,0.9466192749151677,0.896551724137931,29
xgboost,validation_2023_2024,5,0.5558906197547913,1.0,1
xgboost,validation_2023_2024,6,0.6492836901119777,0.5714285714285714,7
xgboost,validation_2023_2024,7,0.7284623980522156,1.0,1
xgboost,validation_2023_2024,8,0.8610830307006836,0.7142857142857143,7
xgboost,validation_2023_2024,9,0.9426634036538168,0.9411764705882353,34
xgboost,validation_2023_2024,5,0.5580221712589264,0.5,2
xgboost,validation_2023_2024,6,0.6604411701361338,0.6666666666666666,6
xgboost,validation_2023_2024,7,0.7179043889045715,0.0,1
xgboost,validation_2023_2024,8,0.8653988391160965,1.0,8
xgboost,validation_2023_2024,9,0.9439350913969664,0.9090909090909091,33
xgboost,validation_2023_2024,5,0.5618571788072586,0.75,4
xgboost,validation_2023_2024,6,0.6570546925067902,0.5,4
xgboost,validation_2023_2024,7,0.7282182574272156,1.0,1
xgboost,validation_2023_2024,8,0.8875171882765633,0.8571428571428571,7
xgboost,validation_2023_2024,9,0.9435885589007759,0.9411764705882353,34
xgboost,validation_2023_2024,5,0.5487812757492065,1.0,1
xgboost,validation_2023_2024,6,0.6527867913246155,0.6666666666666666,6
xgboost,validation_2023_2024,7,0.7196882367134094,1.0,2
xgboost,validation_2023_2024,8,0.8813556060194969,1.0,8
xgboost,validation_2023_2024,9,0.9438175781304897,0.9393939393939394,33
xgboost,validation_2023_2024,5,0.5708873271942139,0.6666666666666666,3
xgboost,validation_2023_2024,6,0.6698214888572693,0.6,5
xgboost,validation_2023_2024,7,0.7093827724456787,1.0,1
xgboost,validation_2023_2024,8,0.8595422685146332,1.0,10
xgboost,validation_2023_2024,9,0.9480122275995426,0.9354838709677419,31
xgboost,validation_2023_2024,5,0.5751806298891703,0.6666666666666666,3
xgboost,validation_2023_2024,6,0.6574053913354874,0.25,4
xgboost,validation_2023_2024,7,0.7257954080899557,0.6666666666666666,3
xgboost,validation_2023_2024,8,0.8733239836162991,0.8888888888888888,9
xgboost,validation_2023_2024,9,0.9475447675978741,0.967741935483871,31
xgboost,validation_2023_2024,5,0.5819618900616964,0.6666666666666666,3
xgboost,validation_2023_2024,6,0.6484245856602987,0.6666666666666666,3
xgboost,validation_2023_2024,7,0.7228668530782064,0.6666666666666666,3
xgboost,validation_2023_2024,8,0.8649765957485546,0.8181818181818182,11
xgboost,validation_2023_2024,9,0.9464740620164859,0.9333333333333333,30
xgboost,validation_2023_2024,5,0.5787242949008942,1.0,2
xgboost,validation_2023_2024,6,0.6559385572160993,0.7142857142857143,7
xgboost,validation_2023_2024,7,0.7918643355369568,1.0,1
xgboost,validation_2023_2024,8,0.8749264153567228,1.0,11
xgboost,validation_2023_2024,9,0.9433747104641473,1.0,29
xgboost,validation_2023_2024,6,0.6540503005186716,0.8333333333333334,6
xgboost,validation_2023_2024,7,0.7289772828420004,0.6666666666666666,3
xgboost,validation_2023_2024,8,0.8642672747373581,0.9166666666666666,12
xgboost,validation_2023_2024,9,0.9456284607390686,0.9655172413793104,29
xgboost,validation_2023_2024,5,0.577808141708374,0.0,1
xgboost,validation_2023_2024,6,0.6443709234396616,0.6666666666666666,6
xgboost,validation_2023_2024,7,0.705880343914032,1.0,2
xgboost,validation_2023_2024,8,0.8705627202987671,0.9,10
xgboost,validation_2023_2024,9,0.9505835604387701,0.967741935483871,31
xgboost,validation_2023_2024,5,0.5138137340545654,0.0,1
xgboost,validation_2023_2024,6,0.6652815341949463,0.6666666666666666,6
xgboost,validation_2023_2024,7,0.7444680134455363,0.6666666666666666,3
xgboost,validation_2023_2024,8,0.8691752552986145,1.0,6
xgboost,validation_2023_2024,9,0.9445577830171574,0.9411764705882353,34
xgboost,validation_2023_2024,5,0.5837148725986481,0.5,2
xgboost,validation_2023_2024,6,0.6682450175285339,0.8,5
xgboost,validation_2023_2024,7,0.7304389476776123,0.0,2
xgboost,validation_2023_2024,8,0.8693991675972939,0.875,8
xgboost,validation_2023_2024,9,0.9478738801144097,0.9393939393939394,33
xgboost,validation_2023_2024,5,0.5781297087669373,1.0,2
xgboost,validation_2023_2024,6,0.6734366118907928,0.5,4
xgboost,validation_2023_2024,7,0.7133142153422037,1.0,3
xgboost,validation_2023_2024,8,0.8747395277023315,0.8888888888888888,9
xgboost,validation_2023_2024,9,0.9434815222498762,0.96875,32
xgboost,validation_2023_2024,5,0.5471253097057343,0.5,4
xgboost,validation_2023_2024,6,0.6483135521411896,0.75,4
xgboost,validation_2023_2024,7,0.737581878900528,1.0,2
xgboost,validation_2023_2024,8,0.8711593449115753,0.875,8
xgboost,validation_2023_2024,9,0.9471403123912203,0.84375,32
xgboost,validation_2023_2024,5,0.531874418258667,1.0,2
xgboost,validation_2023_2024,6,0.6832748532295227,0.6,5
xgboost,validation_2023_2024,7,0.7466806471347809,0.0,2
xgboost,validation_2023_2024,8,0.8833218216896057,0.8,10
xgboost,validation_2023_2024,9,0.9436708886881785,0.9354838709677419,31
xgboost,validation_2023_2024,5,0.5662511587142944,0.0,2
xgboost,validation_2023_2024,6,0.6435699701309204,0.8,5
xgboost,validation_2023_2024,7,0.7132160663604736,1.0,2
xgboost,validation_2023_2024,8,0.8714141726493836,0.9,10
xgboost,validation_2023_2024,9,0.9463656492876225,0.9032258064516129,31
xgboost,validation_2023_2024,5,0.589898407459259,1.0,1
xgboost,validation_2023_2024,6,0.6532092193762461,0.6666666666666666,6
xgboost,validation_2023_2024,7,0.7589141875505447,0.75,4
xgboost,validation_2023_2024,8,0.8705934087435404,0.8888888888888888,9
xgboost,validation_2023_2024,9,0.9470577464609133,0.9666666666666667,30
xgboost,validation_2023_2024,5,0.5570051968097687,0.0,2
xgboost,validation_2023_2024,6,0.6521689295768738,0.8571428571428571,7
xgboost,validation_2023_2024,8,0.88289834856987,0.8,10
xgboost,validation_2023_2024,9,0.9468240551514767,0.9032258064516129,31
xgboost,validation_2023_2024,5,0.5900157690048218,0.0,1
xgboost,validation_2023_2024,6,0.6336434781551361,0.25,4
xgboost,validation_2023_2024,7,0.7491050362586975,1.0,5
xgboost,validation_2023_2024,8,0.8626054525375366,0.8181818181818182,11
xgboost,validation_2023_2024,9,0.9523718692217189,0.896551724137931,29
xgboost,validation_2023_2024,5,0.5916581153869629,1.0,1
xgboost,validation_2023_2024,6,0.6607710719108582,0.6666666666666666,6
xgboost,validation_2023_2024,7,0.7316448986530304,1.0,2
xgboost,validation_2023_2024,8,0.8764119403702872,0.8571428571428571,7
xgboost,validation_2023_2024,9,0.9495612037627826,0.9117647058823529,34
xgboost,validation_2023_2024,4,0.4830104112625122,1.0,1
xgboost,validation_2023_2024,5,0.5955701470375061,0.0,1
xgboost,validation_2023_2024,6,0.6465625067551931,0.8333333333333334,6
xgboost,validation_2023_2024,7,0.7131245136260986,1.0,1
xgboost,validation_2023_2024,8,0.8623495499293009,0.8333333333333334,12
xgboost,validation_2023_2024,9,0.9502624361791269,0.8620689655172413,29
xgboost,validation_2023_2024,5,0.5723575353622437,1.0,1
xgboost,validation_2023_2024,6,0.6435330935886928,0.7142857142857143,7
xgboost,validation_2023_2024,7,0.7317348718643188,1.0,1
xgboost,validation_2023_2024,8,0.8758876125017802,0.8333333333333334,6
xgboost,validation_2023_2024,9,0.9441447365376597,0.9428571428571428,35
xgboost,validation_2023_2024,5,0.5880996783574423,0.3333333333333333,3
xgboost,validation_2023_2024,6,0.652452364563942,1.0,4
xgboost,validation_2023_2024,7,0.7379361192385355,0.6666666666666666,3
xgboost,validation_2023_2024,8,0.8742362585934725,0.8181818181818182,11
xgboost,validation_2023_2024,9,0.950912266569794,0.9310344827586207,29
xgboost,validation_2023_2024,5,0.5756038427352905,0.8,5
xgboost,validation_2023_2024,6,0.6791299879550934,0.5,4
xgboost,validation_2023_2024,8,0.868856817483902,0.9,10
xgboost,validation_2023_2024,9,0.9501623824824044,0.967741935483871,31
xgboost,validation_2023_2024,5,0.5614577829837799,0.5,2
xgboost,validation_2023_2024,6,0.651482377733503,0.7142857142857143,7
xgboost,validation_2023_2024,8,0.8732740349239774,0.8888888888888888,9
xgboost,validation_2023_2024,9,0.9415087090906489,0.9375,32
xgboost,validation_2023_2024,5,0.5682218372821808,0.5,2
xgboost,validation_2023_2024,6,0.640088677406311,0.6,5
xgboost,validation_2023_2024,7,0.7562949061393738,0.6666666666666666,3
xgboost,validation_2023_2024,8,0.8560059567292532,1.0,12
xgboost,validation_2023_2024,9,0.9505433361560944,0.9642857142857143,28
xgboost,validation_2023_2024,6,0.6451032519340515,0.6,5
xgboost,validation_2023_2024,7,0.74390709400177,1.0,4
xgboost,validation_2023_2024,8,0.8724118232727051,0.9,10
xgboost,validation_2023_2024,9,0.9453571809980934,0.8709677419354839,31
xgboost,validation_2023_2024,5,0.594427227973938,0.3333333333333333,3
xgboost,validation_2023_2024,6,0.6894779801368713,1.0,1
xgboost,validation_2023_2024,7,0.7433174649874369,0.8333333333333334,6
xgboost,validation_2023_2024,8,0.8697726130485535,0.875,8
xgboost,validation_2023_2024,9,0.9482725994762766,0.96875,32
xgboost,validation_2023_2024,5,0.5470350384712219,0.0,1
xgboost,validation_2023_2024,6,0.6580196976661682,0.6,5
xgboost,validation_2023_2024,7,0.7341913382212321,1.0,3
xgboost,validation_2023_2024,8,0.8805132177140977,0.7777777777777778,9
xgboost,validation_2023_2024,9,0.9434342334148276,0.96875,32
xgboost,validation_2023_2024,5,0.5736730694770813,0.5,2
xgboost,validation_2023_2024,6,0.6311373114585876,0.25,4
xgboost,validation_2023_2024,7,0.7716157734394073,0.75,4
xgboost,validation_2023_2024,8,0.8664439453019036,0.8888888888888888,9
xgboost,validation_2023_2024,9,0.9485096610466114,0.9354838709677419,31
xgboost,validation_2023_2024,5,0.5603180925051371,0.3333333333333333,3
xgboost,validation_2023_2024,6,0.6649707317352295,0.6,5
xgboost,validation_2023_2024,7,0.7680209875106812,1.0,1
xgboost,validation_2023_2024,8,0.8706229858928256,0.8888888888888888,9
xgboost,validation_2023_2024,9,0.9402157669988263,0.90625,32
xgboost,validation_2023_2024,5,0.5752873420715332,1.0,3
xgboost,validation_2023_2024,6,0.6423057019710541,0.75,4
xgboost,validation_2023_2024,7,0.7348936398824056,0.0,3
xgboost,validation_2023_2024,8,0.8663703582503579,0.8181818181818182,11
xgboost,validation_2023_2024,9,0.9458814064088348,0.9310344827586207,29
catboost,validation_2023_2024,5,0.5465358837310327,1.0,1
catboost,validation_2023_2024,6,0.6629251386406163,0.875,8
catboost,validation_2023_2024,8,0.8809321889213346,0.9090909090909091,11
catboost,validation_2023_2024,9,0.9445138756653436,0.9666666666666667,30
catboost,validation_2023_2024,5,0.59457133639989,1.0,1
catboost,validation_2023_2024,6,0.6495942637008358,0.5714285714285714,7
catboost,validation_2023_2024,7,0.7144799032356116,1.0,1
catboost,validation_2023_2024,8,0.882165669584747,1.0,9
catboost,validation_2023_2024,9,0.9403440253690646,0.90625,32
catboost,validation_2023_2024,6,0.6377852104512933,0.8888888888888888,9
catboost,validation_2023_2024,8,0.888244768766125,0.8,10
catboost,validation_2023_2024,9,0.9461702161214403,0.967741935483871,31
catboost,validation_2023_2024,6,0.6503934054221043,0.75,8
catboost,validation_2023_2024,7,0.704367325593118,1.0,1
catboost,validation_2023_2024,8,0.8834353841587711,1.0,11
catboost,validation_2023_2024,9,0.9458760871024621,1.0,30
catboost,validation_2023_2024,5,0.5920850682567228,0.0,1
catboost,validation_2023_2024,6,0.6505673838919815,0.375,8
catboost,validation_2023_2024,8,0.8792471837009959,1.0,7
catboost,validation_2023_2024,9,0.9407884619284315,0.9117647058823529,34
catboost,validation_2023_2024,6,0.6519963599822487,0.5,8
catboost,validation_2023_2024,7,0.7060786891160009,1.0,1
catboost,validation_2023_2024,8,0.8747567769945809,0.625,8
catboost,validation_2023_2024,9,0.9403280523388508,1.0,33
catboost,validation_2023_2024,5,0.5937941063036828,0.0,1
catboost,validation_2023_2024,6,0.6604165088311016,0.75,8
catboost,validation_2023_2024,8,0.8738786447755155,0.7777777777777778,9
catboost,validation_2023_2024,9,0.9474353762314703,0.9375,32
catboost,validation_2023_2024,6,0.6567109250275961,0.4444444444444444,9
catboost,validation_2023_2024,8,0.8832155662596546,0.8181818181818182,11
catboost,validation_2023_2024,9,0.9438189066228725,0.9333333333333333,30
catboost,validation_2023_2024,6,0.6423232928436124,0.625,8
catboost,validation_2023_2024,7,0.7035070409681284,1.0,1
catboost,validation_2023_2024,8,0.875541221138185,0.8888888888888888,9
catboost,validation_2023_2024,9,0.9448259570336437,0.9375,32
catboost,validation_2023_2024,5,0.5959540080619802,0.0,1
catboost,validation_2023_2024,6,0.6625480190644771,0.875,8
catboost,validation_2023_2024,8,0.8789753173169713,0.875,8
catboost,validation_2023_2024,9,0.9452908922318856,0.9696969696969697,33
catboost,validation_2023_2024,6,0.6525199892440904,0.4444444444444444,9
catboost,validation_2023_2024,8,0.8873649462714436,0.7777777777777778,9
catboost,validation_2023_2024,9,0.9438609513482146,0.875,32
catboost,validation_2023_2024,6,0.6603048291275078,0.5555555555555556,9
catboost,validation_2023_2024,8,0.8712868185037854,0.875,8
catboost,validation_2023_2024,9,0.944686296303497,0.9393939393939394,33
catboost,validation_2023_2024,6,0.6607266230857946,0.7777777777777778,9
catboost,validation_2023_2024,8,0.8815302286260561,0.8333333333333334,12
catboost,validation_2023_2024,9,0.9441290132559609,0.7586206896551724,29
catboost,validation_2023_2024,5,0.5769547999608803,0.3333333333333333,3
catboost,validation_2023_2024,6,0.6492570168318231,0.8,5
catboost,validation_2023_2024,7,0.709534112832744,1.0,1
catboost,validation_2023_2024,8,0.8728462860745063,0.8,10
catboost,validation_2023_2024,9,0.9485140469033766,1.0,31
catboost,validation_2023_2024,5,0.5982872215701733,0.0,1
catboost,validation_2023_2024,6,0.6607591091313711,0.75,8
catboost,validation_2023_2024,7,0.7699473063200775,1.0,1
catboost,validation_2023_2024,8,0.8871510076614492,0.8333333333333334,6
catboost,validation_2023_2024,9,0.9458731901175829,0.9705882352941176,34
catboost,validation_2023_2024,6,0.6536203504761567,0.5714285714285714,7
catboost,validation_2023_2024,7,0.7017757276618317,1.0,2
catboost,validation_2023_2024,8,0.8770070435684602,0.875,8
catboost,validation_2023_2024,9,0.9428674154487174,0.9696969696969697,33
catboost,validation_2023_2024,6,0.6461337225855113,0.6666666666666666,9
catboost,validation_2023_2024,8,0.8731019485351437,0.9,10
catboost,validation_2023_2024,9,0.94731701234449,0.8709677419354839,31
catboost,validation_2023_2024,5,0.5777093862203639,1.0,1
catboost,validation_2023_2024,6,0.6496767712988847,0.625,8
catboost,validation_2023_2024,8,0.883664446032379,0.8333333333333334,12
catboost,validation_2023_2024,9,0.9456692635286775,0.9655172413793104,29
catboost,validation_2023_2024,6,0.6757401270731931,0.75,8
catboost,validation_2023_2024,7,0.7061369222015031,0.0,1
catboost,validation_2023_2024,8,0.8743511529920194,0.7777777777777778,9
catboost,validation_2023_2024,9,0.9431276590735207,0.96875,32
catboost,validation_2023_2024,5,0.5915461681936732,1.0,1
catboost,validation_2023_2024,6,0.66662912439171,0.5714285714285714,7
catboost,validation_2023_2024,7,0.7128821722577351,1.0,1
catboost,validation_2023_2024,8,0.8649741657213288,1.0,6
catboost,validation_2023_2024,9,0.9432905567594698,0.8571428571428571,35
catboost,validation_2023_2024,5,0.5697519418727689,0.0,1
catboost,validation_2023_2024,6,0.6491799133440064,0.75,8
catboost,validation_2023_2024,8,0.8722562701535153,0.75,8
catboost,validation_2023_2024,9,0.9438756977590471,0.9090909090909091,33
catboost,validation_2023_2024,6,0.6574581408698194,0.7777777777777778,9
catboost,validation_2023_2024,8,0.8672856232993091,1.0,8
catboost,validation_2023_2024,9,0.9431556352015982,0.8787878787878788,33
catboost,validation_2023_2024,6,0.6638628097836184,0.7777777777777778,9
catboost,validation_2023_2024,8,0.8845639029920769,0.9090909090909091,11
catboost,validation_2023_2024,9,0.9423964738252998,0.9333333333333333,30
catboost,validation_2023_2024,6,0.6666258432532308,0.6666666666666666,9
catboost,validation_2023_2024,8,0.8738411418511773,0.8,10
catboost,validation_2023_2024,9,0.947909218715392,1.0,31
catboost,validation_2023_2024,6,0.6570470676272233,0.625,8
catboost,validation_2023_2024,7,0.7987770011230358,1.0,1
catboost,validation_2023_2024,8,0.880018688848273,0.8888888888888888,9
catboost,validation_2023_2024,9,0.9423427170867809,0.96875,32
catboost,validation_2023_2024,5,0.5876842660270829,0.0,1
catboost,validation_2023_2024,6,0.6471449572760818,0.5,8
catboost,validation_2023_2024,8,0.8795955549006637,1.0,7
catboost,validation_2023_2024,9,0.9379089919312439,0.9705882352941176,34
catboost,validation_2023_2024,5,0.5811819651532649,0.0,1
catboost,validation_2023_2024,6,0.6564847461107857,0.625,8
catboost,validation_2023_2024,8,0.8715211423680378,1.0,8
catboost,validation_2023_2024,9,0.942961932104844,0.9090909090909091,33
catboost,validation_2023_2024,5,0.5995343919549926,1.0,1
catboost,validation_2023_2024,6,0.6436375324388655,0.875,8
catboost,validation_2023_2024,8,0.8765309828731062,1.0,9
catboost,validation_2023_2024,9,0.9393239753139018,0.9375,32
catboost,validation_2023_2024,5,0.5896890020209167,0.0,1
catboost,validation_2023_2024,6,0.651543136483056,1.0,7
catboost,validation_2023_2024,7,0.7001834026896773,0.0,1
catboost,validation_2023_2024,8,0.8830691559107239,0.7142857142857143,7
catboost,validation_2023_2024,9,0.9394511484326248,0.9411764705882353,34
catboost,validation_2023_2024,6,0.6617246985673764,0.6666666666666666,9
catboost,validation_2023_2024,8,0.8707194509764353,0.8888888888888888,9
catboost,validation_2023_2024,9,0.9435392217876994,0.90625,32
catboost,validation_2023_2024,6,0.6436715325408364,0.5555555555555556,9
catboost,validation_2023_2024,8,0.8746436315862112,1.0,8
catboost,validation_2023_2024,9,0.9416949729437397,0.9393939393939394,33
catboost,validation_2023_2024,5,0.5720399012507721,0.0,1
catboost,validation_2023_2024,6,0.6497559606523113,0.7142857142857143,7
catboost,validation_2023_2024,7,0.7309377181897373,1.0,1
catboost,validation_2023_2024,8,0.8808314136725863,0.7692307692307693,13
catboost,validation_2023_2024,9,0.945257801630774,0.9285714285714286,28
catboost,validation_2023_2024,6,0.6657771775673751,0.75,8
catboost,validation_2023_2024,7,0.7151576946306596,1.0,1
catboost,validation_2023_2024,8,0.87566683775689,1.0,9
catboost,validation_2023_2024,9,0.9442669263277975,1.0,32
catboost,validation_2023_2024,6,0.6577778580213574,0.75,8
catboost,validation_2023_2024,7,0.739904316317382,1.0,1
catboost,validation_2023_2024,8,0.8787683202695734,0.9166666666666666,12
catboost,validation_2023_2024,9,0.9395404733311324,0.8620689655172413,29
catboost,validation_2023_2024,6,0.6387685600115889,0.75,8
catboost,validation_2023_2024,7,0.7002084716179519,1.0,1
catboost,validation_2023_2024,8,0.8829074759612521,0.9,10
catboost,validation_2023_2024,9,0.9455669662760611,0.9032258064516129,31
catboost,validation_2023_2024,5,0.5953140237819595,1.0,1
catboost,validation_2023_2024,6,0.6438229880710413,0.7142857142857143,7
catboost,validation_2023_2024,7,0.7173188650024463,0.0,1
catboost,validation_2023_2024,8,0.8821133134931889,0.9,10
catboost,validation_2023_2024,9,0.944201929975539,0.9354838709677419,31
catboost,validation_2023_2024,5,0.5639540121241498,0.0,1
catboost,validation_2023_2024,6,0.6508301559902888,0.5714285714285714,7
catboost,validation_2023_2024,7,0.7008320455372549,0.0,1
catboost,validation_2023_2024,8,0.8708497174445016,0.8888888888888888,9
catboost,validation_2023_2024,9,0.9382478557179101,0.9375,32
catboost,validation_2023_2024,6,0.6517016943841036,0.5555555555555556,9
catboost,validation_2023_2024,8,0.879604745259201,0.7272727272727273,11
catboost,validation_2023_2024,9,0.942036138641001,0.9666666666666667,30
catboost,validation_2023_2024,5,0.5854144583361087,1.0,2
catboost,validation_2023_2024,6,0.6505696573631593,0.75,4
catboost,validation_2023_2024,7,0.7113025846147659,0.6666666666666666,3
catboost,validation_2023_2024,8,0.8815327415358392,0.8,10
catboost,validation_2023_2024,9,0.9461085384466797,0.967741935483871,31
catboost,validation_2023_2024,6,0.6520003372735188,0.6666666666666666,9
catboost,validation_2023_2024,7,0.7893078429628961,1.0,1
catboost,validation_2023_2024,8,0.879547042707861,1.0,8
catboost,validation_2023_2024,9,0.9392024920413832,1.0,32
catboost,validation_2023_2024,5,0.5790444637526826,0.6666666666666666,3
catboost,validation_2023_2024,6,0.6567801484234965,0.6666666666666666,6
catboost,validation_2023_2024,8,0.8764044373236023,0.7142857142857143,7
catboost,validation_2023_2024,9,0.94148481492135,0.9411764705882353,34
catboost,validation_2023_2024,5,0.599189897154291,0.5,2
catboost,validation_2023_2024,6,0.6480098888175655,0.7142857142857143,7
catboost,validation_2023_2024,8,0.8808597982713489,0.75,8
catboost,validation_2023_2024,9,0.938889955988752,0.8787878787878788,33
catboost,validation_2023_2024,5,0.5996586612112864,1.0,1
catboost,validation_2023_2024,6,0.6368254315671393,0.5,6
catboost,validation_2023_2024,7,0.7287392445585739,1.0,2
catboost,validation_2023_2024,8,0.885256502938246,0.75,8
catboost,validation_2023_2024,9,0.9417220791954307,0.9696969696969697,33
catboost,validation_2023_2024,5,0.5954895926851219,1.0,1
catboost,validation_2023_2024,6,0.6420593815769678,0.5714285714285714,7
catboost,validation_2023_2024,7,0.7185796095975183,1.0,1
catboost,validation_2023_2024,8,0.8810794957219092,1.0,10
catboost,validation_2023_2024,9,0.9430473652994728,0.9032258064516129,31
catboost,validation_2023_2024,6,0.6513511315883984,0.6666666666666666,9
catboost,validation_2023_2024,8,0.8846937972936396,0.8333333333333334,12
catboost,validation_2023_2024,9,0.9429014718968547,0.9310344827586207,29
catboost,validation_2023_2024,6,0.6455068517912577,0.7777777777777778,9
catboost,validation_2023_2024,8,0.8804746549302156,1.0,10
catboost,validation_2023_2024,9,0.9408667704069796,0.9032258064516129,31
catboost,validation_2023_2024,6,0.6469193929639726,0.6666666666666666,9
catboost,validation_2023_2024,8,0.870262487577094,0.7142857142857143,7
catboost,validation_2023_2024,9,0.9393971396520949,0.9411764705882353,34
catboost,validation_2023_2024,5,0.5902569625428917,1.0,2
catboost,validation_2023_2024,6,0.6561162134690387,0.8,5
catboost,validation_2023_2024,7,0.719534388877455,0.0,2
catboost,validation_2023_2024,8,0.8745012517596816,0.8888888888888888,9
catboost,validation_2023_2024,9,0.9431336605653977,0.875,32
catboost,validation_2023_2024,5,0.5962973168314778,1.0,1
catboost,validation_2023_2024,6,0.6533092687941824,0.5714285714285714,7
catboost,validation_2023_2024,7,0.7236751392794952,0.0,1
catboost,validation_2023_2024,8,0.8773739515361793,1.0,7
catboost,validation_2023_2024,9,0.9414776039187759,0.9411764705882353,34
catboost,validation_2023_2024,6,0.6606939266351113,0.625,8
catboost,validation_2023_2024,7,0.7297324923997176,0.0,1
catboost,validation_2023_2024,8,0.8833403356483285,0.9090909090909091,11
catboost,validation_2023_2024,9,0.9442961149940451,0.9333333333333333,30
catboost,validation_2023_2024,6,0.6422718165874022,0.5,8
catboost,validation_2023_2024,7,0.7167724355060479,1.0,1
catboost,validation_2023_2024,8,0.884560645866137,1.0,7
catboost,validation_2023_2024,9,0.9428750024186059,0.9117647058823529,34
catboost,validation_2023_2024,5,0.5782919735900848,1.0,2
catboost,validation_2023_2024,6,0.6602353677880881,0.4,5
catboost,validation_2023_2024,7,0.7303866339150829,0.5,2
catboost,validation_2023_2024,8,0.8751162825484802,0.7777777777777778,9
catboost,validation_2023_2024,9,0.9477068047792446,0.8125,32
catboost,validation_2023_2024,5,0.5800182201172315,1.0,1
catboost,validation_2023_2024,6,0.6481629145201594,0.5,6
catboost,validation_2023_2024,7,0.7261751106695735,0.5,2
catboost,validation_2023_2024,8,0.8607602040231703,0.625,8
catboost,validation_2023_2024,9,0.9415686262339993,0.8787878787878788,33
catboost,validation_2023_2024,5,0.558968609759083,1.0,1
catboost,validation_2023_2024,6,0.6736154629635199,0.5714285714285714,7
catboost,validation_2023_2024,7,0.7001237390633361,0.0,1
catboost,validation_2023_2024,8,0.8834325473323299,0.8,5
catboost,validation_2023_2024,9,0.9436508202583512,0.9722222222222222,36
catboost,validation_2023_2024,6,0.6471927472766845,0.6666666666666666,9
catboost,validation_2023_2024,8,0.8866946407057565,0.875,8
catboost,validation_2023_2024,9,0.9430121255317878,0.9696969696969697,33
catboost,validation_2023_2024,6,0.6511101940108789,0.625,8
catboost,validation_2023_2024,7,0.7075229044383176,0.0,1
catboost,validation_2023_2024,8,0.8695677855991295,0.875,8
catboost,validation_2023_2024,9,0.9406303902507914,0.9393939393939394,33
catboost,validation_2023_2024,6,0.6474239271187563,0.625,8
catboost,validation_2023_2024,7,0.7237596552478239,1.0,1
catboost,validation_2023_2024,8,0.8774161142383105,1.0,7
catboost,validation_2023_2024,9,0.9399799061792549,1.0,34
catboost,validation_2023_2024,6,0.6557677382748544,0.75,8
catboost,validation_2023_2024,7,0.7201014549364827,1.0,1
catboost,validation_2023_2024,8,0.8865010206770999,0.9166666666666666,12
catboost,validation_2023_2024,9,0.9413299027596935,0.7931034482758621,29
catboost,validation_2023_2024,6,0.6542414224696123,0.6666666666666666,9
catboost,validation_2023_2024,8,0.8874055071620021,0.9,10
catboost,validation_2023_2024,9,0.9502836057893618,0.967741935483871,31
catboost,validation_2023_2024,6,0.647471420384821,0.625,8
catboost,validation_2023_2024,7,0.7056147320819409,1.0,1
catboost,validation_2023_2024,8,0.8727328554243293,0.6666666666666666,9
catboost,validation_2023_2024,9,0.9492225940806754,0.9375,32
catboost,validation_2023_2024,5,0.5841122583318752,0.0,2
catboost,validation_2023_2024,6,0.6514467354116353,0.6,5
catboost,validation_2023_2024,7,0.719021590672621,1.0,2
catboost,validation_2023_2024,8,0.8779066584815785,0.7777777777777778,9
catboost,validation_2023_2024,9,0.9464180378832537,0.96875,32
catboost,validation_2023_2024,6,0.6546250671337053,0.5555555555555556,9
catboost,validation_2023_2024,8,0.8700150069161642,0.8888888888888888,9
catboost,validation_2023_2024,9,0.9460338352798223,0.96875,32
catboost,validation_2023_2024,6,0.6487493589617399,0.5555555555555556,9
catboost,validation_2023_2024,8,0.8790077447792662,1.0,8
catboost,validation_2023_2024,9,0.9441665874907063,0.9393939393939394,33
catboost,validation_2023_2024,6,0.6540764942646499,0.625,8
catboost,validation_2023_2024,7,0.7190849626449848,0.0,1
catboost,validation_2023_2024,8,0.8781598639498436,0.9,10
catboost,validation_2023_2024,9,0.9394691581054351,0.9032258064516129,31
catboost,validation_2023_2024,6,0.6301944554231933,0.875,8
catboost,validation_2023_2024,7,0.7037330206956547,0.0,1
catboost,validation_2023_2024,8,0.87395210829717,0.875,8
catboost,validation_2023_2024,9,0.940040265465952,0.9090909090909091,33
catboost,validation_2023_2024,6,0.6558750914143088,0.625,8
catboost,validation_2023_2024,7,0.7283565644468447,1.0,1
catboost,validation_2023_2024,8,0.874441171624039,0.8888888888888888,9
catboost,validation_2023_2024,9,0.9368787094091617,0.90625,32
catboost,validation_2023_2024,6,0.647940930455993,0.6666666666666666,9
catboost,validation_2023_2024,8,0.8807160544947208,0.9090909090909091,11
catboost,validation_2023_2024,9,0.9464130944939498,0.9,30
catboost,validation_2023_2024,5,0.5963972101399766,0.0,1
catboost,validation_2023_2024,6,0.6467359461880657,0.625,8
catboost,validation_2023_2024,8,0.8827189079910078,0.9166666666666666,12
catboost,validation_2023_2024,9,0.9474975075897781,0.9655172413793104,29
catboost,validation_2023_2024,5,0.5913194680429651,1.0,1
catboost,validation_2023_2024,6,0.6611078901492041,0.5,8
catboost,validation_2023_2024,8,0.8665684648406943,0.875,8
catboost,validation_2023_2024,9,0.9431334301086077,0.9696969696969697,33
catboost,validation_2023_2024,6,0.6566968715081984,0.625,8
catboost,validation_2023_2024,7,0.7009726242474317,1.0,1
catboost,validation_2023_2024,8,0.8835021565703082,0.8,10
catboost,validation_2023_2024,9,0.9477029338340673,0.9354838709677419,31
catboost,validation_2023_2024,5,0.5853180604126883,1.0,1
catboost,validation_2023_2024,6,0.6669537021210199,0.6666666666666666,6
catboost,validation_2023_2024,7,0.7204106048857046,0.5,2
catboost,validation_2023_2024,8,0.8815300446547276,0.6666666666666666,12
catboost,validation_2023_2024,9,0.9395879411603033,0.9655172413793104,29
catboost,validation_2023_2024,5,0.5907490185240234,0.0,1
catboost,validation_2023_2024,6,0.6592636721359914,0.7142857142857143,7
catboost,validation_2023_2024,7,0.7103948106199051,1.0,1
catboost,validation_2023_2024,8,0.8703136042272268,1.0,7
catboost,validation_2023_2024,9,0.9451150335358193,0.8823529411764706,34
catboost,validation_2023_2024,6,0.6491320727851637,0.5,8
catboost,validation_2023_2024,7,0.714539964042047,1.0,1
catboost,validation_2023_2024,8,0.8789177464998001,0.8888888888888888,9
catboost,validation_2023_2024,9,0.9410847306978982,0.96875,32
catboost,validation_2023_2024,5,0.5810232591152904,1.0,2
catboost,validation_2023_2024,6,0.6712282656848649,0.5,6
catboost,validation_2023_2024,7,0.7195857041853808,1.0,1
catboost,validation_2023_2024,8,0.8848259786880694,1.0,8
catboost,validation_2023_2024,9,0.9477926876049851,0.8181818181818182,33
catboost,validation_2023_2024,6,0.6578610891517702,0.625,8
catboost,validation_2023_2024,7,0.7080759971741497,1.0,1
catboost,validation_2023_2024,8,0.873321708977152,0.875,8
catboost,validation_2023_2024,9,0.9436114333804944,0.9696969696969697,33
catboost,validation_2023_2024,6,0.6491154554299143,0.75,8
catboost,validation_2023_2024,7,0.7109085138208393,1.0,1
catboost,validation_2023_2024,8,0.8895108905531227,0.8,10
catboost,validation_2023_2024,9,0.9416781007749905,0.9354838709677419,31
catboost,validation_2023_2024,5,0.594194589851591,0.0,1
catboost,validation_2023_2024,6,0.6628217969541278,0.8333333333333334,6
catboost,validation_2023_2024,7,0.7165884558527661,0.5,2
catboost,validation_2023_2024,8,0.8807942515241929,0.8888888888888888,9
catboost,validation_2023_2024,9,0.9436282415560531,0.875,32
catboost,validation_2023_2024,6,0.6597686749235876,0.6666666666666666,9
catboost,validation_2023_2024,8,0.8718434807169786,0.8888888888888888,9
catboost,validation_2023_2024,9,0.9431489717426289,1.0,32
catboost,validation_2023_2024,5,0.5984629335341997,0.0,1
catboost,validation_2023_2024,6,0.6513310014163202,0.6666666666666666,6
catboost,validation_2023_2024,7,0.7044044127172766,1.0,2
catboost,validation_2023_2024,8,0.8836182662091228,0.75,8
catboost,validation_2023_2024,9,0.9407318104960753,0.8484848484848485,33
catboost,validation_2023_2024,6,0.6514763413304094,0.5555555555555556,9
catboost,validation_2023_2024,8,0.8825109926552658,0.9,10
catboost,validation_2023_2024,9,0.9425166708967213,0.9032258064516129,31
catboost,validation_2023_2024,5,0.5907771554408635,0.5,2
catboost,validation_2023_2024,6,0.6662165911400154,0.5,6
catboost,validation_2023_2024,7,0.7240885842309168,0.0,1
catboost,validation_2023_2024,8,0.8842240427575246,1.0,10
catboost,validation_2023_2024,9,0.9459243884919243,0.967741935483871,31
catboost,validation_2023_2024,5,0.5934684782250973,1.0,1
catboost,validation_2023_2024,6,0.6618586180620385,0.8,5
catboost,validation_2023_2024,7,0.7126608677105654,0.3333333333333333,3
catboost,validation_2023_2024,8,0.8690582474391634,0.8888888888888888,9
catboost,validation_2023_2024,9,0.9462477911042695,0.9375,32
catboost,validation_2023_2024,6,0.6571550711068457,0.6666666666666666,9
catboost,validation_2023_2024,8,0.8738738616589525,1.0,11
catboost,validation_2023_2024,9,0.9447734569652868,0.9666666666666667,30
catboost,validation_2023_2024,6,0.6565334784487916,0.7777777777777778,9
catboost,validation_2023_2024,8,0.8805060671452166,1.0,9
catboost,validation_2023_2024,9,0.9422833124060606,0.96875,32
catboost,validation_2023_2024,6,0.6565286255513604,0.6666666666666666,9
catboost,validation_2023_2024,8,0.8766725205160647,0.9,10
catboost,validation_2023_2024,9,0.9406640020166095,0.9032258064516129,31
catboost,validation_2023_2024,6,0.6511538588009087,0.5,8
catboost,validation_2023_2024,7,0.7398214946289695,1.0,1
catboost,validation_2023_2024,8,0.8679696921256244,0.9090909090909091,11
catboost,validation_2023_2024,9,0.9458678208866081,0.9,30
catboost,validation_2023_2024,5,0.5604461232852194,0.5,2
catboost,validation_2023_2024,6,0.6589305598190193,0.5714285714285714,7
catboost,validation_2023_2024,8,0.8793049527536159,0.8888888888888888,9
catboost,validation_2023_2024,9,0.9380246161646746,0.96875,32
catboost,validation_2023_2024,5,0.5851064370624941,1.0,1
catboost,validation_2023_2024,6,0.6660941521851088,0.6666666666666666,6
catboost,validation_2023_2024,7,0.7480458536720658,0.5,2
catboost,validation_2023_2024,8,0.8676219388730491,0.8181818181818182,11
catboost,validation_2023_2024,9,0.9477922589248673,0.9333333333333333,30
catboost,validation_2023_2024,5,0.5900792964058323,1.0,1
catboost,validation_2023_2024,6,0.6540119931598622,0.7142857142857143,7
catboost,validation_2023_2024,7,0.7144743152853832,1.0,1
catboost,validation_2023_2024,8,0.8840894810129781,0.9090909090909091,11
catboost,validation_2023_2024,9,0.9468235011254148,0.9666666666666667,30
catboost,validation_2023_2024,6,0.6602033148516325,0.6666666666666666,9
catboost,validation_2023_2024,8,0.8769084754142233,0.875,8
catboost,validation_2023_2024,9,0.9391490396710429,0.9393939393939394,33
catboost,validation_2023_2024,5,0.5777831527945306,0.0,1
catboost,validation_2023_2024,6,0.656319230015509,0.42857142857142855,7
catboost,validation_2023_2024,7,0.7465511607142405,1.0,1
catboost,validation_2023_2024,8,0.8752692789447352,0.7,10
catboost,validation_2023_2024,9,0.9418371798819388,0.9354838709677419,31
catboost,validation_2023_2024,5,0.5787084371543376,1.0,2
catboost,validation_2023_2024,6,0.6609839213351003,0.5714285714285714,7
catboost,validation_2023_2024,8,0.8799673629266236,0.7777777777777778,9
catboost,validation_2023_2024,9,0.9411479552048628,0.9375,32
catboost,validation_2023_2024,5,0.568167027774355,1.0,1
catboost,validation_2023_2024,6,0.6478964915081945,0.6666666666666666,6
catboost,validation_2023_2024,7,0.7392367558409161,0.6666666666666666,3
catboost,validation_2023_2024,8,0.8791564131059478,1.0,11
catboost,validation_2023_2024,9,0.9469102753368577,0.9655172413793104,29
catboost,validation_2023_2024,6,0.647799778082935,0.625,8
catboost,validation_2023_2024,7,0.7137306115859898,1.0,1
catboost,validation_2023_2024,8,0.8801812409172243,1.0,10
catboost,validation_2023_2024,9,0.9434439249612708,1.0,31
catboost,validation_2023_2024,6,0.6569577455449359,0.6666666666666666,9
catboost,validation_2023_2024,8,0.8715657937254616,0.9230769230769231,13
catboost,validation_2023_2024,9,0.9430659313497786,0.8928571428571429,28
catboost,validation_2023_2024,6,0.6586272790899707,0.6666666666666666,9
catboost,validation_2023_2024,8,0.8806698222840075,1.0,10
catboost,validation_2023_2024,9,0.9459336384825261,0.967741935483871,31
catboost,validation_2023_2024,5,0.5925167372041965,0.0,1
catboost,validation_2023_2024,6,0.6619851105080502,0.7142857142857143,7
catboost,validation_2023_2024,7,0.7018471908445172,1.0,1
catboost,validation_2023_2024,8,0.8733310870892037,0.8888888888888888,9
catboost,validation_2023_2024,9,0.939618993244057,0.9375,32
catboost,validation_2023_2024,6,0.6528861025730115,0.7777777777777778,9
catboost,validation_2023_2024,8,0.8785331080532228,0.9090909090909091,11
catboost,validation_2023_2024,9,0.9472399179211735,1.0,30
catboost,validation_2023_2024,6,0.6524715417351029,0.4444444444444444,9
catboost,validation_2023_2024,8,0.8674884390919654,0.8888888888888888,9
catboost,validation_2023_2024,9,0.9405457048690502,0.90625,32
catboost,validation_2023_2024,6,0.6510010049250223,0.5,8
catboost,validation_2023_2024,7,0.7024266522491205,0.0,1
catboost,validation_2023_2024,8,0.8806631585068054,1.0,10
catboost,validation_2023_2024,9,0.939772468038189,0.9032258064516129,31
catboost,validation_2023_2024,6,0.6515191552400084,0.6666666666666666,9
catboost,validation_2023_2024,8,0.8706346850340994,1.0,8
catboost,validation_2023_2024,9,0.9404860336586165,0.8787878787878788,33
catboost,validation_2023_2024,6,0.6552662975643743,0.75,8
catboost,validation_2023_2024,7,0.7029803704717179,1.0,1
catboost,validation_2023_2024,8,0.8769271886284689,0.875,8
catboost,validation_2023_2024,9,0.9427500313043967,0.9696969696969697,33
catboost,validation_2023_2024,6,0.6515585386065392,0.6666666666666666,9
catboost,validation_2023_2024,8,0.8825606153249645,0.7272727272727273,11
catboost,validation_2023_2024,9,0.9436331683213331,0.9666666666666667,30
catboost,validation_2023_2024,5,0.5948293582103514,0.5,2
catboost,validation_2023_2024,6,0.6633938657682211,0.5714285714285714,7
catboost,validation_2023_2024,8,0.8806688157100612,1.0,12
catboost,validation_2023_2024,9,0.9475551492286499,0.896551724137931,29
catboost,validation_2023_2024,6,0.6546250927154931,0.5,8
catboost,validation_2023_2024,7,0.7048679389583283,1.0,1
catboost,validation_2023_2024,8,0.8790199637491687,0.9,10
catboost,validation_2023_2024,9,0.9416354027439223,0.9354838709677419,31
catboost,validation_2023_2024,5,0.5812144123492755,0.0,1
catboost,validation_2023_2024,6,0.6583042995584053,0.8571428571428571,7
catboost,validation_2023_2024,7,0.710063695884707,1.0,1
catboost,validation_2023_2024,8,0.8795304988892574,1.0,9
catboost,validation_2023_2024,9,0.9442967971175344,0.9375,32
catboost,validation_2023_2024,6,0.6667635585533752,0.7777777777777778,9
catboost,validation_2023_2024,8,0.8810983142879919,1.0,9
catboost,validation_2023_2024,9,0.94282039356496,1.0,32
catboost,validation_2023_2024,6,0.6607136426634178,0.5555555555555556,9
catboost,validation_2023_2024,8,0.8813853883670043,0.8181818181818182,11
catboost,validation_2023_2024,9,0.9413342322027664,0.8333333333333334,30
catboost,validation_2023_2024,6,0.6585968820366801,0.625,8
catboost,validation_2023_2024,7,0.7030896494897093,1.0,1
catboost,validation_2023_2024,8,0.8750798045446501,0.9166666666666666,12
catboost,validation_2023_2024,9,0.9411404453995541,0.9310344827586207,29
catboost,validation_2023_2024,6,0.6484016129807418,0.625,8
catboost,validation_2023_2024,7,0.7009506701618932,0.0,1
catboost,validation_2023_2024,8,0.8845652496277272,1.0,11
catboost,validation_2023_2024,9,0.9426946503465721,0.9333333333333333,30
catboost,validation_2023_2024,5,0.5901600734795364,1.0,1
catboost,validation_2023_2024,6,0.6616791090356264,0.625,8
catboost,validation_2023_2024,8,0.8855890733884881,0.8888888888888888,9
catboost,validation_2023_2024,9,0.9428637909942919,1.0,32
catboost,validation_2023_2024,6,0.6558669468882258,0.7777777777777778,9
catboost,validation_2023_2024,8,0.8728882493279422,0.8888888888888888,9
catboost,validation_2023_2024,9,0.9413337170720382,0.96875,32
catboost,validation_2023_2024,5,0.5984827531911872,0.0,1
catboost,validation_2023_2024,6,0.6545801083703657,0.625,8
catboost,validation_2023_2024,8,0.886023170934932,0.7777777777777778,9
catboost,validation_2023_2024,9,0.9396512366106942,0.96875,32
catboost,validation_2023_2024,6,0.6592033795427842,0.7777777777777778,9
catboost,validation_2023_2024,8,0.8813315582330982,1.0,11
catboost,validation_2023_2024,9,0.9411411411919229,0.9666666666666667,30
catboost,validation_2023_2024,5,0.550375412661045,1.0,1
catboost,validation_2023_2024,6,0.653188182588148,0.625,8
catboost,validation_2023_2024,8,0.8822265547231206,1.0,7
catboost,validation_2023_2024,9,0.9407182107588246,0.9705882352941176,34
catboost,validation_2023_2024,5,0.5933894502552535,1.0,1
catboost,validation_2023_2024,6,0.653093848844978,0.625,8
catboost,validation_2023_2024,8,0.8800695700958546,0.9090909090909091,11
catboost,validation_2023_2024,9,0.9411653744340459,0.9,30
catboost,validation_2023_2024,5,0.5984828151748462,1.0,2
catboost,validation_2023_2024,6,0.6512152053443081,0.5714285714285714,7
catboost,validation_2023_2024,8,0.8763839365722772,1.0,10
catboost,validation_2023_2024,9,0.9435715721234779,0.9354838709677419,31
catboost,validation_2023_2024,5,0.5968067729056866,0.0,1
catboost,validation_2023_2024,6,0.6486124847979136,0.625,8
catboost,validation_2023_2024,8,0.8793072544200872,0.8,10
catboost,validation_2023_2024,9,0.942763166258445,0.967741935483871,31
catboost,validation_2023_2024,6,0.6548163613999364,0.4444444444444444,9
catboost,validation_2023_2024,8,0.8865141128393482,1.0,6
catboost,validation_2023_2024,9,0.941512904006707,0.9428571428571428,35
catboost,validation_2023_2024,6,0.6500391390808973,0.625,8
catboost,validation_2023_2024,7,0.7010097246863947,1.0,1
catboost,validation_2023_2024,8,0.8795975070198053,1.0,12
catboost,validation_2023_2024,9,0.9450633967146653,1.0,29
catboost,validation_2023_2024,6,0.6407926564291682,0.5,8
catboost,validation_2023_2024,7,0.7297034319877103,1.0,1
catboost,validation_2023_2024,8,0.8837119223535531,0.9090909090909091,11
catboost,validation_2023_2024,9,0.9419320679843788,0.9333333333333333,30
catboost,validation_2023_2024,5,0.5999071834830991,0.0,1
catboost,validation_2023_2024,6,0.6532279711719975,0.5714285714285714,7
catboost,validation_2023_2024,7,0.7104106121738808,1.0,1
catboost,validation_2023_2024,8,0.885065201381683,0.8571428571428571,7
catboost,validation_2023_2024,9,0.9397809617754483,0.9117647058823529,34
catboost,validation_2023_2024,6,0.6447991586748495,0.5555555555555556,9
catboost,validation_2023_2024,8,0.8749722023474358,0.7777777777777778,9
catboost,validation_2023_2024,9,0.9402445390597587,0.90625,32
catboost,validation_2023_2024,5,0.5904508182082494,0.0,1
catboost,validation_2023_2024,6,0.6495348298119143,0.5,8
catboost,validation_2023_2024,8,0.8817760937356599,1.0,10
catboost,validation_2023_2024,9,0.9443296574890218,0.967741935483871,31
catboost,validation_2023_2024,5,0.5956467081831421,1.0,1
catboost,validation_2023_2024,6,0.6635655398607305,0.75,8
catboost,validation_2023_2024,8,0.8684139154963992,0.8571428571428571,7
catboost,validation_2023_2024,9,0.9414946136129797,0.9705882352941176,34
catboost,validation_2023_2024,6,0.6469583733360773,0.6666666666666666,9
catboost,validation_2023_2024,8,0.8771231144736775,0.9,10
catboost,validation_2023_2024,9,0.9413968612966018,0.967741935483871,31
catboost,validation_2023_2024,6,0.6514940829474333,0.6666666666666666,9
catboost,validation_2023_2024,8,0.8850310125774556,0.8888888888888888,9
catboost,validation_2023_2024,9,0.9381673001441506,0.9375,32
catboost,validation_2023_2024,6,0.6554752127166193,0.5555555555555556,9
catboost,validation_2023_2024,8,0.8827635424228111,0.875,8
catboost,validation_2023_2024,9,0.9389242601205592,0.9393939393939394,33
catboost,validation_2023_2024,6,0.6432247791865733,0.5555555555555556,9
catboost,validation_2023_2024,8,0.8784787055032584,1.0,11
catboost,validation_2023_2024,9,0.9423478666210053,0.9666666666666667,30
catboost,validation_2023_2024,5,0.5868267704673783,1.0,1
catboost,validation_2023_2024,6,0.6321445889920362,0.8333333333333334,6
catboost,validation_2023_2024,7,0.7318349080888329,0.0,2
catboost,validation_2023_2024,8,0.8784356434037531,1.0,7
catboost,validation_2023_2024,9,0.9404691828204367,0.9705882352941176,34
catboost,validation_2023_2024,6,0.6481660227567281,0.6666666666666666,9
catboost,validation_2023_2024,8,0.882154085579297,1.0,10
catboost,validation_2023_2024,9,0.9397066030225016,0.9032258064516129,31
catboost,validation_2023_2024,6,0.6475647887980839,0.7777777777777778,9
catboost,validation_2023_2024,8,0.8841233346855037,0.9230769230769231,13
catboost,validation_2023_2024,9,0.9406957917151884,0.8928571428571429,28
catboost,validation_2023_2024,6,0.6433619230914729,0.625,8
catboost,validation_2023_2024,7,0.717771260609954,1.0,1
catboost,validation_2023_2024,8,0.872561277876876,1.0,10
catboost,validation_2023_2024,9,0.9400245958788288,0.8709677419354839,31
catboost,validation_2023_2024,6,0.6565302723650929,0.7142857142857143,7
catboost,validation_2023_2024,7,0.7102102504681493,0.0,2
catboost,validation_2023_2024,8,0.8767651718210777,1.0,10
catboost,validation_2023_2024,9,0.9428448581266116,0.9354838709677419,31
catboost,validation_2023_2024,6,0.6598170789947585,0.625,8
catboost,validation_2023_2024,7,0.706086497916979,1.0,1
catboost,validation_2023_2024,8,0.8726758235743279,0.75,8
catboost,validation_2023_2024,9,0.9416249859037358,0.9090909090909091,33
catboost,validation_2023_2024,6,0.6540219547618725,0.7777777777777778,9
catboost,validation_2023_2024,8,0.8768619730370296,0.625,8
catboost,validation_2023_2024,9,0.9430131072293755,0.9393939393939394,33
catboost,validation_2023_2024,5,0.570629604758274,1.0,1
catboost,validation_2023_2024,6,0.6526013285071,0.625,8
catboost,validation_2023_2024,8,0.8804646807397616,0.7777777777777778,9
catboost,validation_2023_2024,9,0.9457977267458447,0.90625,32
catboost,validation_2023_2024,6,0.6595141026038701,0.6666666666666666,9
catboost,validation_2023_2024,8,0.8814767088718565,0.8,10
catboost,validation_2023_2024,9,0.9430053481972144,0.9032258064516129,31
catboost,validation_2023_2024,6,0.6654756585533863,0.375,8
catboost,validation_2023_2024,7,0.7169719075293142,1.0,1
catboost,validation_2023_2024,8,0.872231054091037,1.0,9
catboost,validation_2023_2024,9,0.9422087691958179,0.90625,32
catboost,validation_2023_2024,6,0.6576971957518837,0.7777777777777778,9
catboost,validation_2023_2024,8,0.8808231709311627,1.0,8
catboost,validation_2023_2024,9,0.9446079202409318,0.8181818181818182,33
catboost,validation_2023_2024,6,0.6630749360875825,0.5555555555555556,9
catboost,validation_2023_2024,8,0.8823210750918444,0.8181818181818182,11
catboost,validation_2023_2024,9,0.9431183642122287,1.0,30
catboost,validation_2023_2024,6,0.658029499007853,0.625,8
catboost,validation_2023_2024,7,0.7025575885142396,0.0,1
catboost,validation_2023_2024,8,0.8751314676800885,0.9090909090909091,11
catboost,validation_2023_2024,9,0.9464457824202105,0.9666666666666667,30
catboost,validation_2023_2024,5,0.5948517412759579,1.0,1
catboost,validation_2023_2024,6,0.6674278399440209,0.625,8
catboost,validation_2023_2024,8,0.8813326089029881,1.0,11
catboost,validation_2023_2024,9,0.9473456051010001,0.9666666666666667,30
catboost,validation_2023_2024,6,0.6578161020693396,0.6666666666666666,9
catboost,validation_2023_2024,8,0.8797406050718392,1.0,12
catboost,validation_2023_2024,9,0.9439400241135163,0.9655172413793104,29
catboost,validation_2023_2024,6,0.6584891922776934,0.6666666666666666,9
catboost,validation_2023_2024,8,0.8693979709626313,0.8181818181818182,11
catboost,validation_2023_2024,9,0.9427330198308854,0.9,30
catboost,validation_2023_2024,6,0.6505471032565111,0.75,8
catboost,validation_2023_2024,7,0.7044007112310421,1.0,1
catboost,validation_2023_2024,8,0.8859795604597468,0.9090909090909091,11
catboost,validation_2023_2024,9,0.9486773280853711,0.9333333333333333,30
catboost,validation_2023_2024,5,0.5691985515990522,0.0,1
catboost,validation_2023_2024,6,0.6542809996668756,0.625,8
catboost,validation_2023_2024,8,0.8827778377131867,0.8888888888888888,9
catboost,validation_2023_2024,9,0.9411483599591564,0.9375,32
catboost,validation_2023_2024,6,0.6539911320793864,0.625,8
catboost,validation_2023_2024,7,0.7158796728532514,1.0,1
catboost,validation_2023_2024,8,0.8740925856031285,0.9,10
catboost,validation_2023_2024,9,0.9432762363213373,0.9032258064516129,31
catboost,validation_2023_2024,6,0.6476344852060735,0.5555555555555556,9
catboost,validation_2023_2024,8,0.8893604920692648,0.8888888888888888,9
catboost,validation_2023_2024,9,0.9454248565564227,1.0,32
catboost,validation_2023_2024,6,0.6486330637423067,0.6666666666666666,9
catboost,validation_2023_2024,8,0.8738740024105378,0.9166666666666666,12
catboost,validation_2023_2024,9,0.9404743470524874,1.0,29
catboost,validation_2023_2024,6,0.6494353178022307,0.6666666666666666,9
catboost,validation_2023_2024,8,0.8769942644249454,0.9,10
catboost,validation_2023_2024,9,0.942417210010812,0.9032258064516129,31
catboost,validation_2023_2024,6,0.6399384813644093,0.5555555555555556,9
catboost,validation_2023_2024,8,0.8849292386130599,0.9166666666666666,12
catboost,validation_2023_2024,9,0.9462272356047301,1.0,29
catboost,validation_2023_2024,6,0.6583057797204542,0.7777777777777778,9
catboost,validation_2023_2024,8,0.882704445324291,0.6,10
catboost,validation_2023_2024,9,0.9403633847130642,1.0,31
catboost,validation_2023_2024,6,0.6515461610005838,0.7142857142857143,7
catboost,validation_2023_2024,7,0.703429338863595,0.5,2
catboost,validation_2023_2024,8,0.8721203500144457,0.7777777777777778,9
catboost,validation_2023_2024,9,0.9445856503235496,0.90625,32
catboost,validation_2023_2024,6,0.6543567532687222,0.7777777777777778,9
catboost,validation_2023_2024,8,0.8769482036622461,0.8,10
catboost,validation_2023_2024,9,0.9415298848485198,0.967741935483871,31
catboost,validation_2023_2024,6,0.6551703496535007,0.75,8
catboost,validation_2023_2024,7,0.7016497804348111,1.0,1
catboost,validation_2023_2024,8,0.8765195077769572,0.8,10
catboost,validation_2023_2024,9,0.940579574706317,0.8709677419354839,31
catboost,validation_2023_2024,6,0.647197798446064,0.5714285714285714,7
catboost,validation_2023_2024,7,0.7191800708885578,0.5,2
catboost,validation_2023_2024,8,0.8742407707716275,0.9,10
catboost,validation_2023_2024,9,0.9450635765000616,0.967741935483871,31
catboost,validation_2023_2024,6,0.64611384145805,0.5714285714285714,7
catboost,validation_2023_2024,7,0.7108860262683195,0.5,2
catboost,validation_2023_2024,8,0.8693739712443121,0.8888888888888888,9
catboost,validation_2023_2024,9,0.9408795962450548,0.9375,32
catboost,validation_2023_2024,6,0.6564941865819587,0.7777777777777778,9
catboost,validation_2023_2024,8,0.8828884589147057,0.875,8
catboost,validation_2023_2024,9,0.9391655775466654,0.9393939393939394,33
catboost,validation_2023_2024,6,0.6535931344088323,0.7777777777777778,9
catboost,validation_2023_2024,8,0.8770362359145619,0.8461538461538461,13
catboost,validation_2023_2024,9,0.9468440711381155,0.9285714285714286,28
catboost,validation_2023_2024,5,0.5986325261782149,1.0,1
catboost,validation_2023_2024,6,0.6666527762478048,0.625,8
catboost,validation_2023_2024,8,0.8798743897783867,0.8571428571428571,7
catboost,validation_2023_2024,9,0.9410504734957144,0.8823529411764706,34
catboost,validation_2023_2024,5,0.5918534311204857,0.0,1
catboost,validation_2023_2024,6,0.6345531498498644,1.0,7
catboost,validation_2023_2024,7,0.7367257188804286,0.0,1
catboost,validation_2023_2024,8,0.8897567752361084,0.9,10
catboost,validation_2023_2024,9,0.939837991965621,0.9354838709677419,31
catboost,validation_2023_2024,6,0.6529427941233232,0.6666666666666666,9
catboost,validation_2023_2024,8,0.8850381791716988,0.875,8
catboost,validation_2023_2024,9,0.9458037767522817,0.9696969696969697,33
catboost,validation_2023_2024,6,0.6345680028667458,0.7777777777777778,9
catboost,validation_2023_2024,8,0.8808910009905653,0.7,10
catboost,validation_2023_2024,9,0.9434824432791121,0.967741935483871,31
catboost,validation_2023_2024,5,0.5856543296972648,1.0,1
catboost,validation_2023_2024,6,0.6448690681456186,0.75,8
catboost,validation_2023_2024,8,0.8782619246430305,0.8,10
catboost,validation_2023_2024,9,0.9455688264098613,0.9354838709677419,31
catboost,validation_2023_2024,6,0.6526524996217551,0.6666666666666666,9
catboost,validation_2023_2024,8,0.8815210680321136,0.8666666666666667,15
catboost,validation_2023_2024,9,0.9458650629227349,0.9615384615384616,26
catboost,validation_2023_2024,5,0.5569461451331841,1.0,1
catboost,validation_2023_2024,6,0.6565484732279558,0.75,8
catboost,validation_2023_2024,8,0.8720001119990952,0.9,10
catboost,validation_2023_2024,9,0.9433976168074022,0.967741935483871,31
catboost,validation_2023_2024,5,0.5834309415775414,1.0,1
catboost,validation_2023_2024,6,0.6790260557867411,0.625,8
catboost,validation_2023_2024,8,0.8832002848132006,0.875,8
catboost,validation_2023_2024,9,0.9458467563707026,0.9696969696969697,33
catboost,validation_2023_2024,6,0.6497080311143649,0.7777777777777778,9
catboost,validation_2023_2024,8,0.8851794273097455,1.0,8
catboost,validation_2023_2024,9,0.9384478171558772,0.9090909090909091,33
catboost,validation_2023_2024,6,0.6577472852558648,0.5,8
catboost,validation_2023_2024,7,0.7245931661442354,0.0,1
catboost,validation_2023_2024,8,0.8735868106593982,0.8888888888888888,9
catboost,validation_2023_2024,9,0.9400781489062481,0.84375,32
catboost,validation_2023_2024,5,0.5924023143727708,0.0,1
catboost,validation_2023_2024,6,0.6710122077484996,0.7142857142857143,7
catboost,validation_2023_2024,7,0.70160240111744,0.0,1
catboost,validation_2023_2024,8,0.8806863005289194,0.8888888888888888,9
catboost,validation_2023_2024,9,0.944468827455035,0.9375,32
catboost,validation_2023_2024,5,0.5935357800031011,0.0,1
catboost,validation_2023_2024,6,0.6421911575046357,0.75,8
catboost,validation_2023_2024,8,0.8809028496955023,0.8333333333333334,6
catboost,validation_2023_2024,9,0.9407963797361921,0.8857142857142857,35
catboost,validation_2023_2024,5,0.5878312622580535,0.0,1
catboost,validation_2023_2024,6,0.6547690536740455,0.8571428571428571,7
catboost,validation_2023_2024,7,0.7210148960650066,1.0,1
catboost,validation_2023_2024,8,0.8720089458313872,1.0,9
catboost,validation_2023_2024,9,0.9450005513398582,0.9375,32
catboost,validation_2023_2024,6,0.6548921929379693,0.5555555555555556,9
catboost,validation_2023_2024,8,0.8809694507991248,0.8,10
catboost,validation_2023_2024,9,0.9415404079908017,0.9354838709677419,31
catboost,validation_2023_2024,6,0.6550042673310906,0.75,8
catboost,validation_2023_2024,7,0.7125839628767349,1.0,1
catboost,validation_2023_2024,8,0.877889368844878,1.0,12
catboost,validation_2023_2024,9,0.946539663561039,0.9655172413793104,29
catboost,validation_2023_2024,5,0.5828529456864171,1.0,1
catboost,validation_2023_2024,6,0.6519988948847282,0.7142857142857143,7
catboost,validation_2023_2024,7,0.7098973303240806,1.0,1
catboost,validation_2023_2024,8,0.8859260923703082,0.7777777777777778,9
catboost,validation_2023_2024,9,0.9401788736341088,0.96875,32
catboost,validation_2023_2024,6,0.6556191724493543,0.625,8
catboost,validation_2023_2024,7,0.7052080417042336,1.0,1
catboost,validation_2023_2024,8,0.8752224848501952,0.9,10
catboost,validation_2023_2024,9,0.9434495147029849,0.9354838709677419,31
catboost,validation_2023_2024,6,0.6439274476111583,0.5555555555555556,9
catboost,validation_2023_2024,8,0.8759848376438532,1.0,9
catboost,validation_2023_2024,9,0.941642347804476,0.9375,32
catboost,validation_2023_2024,6,0.6510438075950227,0.625,8
catboost,validation_2023_2024,7,0.7118474496420482,1.0,1
catboost,validation_2023_2024,8,0.8680207416020289,0.75,8
catboost,validation_2023_2024,9,0.9376050993719847,0.8484848484848485,33
catboost,validation_2023_2024,6,0.6435275545502763,0.625,8
catboost,validation_2023_2024,7,0.7077439527640224,1.0,1
catboost,validation_2023_2024,8,0.8801938474198288,0.8181818181818182,11
catboost,validation_2023_2024,9,0.9460085689392113,1.0,30
catboost,validation_2023_2024,5,0.5973254409532912,0.0,1
catboost,validation_2023_2024,6,0.6463249507615393,1.0,7
catboost,validation_2023_2024,7,0.7090889560601052,1.0,1
catboost,validation_2023_2024,8,0.8899584135668156,0.8333333333333334,6
catboost,validation_2023_2024,9,0.9396621763420908,0.9428571428571428,35
catboost,validation_2023_2024,6,0.6487156593355194,0.625,8
catboost,validation_2023_2024,7,0.7068155245679758,1.0,1
catboost,validation_2023_2024,8,0.8727380719054139,0.75,8
catboost,validation_2023_2024,9,0.9419188984755519,0.9393939393939394,33
catboost,validation_2023_2024,6,0.6582426370211334,0.5555555555555556,9
catboost,validation_2023_2024,8,0.8826279635587788,0.8571428571428571,14
catboost,validation_2023_2024,9,0.9461773484261904,0.9629629629629629,27
catboost,validation_2023_2024,6,0.6553662623026911,0.625,8
catboost,validation_2023_2024,7,0.7030775592108854,0.0,1
catboost,validation_2023_2024,8,0.8790925739291492,0.9,10
catboost,validation_2023_2024,9,0.9459554775485016,0.9032258064516129,31
catboost,validation_2023_2024,6,0.6548801199858074,0.7777777777777778,9
catboost,validation_2023_2024,8,0.8807933514257522,0.8,10
catboost,validation_2023_2024,9,0.9407167833452317,1.0,31
catboost,validation_2023_2024,6,0.6553918411407762,0.625,8
catboost,validation_2023_2024,7,0.7136864096359038,1.0,1
catboost,validation_2023_2024,8,0.8744186038526843,1.0,10
catboost,validation_2023_2024,9,0.9470265209037848,0.967741935483871,31
catboost,validation_2023_2024,6,0.6416251913161752,0.625,8
catboost,validation_2023_2024,7,0.7053682554452001,1.0,1
catboost,validation_2023_2024,8,0.8770207360973972,1.0,10
catboost,validation_2023_2024,9,0.938938037759132,1.0,31
catboost,validation_2023_2024,6,0.6541967536402162,0.7777777777777778,9
catboost,validation_2023_2024,8,0.877614804572071,0.7,10
catboost,validation_2023_2024,9,0.940695873269268,0.9354838709677419,31
catboost,validation_2023_2024,6,0.6538302412518538,0.4444444444444444,9
catboost,validation_2023_2024,8,0.8767281828029798,1.0,9
catboost,validation_2023_2024,9,0.9421197390985497,0.9375,32
catboost,validation_2023_2024,6,0.6446753806470853,0.6666666666666666,9
catboost,validation_2023_2024,8,0.879484586421166,0.8181818181818182,11
catboost,validation_2023_2024,9,0.9428722253785916,0.9666666666666667,30
catboost,validation_2023_2024,5,0.5926868027930782,1.0,1
catboost,validation_2023_2024,6,0.6647135482731203,0.2857142857142857,7
catboost,validation_2023_2024,7,0.7429514766037916,1.0,1
catboost,validation_2023_2024,8,0.8809081466624061,0.8333333333333334,6
catboost,validation_2023_2024,9,0.9422964488523484,0.9142857142857143,35
catboost,validation_2023_2024,6,0.6602134704786262,0.625,8
catboost,validation_2023_2024,7,0.7082290011350679,0.0,1
catboost,validation_2023_2024,8,0.8786309705694412,1.0,8
catboost,validation_2023_2024,9,0.9384772333777719,0.9090909090909091,33
catboost,validation_2023_2024,5,0.5508896837044683,1.0,1
catboost,validation_2023_2024,6,0.6610756591398619,0.875,8
catboost,validation_2023_2024,8,0.8858108566083042,0.7777777777777778,9
catboost,validation_2023_2024,9,0.9409425532255131,0.9375,32
catboost,validation_2023_2024,6,0.6554330444266441,0.375,8
catboost,validation_2023_2024,7,0.7247772999713981,1.0,1
catboost,validation_2023_2024,8,0.8802407839708426,0.9,10
catboost,validation_2023_2024,9,0.941551249383834,0.9032258064516129,31
catboost,validation_2023_2024,5,0.5785047867988422,1.0,1
catboost,validation_2023_2024,6,0.6559324448372971,0.5714285714285714,7
catboost,validation_2023_2024,7,0.7393681909126091,1.0,1
catboost,validation_2023_2024,8,0.8793618392365766,0.8333333333333334,12
catboost,validation_2023_2024,9,0.9460150022100069,0.9310344827586207,29
catboost,validation_2023_2024,5,0.5990650169766248,0.6666666666666666,3
catboost,validation_2023_2024,6,0.6478370902925306,0.6,5
catboost,validation_2023_2024,7,0.7142906599337553,1.0,1
catboost,validation_2023_2024,8,0.8808478347845522,0.9090909090909091,11
catboost,validation_2023_2024,9,0.9487998433161738,0.9666666666666667,30
catboost,validation_2023_2024,6,0.6487102388297981,0.7142857142857143,7
catboost,validation_2023_2024,7,0.7119619829829016,0.5,2
catboost,validation_2023_2024,8,0.8830364592054482,0.7,10
catboost,validation_2023_2024,9,0.94451563882493,0.8387096774193549,31
catboost,validation_2023_2024,6,0.6715830932455181,0.3333333333333333,9
catboost,validation_2023_2024,8,0.8780807746775994,1.0,9
catboost,validation_2023_2024,9,0.942259888046668,0.9375,32
catboost,validation_2023_2024,6,0.6585189628593713,0.625,8
catboost,validation_2023_2024,7,0.7025104547432376,0.0,1
catboost,validation_2023_2024,8,0.8671845061810266,0.9,10
catboost,validation_2023_2024,9,0.9455837880522439,0.967741935483871,31
catboost,validation_2023_2024,5,0.568592203343423,1.0,1
catboost,validation_2023_2024,6,0.6637494739217374,0.5714285714285714,7
catboost,validation_2023_2024,7,0.7460280151241655,1.0,2
catboost,validation_2023_2024,8,0.88173341386146,0.8333333333333334,6
catboost,validation_2023_2024,9,0.9410605683782494,0.9705882352941176,34
catboost,validation_2023_2024,6,0.6501831861720055,0.7777777777777778,9
catboost,validation_2023_2024,8,0.8763799794116458,0.8,10
catboost,validation_2023_2024,9,0.9416570777842034,0.967741935483871,31
catboost,validation_2023_2024,6,0.6420112727372869,0.75,8
catboost,validation_2023_2024,7,0.7131471206662292,1.0,1
catboost,validation_2023_2024,8,0.8763713025832272,0.875,8
catboost,validation_2023_2024,9,0.9430015492086162,0.9696969696969697,33
catboost,validation_2023_2024,6,0.6513704922951516,0.6666666666666666,9
catboost,validation_2023_2024,8,0.8786318148584559,0.9090909090909091,11
catboost,validation_2023_2024,9,0.9436811463820629,0.9,30
catboost,validation_2023_2024,5,0.5895673565658635,1.0,2
catboost,validation_2023_2024,6,0.6639059382681762,0.6,5
catboost,validation_2023_2024,7,0.7223477466463828,0.5,2
catboost,validation_2023_2024,8,0.8772951951649263,1.0,8
catboost,validation_2023_2024,9,0.938752184254405,0.9696969696969697,33
catboost,validation_2023_2024,6,0.6619124902358424,0.5,8
catboost,validation_2023_2024,7,0.707652371700601,1.0,1
catboost,validation_2023_2024,8,0.8800147603272751,0.875,8
catboost,validation_2023_2024,9,0.9401239979105472,0.8484848484848485,33
catboost,validation_2023_2024,5,0.5855355069042164,1.0,3
catboost,validation_2023_2024,6,0.6432207187982859,0.75,4
catboost,validation_2023_2024,7,0.7205333862935126,0.5,2
catboost,validation_2023_2024,8,0.8765275315908121,0.8888888888888888,9
catboost,validation_2023_2024,9,0.9403116293926759,0.90625,32
catboost,validation_2023_2024,6,0.6471157733971109,0.625,8
catboost,validation_2023_2024,7,0.7435776167419775,1.0,1
catboost,validation_2023_2024,8,0.87964055008873,1.0,8
catboost,validation_2023_2024,9,0.9436934506971258,0.9090909090909091,33
catboost,validation_2023_2024,5,0.5987581131728229,1.0,1
catboost,validation_2023_2024,6,0.6442410920101591,0.875,8
catboost,validation_2023_2024,8,0.8802049297234558,0.9090909090909091,11
catboost,validation_2023_2024,9,0.9457890500846491,0.9666666666666667,30
catboost,validation_2023_2024,6,0.6413642887513247,0.6666666666666666,9
catboost,validation_2023_2024,8,0.872974885670813,1.0,11
catboost,validation_2023_2024,9,0.9419184829245734,0.9,30
catboost,validation_2023_2024,6,0.6567036999781872,0.5555555555555556,9
catboost,validation_2023_2024,8,0.879400869293423,1.0,9
catboost,validation_2023_2024,9,0.9424729239086769,0.84375,32
catboost,validation_2023_2024,6,0.664871825774726,0.5714285714285714,7
catboost,validation_2023_2024,7,0.7102310626743146,0.5,2
catboost,validation_2023_2024,8,0.879324617420004,1.0,11
catboost,validation_2023_2024,9,0.9445504565237156,0.9,30
catboost,validation_2023_2024,5,0.5889090952441058,0.0,2
catboost,validation_2023_2024,6,0.6477536193973995,0.8333333333333334,6
catboost,validation_2023_2024,7,0.7046775052872557,1.0,1
catboost,validation_2023_2024,8,0.8781278542251033,1.0,8
catboost,validation_2023_2024,9,0.9411279387883047,0.9393939393939394,33
catboost,validation_2023_2024,6,0.6437541997184253,0.5,8
catboost,validation_2023_2024,7,0.7157092783593436,1.0,1
catboost,validation_2023_2024,8,0.8795849934274067,0.75,8
catboost,validation_2023_2024,9,0.9427220569523472,0.9696969696969697,33
catboost,validation_2023_2024,6,0.6425649616388558,0.7777777777777778,9
catboost,validation_2023_2024,8,0.8785828484835437,0.8888888888888888,9
catboost,validation_2023_2024,9,0.9427720986265663,0.9375,32
catboost,validation_2023_2024,5,0.5996682265813656,1.0,1
catboost,validation_2023_2024,6,0.6509431513770039,0.625,8
catboost,validation_2023_2024,8,0.8785288520036532,0.9090909090909091,11
catboost,validation_2023_2024,9,0.9446353989101745,0.9666666666666667,30
catboost,validation_2023_2024,6,0.6535423703838326,0.875,8
catboost,validation_2023_2024,7,0.7109191854614682,0.0,1
catboost,validation_2023_2024,8,0.8772620446972443,0.9,10
catboost,validation_2023_2024,9,0.94357874776984,0.8387096774193549,31
catboost,validation_2023_2024,6,0.6477782822614242,0.6666666666666666,9
catboost,validation_2023_2024,8,0.8690886754532783,0.8888888888888888,9
catboost,validation_2023_2024,9,0.9453162491911313,0.875,32
catboost,validation_2023_2024,6,0.6552940171780031,0.5555555555555556,9
catboost,validation_2023_2024,8,0.8755004250363946,0.7777777777777778,9
catboost,validation_2023_2024,9,0.9431307988839029,0.9375,32
catboost,validation_2023_2024,5,0.5879007665658343,0.0,1
catboost,validation_2023_2024,6,0.6445897731863335,0.7142857142857143,7
catboost,validation_2023_2024,7,0.7115347873855118,1.0,1
catboost,validation_2023_2024,8,0.8748765360110072,0.7777777777777778,9
catboost,validation_2023_2024,9,0.9421722740232494,0.96875,32
catboost,validation_2023_2024,6,0.6440475559783738,0.25,8
catboost,validation_2023_2024,7,0.7236899840822171,1.0,1
catboost,validation_2023_2024,8,0.8772424270291885,1.0,7
catboost,validation_2023_2024,9,0.9444666685521511,1.0,34
catboost,validation_2023_2024,6,0.64747229532733,0.6666666666666666,9
catboost,validation_2023_2024,8,0.8690802947543128,1.0,10
catboost,validation_2023_2024,9,0.9396101170524354,0.9354838709677419,31
catboost,validation_2023_2024,6,0.6431898688073291,0.7777777777777778,9
catboost,validation_2023_2024,8,0.8795095855888875,0.8181818181818182,11
catboost,validation_2023_2024,9,0.9434059586693359,0.9666666666666667,30
catboost,validation_2023_2024,6,0.6520018482413464,0.7142857142857143,7
catboost,validation_2023_2024,7,0.713939339536217,0.5,2
catboost,validation_2023_2024,8,0.87838594919859,1.0,11
catboost,validation_2023_2024,9,0.9429429460264083,0.9333333333333333,30
catboost,validation_2023_2024,6,0.6367808099539833,0.625,8
catboost,validation_2023_2024,7,0.7010731433487082,1.0,1
catboost,validation_2023_2024,8,0.880332789055345,0.8571428571428571,7
catboost,validation_2023_2024,9,0.9406978266841084,0.8823529411764706,34
catboost,validation_2023_2024,6,0.6566803882774968,0.625,8
catboost,validation_2023_2024,7,0.7222512259426193,1.0,1
catboost,validation_2023_2024,8,0.8776696136833841,0.8888888888888888,9
catboost,validation_2023_2024,9,0.9422205288805627,0.96875,32
catboost,validation_2023_2024,6,0.6648358520021589,0.75,8
catboost,validation_2023_2024,7,0.7076177145063942,0.0,1
catboost,validation_2023_2024,8,0.8820113746844002,1.0,9
catboost,validation_2023_2024,9,0.9437671564000631,0.9375,32
catboost,validation_2023_2024,5,0.5866259136891612,1.0,2
catboost,validation_2023_2024,6,0.667102999649035,0.8333333333333334,6
catboost,validation_2023_2024,7,0.7317426683024308,1.0,1
catboost,validation_2023_2024,8,0.8819485859303504,0.875,8
catboost,validation_2023_2024,9,0.9428294654937132,0.9696969696969697,33
catboost,validation_2023_2024,6,0.6529209348927043,0.7777777777777778,9
catboost,validation_2023_2024,8,0.8727121222046187,1.0,7
catboost,validation_2023_2024,9,0.9379642220939937,1.0,34
catboost,validation_2023_2024,6,0.6484334202140354,0.5555555555555556,9
catboost,validation_2023_2024,8,0.8783814678627851,1.0,11
catboost,validation_2023_2024,9,0.9411056424217052,0.9333333333333333,30
catboost,validation_2023_2024,6,0.6554916721274959,0.8888888888888888,9
catboost,validation_2023_2024,8,0.8818174912723534,0.7272727272727273,11
catboost,validation_2023_2024,9,0.9467151498430926,0.9666666666666667,30
catboost,validation_2023_2024,6,0.6510996936556905,0.5,8
catboost,validation_2023_2024,7,0.7072168755703611,0.0,1
catboost,validation_2023_2024,8,0.869757918345295,1.0,8
catboost,validation_2023_2024,9,0.9454598912661987,0.9090909090909091,33
catboost,validation_2023_2024,5,0.5945131401928098,0.0,1
catboost,validation_2023_2024,6,0.6379275044390581,1.0,7
catboost,validation_2023_2024,7,0.7118366331964529,0.0,1
catboost,validation_2023_2024,8,0.8819075433338484,0.9,10
catboost,validation_2023_2024,9,0.9424728510403246,0.9032258064516129,31
catboost,validation_2023_2024,6,0.6611025904915819,0.6666666666666666,9
catboost,validation_2023_2024,8,0.8694791133287835,1.0,10
catboost,validation_2023_2024,9,0.9437575111430261,0.967741935483871,31
catboost,validation_2023_2024,6,0.6582461820610033,0.6666666666666666,9
catboost,validation_2023_2024,8,0.878597509070932,0.7272727272727273,11
catboost,validation_2023_2024,9,0.9421749740387442,0.9666666666666667,30
catboost,validation_2023_2024,5,0.5989256675984146,1.0,1
catboost,validation_2023_2024,6,0.6685756400083986,0.7142857142857143,7
catboost,validation_2023_2024,7,0.7050761734838974,0.0,1
catboost,validation_2023_2024,8,0.8809684052719655,0.9166666666666666,12
catboost,validation_2023_2024,9,0.9417537155010401,0.9655172413793104,29
catboost,validation_2023_2024,5,0.5941267025027436,1.0,1
catboost,validation_2023_2024,6,0.6489675831291519,0.625,8
catboost,validation_2023_2024,8,0.8763715852158673,1.0,10
catboost,validation_2023_2024,9,0.938301276410069,0.967741935483871,31
catboost,validation_2023_2024,6,0.6497565242153326,0.5555555555555556,9
catboost,validation_2023_2024,7,0.7918975333452402,1.0,1
catboost,validation_2023_2024,8,0.8832821983359972,0.9,10
catboost,validation_2023_2024,9,0.9432619218906046,0.9,30
catboost,validation_2023_2024,6,0.6541870891124101,0.4444444444444444,9
catboost,validation_2023_2024,8,0.8881825175325531,1.0,8
catboost,validation_2023_2024,9,0.9405317456876627,0.9696969696969697,33
catboost,validation_2023_2024,6,0.6482546173339465,0.375,8
catboost,validation_2023_2024,7,0.7074483634862507,1.0,1
catboost,validation_2023_2024,8,0.8820544086072378,0.8571428571428571,7
catboost,validation_2023_2024,9,0.939540502772656,0.9411764705882353,34
catboost,validation_2023_2024,6,0.656709964637893,0.8333333333333334,6
catboost,validation_2023_2024,7,0.7195071847099008,0.6666666666666666,3
catboost,validation_2023_2024,8,0.8814223063619915,0.9,10
catboost,validation_2023_2024,9,0.9391869121891442,0.9032258064516129,31
catboost,validation_2023_2024,5,0.5968762430870107,1.0,1
catboost,validation_2023_2024,6,0.6536363410565742,0.625,8
catboost,validation_2023_2024,8,0.8731971026154025,0.8333333333333334,6
catboost,validation_2023_2024,9,0.9358221651409556,0.9428571428571428,35
catboost,validation_2023_2024,6,0.6488877378011877,0.75,8
catboost,validation_2023_2024,7,0.7171868820237103,1.0,1
catboost,validation_2023_2024,8,0.8818654742505901,0.9090909090909091,11
catboost,validation_2023_2024,9,0.9393613991823023,0.9333333333333333,30
catboost,validation_2023_2024,6,0.6339378767876743,0.7777777777777778,9
catboost,validation_2023_2024,8,0.8813082759252139,0.75,12
catboost,validation_2023_2024,9,0.9426541178318847,0.9655172413793104,29
catboost,validation_2023_2024,6,0.6572871753016574,0.5555555555555556,9
catboost,validation_2023_2024,8,0.8705970927629819,0.8,10
catboost,validation_2023_2024,9,0.9442422360464183,1.0,31
catboost,validation_2023_2024,6,0.6612942613428596,0.75,8
catboost,validation_2023_2024,7,0.7183460349525116,1.0,1
catboost,validation_2023_2024,8,0.8744338993724441,0.875,8
catboost,validation_2023_2024,9,0.9412220392630369,0.9696969696969697,33
catboost,validation_2023_2024,5,0.5849575165220311,1.0,1
catboost,validation_2023_2024,6,0.6546408567526805,0.5,6
catboost,validation_2023_2024,7,0.711500656426415,1.0,2
catboost,validation_2023_2024,8,0.8750650815103003,0.8888888888888888,9
catboost,validation_2023_2024,9,0.9426902009201155,0.90625,32
catboost,validation_2023_2024,6,0.6552063026117769,0.5,8
catboost,validation_2023_2024,7,0.7452602895803808,1.0,1
catboost,validation_2023_2024,8,0.8823257374631639,0.9,10
catboost,validation_2023_2024,9,0.944195789917156,0.8709677419354839,31
catboost,validation_2023_2024,6,0.6573611037900443,0.5555555555555556,9
catboost,validation_2023_2024,8,0.8756992594010895,1.0,8
catboost,validation_2023_2024,9,0.9425082642223925,0.8484848484848485,33
catboost,validation_2023_2024,5,0.5731157541804792,1.0,1
catboost,validation_2023_2024,6,0.649942440898618,0.42857142857142855,7
catboost,validation_2023_2024,7,0.7052532932951269,1.0,1
catboost,validation_2023_2024,8,0.882788274795032,1.0,8
catboost,validation_2023_2024,9,0.9409198516327724,0.8484848484848485,33
catboost,validation_2023_2024,6,0.6591203384962673,0.7142857142857143,7
catboost,validation_2023_2024,7,0.7364875146920381,1.0,2
catboost,validation_2023_2024,8,0.8735523537716071,0.8,10
catboost,validation_2023_2024,9,0.9451957545595732,1.0,31
catboost,validation_2023_2024,5,0.5896143615595142,0.5,2
catboost,validation_2023_2024,6,0.6550737093034124,0.8571428571428571,7
catboost,validation_2023_2024,8,0.86130162875687,0.75,8
catboost,validation_2023_2024,9,0.9413972089756527,0.9393939393939394,33
catboost,validation_2023_2024,6,0.6540767173476886,0.6666666666666666,9
catboost,validation_2023_2024,8,0.8794412760727695,0.7777777777777778,9
catboost,validation_2023_2024,9,0.9402483240883334,0.84375,32
catboost,validation_2023_2024,5,0.5649916863720851,1.0,1
catboost,validation_2023_2024,6,0.6550754977494668,0.625,8
catboost,validation_2023_2024,8,0.8780286557513515,0.8,10
catboost,validation_2023_2024,9,0.9443786248224264,0.9032258064516129,31
catboost,validation_2023_2024,6,0.6502793252168257,0.625,8
catboost,validation_2023_2024,7,0.7720400574838097,1.0,1
catboost,validation_2023_2024,8,0.891818594393941,0.8571428571428571,7
catboost,validation_2023_2024,9,0.9426264679084623,0.9705882352941176,34
catboost,validation_2023_2024,5,0.5851658803071291,1.0,1
catboost,validation_2023_2024,6,0.6457573920436178,0.75,8
catboost,validation_2023_2024,8,0.8794355286807802,1.0,10
catboost,validation_2023_2024,9,0.9430506909928335,0.967741935483871,31
catboost,validation_2023_2024,6,0.6346984807351983,0.7142857142857143,7
catboost,validation_2023_2024,7,0.7278284365281875,1.0,2
catboost,validation_2023_2024,8,0.8720389275577818,0.9,10
catboost,validation_2023_2024,9,0.9430092152512873,0.967741935483871,31
catboost,validation_2023_2024,6,0.6382386691985481,0.6666666666666666,9
catboost,validation_2023_2024,8,0.8726004496220058,0.7272727272727273,11
catboost,validation_2023_2024,9,0.9433019861639291,0.8666666666666667,30
catboost,validation_2023_2024,6,0.6474656364408852,0.7777777777777778,9
catboost,validation_2023_2024,8,0.8750574958939483,0.8888888888888888,9
catboost,validation_2023_2024,9,0.9396603525712952,0.84375,32
catboost,validation_2023_2024,5,0.5812909297313475,1.0,2
catboost,validation_2023_2024,6,0.6522833989453773,0.6666666666666666,6
catboost,validation_2023_2024,7,0.7927189605522749,1.0,1
catboost,validation_2023_2024,8,0.8595344762476965,0.6666666666666666,9
catboost,validation_2023_2024,9,0.9485529829663497,0.90625,32
catboost,validation_2023_2024,6,0.6620436196283882,0.8571428571428571,7
catboost,validation_2023_2024,7,0.7140307672411573,0.5,2
catboost,validation_2023_2024,8,0.8723997135133684,0.9,10
catboost,validation_2023_2024,9,0.9425721093523431,0.9354838709677419,31
catboost,validation_2023_2024,5,0.5857798858377005,0.0,1
catboost,validation_2023_2024,6,0.6446706893844898,0.8571428571428571,7
catboost,validation_2023_2024,7,0.7134020421049839,0.0,1
catboost,validation_2023_2024,8,0.8722407608951581,0.8,5
catboost,validation_2023_2024,9,0.939476684046579,0.9166666666666666,36
catboost,validation_2023_2024,5,0.5971946349400823,1.0,1
catboost,validation_2023_2024,6,0.6576567620397781,0.8333333333333334,6
catboost,validation_2023_2024,7,0.723646583176272,0.5,2
catboost,validation_2023_2024,8,0.8777582214306551,0.8888888888888888,9
catboost,validation_2023_2024,9,0.9459140346150843,0.9375,32
catboost,validation_2023_2024,6,0.6469177163024626,0.5,8
catboost,validation_2023_2024,7,0.7020238643088593,1.0,1
catboost,validation_2023_2024,8,0.8740374031429212,1.0,10
catboost,validation_2023_2024,9,0.9395059317561769,0.9354838709677419,31
catboost,validation_2023_2024,5,0.5858043999253616,0.0,1
catboost,validation_2023_2024,6,0.6518175639603503,0.625,8
catboost,validation_2023_2024,8,0.8688347638635705,0.9090909090909091,11
catboost,validation_2023_2024,9,0.9463194464387954,0.9666666666666667,30
catboost,validation_2023_2024,6,0.6482054138396326,0.625,8
catboost,validation_2023_2024,7,0.7654496170397529,1.0,2
catboost,validation_2023_2024,8,0.880713825983432,1.0,10
catboost,validation_2023_2024,9,0.9477466439635752,0.9666666666666667,30
catboost,validation_2023_2024,5,0.5977816731252423,1.0,1
catboost,validation_2023_2024,6,0.6416684634688274,0.8333333333333334,6
catboost,validation_2023_2024,7,0.7089188793630805,0.5,2
catboost,validation_2023_2024,8,0.8816401255100854,0.9090909090909091,11
catboost,validation_2023_2024,9,0.9425403694594261,0.9333333333333333,30
catboost,validation_2023_2024,5,0.5968796873967033,0.0,1
catboost,validation_2023_2024,6,0.645677999177029,0.875,8
catboost,validation_2023_2024,8,0.8776158215863252,1.0,9
catboost,validation_2023_2024,9,0.9392538715238739,0.9375,32
catboost,validation_2023_2024,6,0.65540641725871,0.75,8
catboost,validation_2023_2024,7,0.7138793730792058,0.0,1
catboost,validation_2023_2024,8,0.8765918698499462,1.0,12
catboost,validation_2023_2024,9,0.9442036242973383,1.0,29
catboost,validation_2023_2024,6,0.648773350208549,0.5555555555555556,9
catboost,validation_2023_2024,8,0.8775336710246933,1.0,10
catboost,validation_2023_2024,9,0.9386685398130876,0.9354838709677419,31
catboost,validation_2023_2024,5,0.5809417543400356,0.0,1
catboost,validation_2023_2024,6,0.6585870459190383,0.7142857142857143,7
catboost,validation_2023_2024,7,0.7175909602943298,1.0,1
catboost,validation_2023_2024,8,0.8813878581689809,1.0,9
catboost,validation_2023_2024,9,0.9384687209208341,0.96875,32
catboost,validation_2023_2024,6,0.650366182224616,0.4444444444444444,9
catboost,validation_2023_2024,8,0.8868890152163218,0.8,10
catboost,validation_2023_2024,9,0.9403595583657446,0.8709677419354839,31
catboost,validation_2023_2024,5,0.5737974730592071,0.0,1
catboost,validation_2023_2024,6,0.6449084396236229,0.7142857142857143,7
catboost,validation_2023_2024,7,0.7002708746695037,1.0,1
catboost,validation_2023_2024,8,0.8805609715180601,0.9,10
catboost,validation_2023_2024,9,0.9463022330668717,0.9032258064516129,31
catboost,validation_2023_2024,6,0.641654196324954,0.625,8
catboost,validation_2023_2024,7,0.7162087629007834,1.0,1
catboost,validation_2023_2024,8,0.8852990048443542,1.0,7
catboost,validation_2023_2024,9,0.9422586145979368,0.9411764705882353,34
catboost,validation_2023_2024,6,0.6510408971854371,0.5,8
catboost,validation_2023_2024,7,0.7052293149553888,1.0,1
catboost,validation_2023_2024,8,0.879935846156903,1.0,10
catboost,validation_2023_2024,9,0.9465877660445275,0.9354838709677419,31
catboost,validation_2023_2024,6,0.6580009349349367,0.6666666666666666,9
catboost,validation_2023_2024,8,0.8818187277707737,1.0,12
catboost,validation_2023_2024,9,0.9438874987210417,1.0,29
catboost,validation_2023_2024,6,0.652653772174293,0.7777777777777778,9
catboost,validation_2023_2024,8,0.8838251114569101,0.9090909090909091,11
catboost,validation_2023_2024,9,0.94638578293381,0.9666666666666667,30
catboost,validation_2023_2024,6,0.6586539239171807,0.6666666666666666,9
catboost,validation_2023_2024,8,0.8675688883458973,0.8888888888888888,9
catboost,validation_2023_2024,9,0.9387148110602522,0.9375,32
catboost,validation_2023_2024,6,0.6541944856104221,0.5,8
catboost,validation_2023_2024,7,0.7406039625649083,0.0,1
catboost,validation_2023_2024,8,0.8800978295695243,0.9,10
catboost,validation_2023_2024,9,0.9451800591194556,0.967741935483871,31
catboost,validation_2023_2024,6,0.6510032617437919,0.5555555555555556,9
catboost,validation_2023_2024,8,0.8747388728448959,1.0,10
catboost,validation_2023_2024,9,0.9409950969427469,0.9354838709677419,31
catboost,validation_2023_2024,6,0.655505985194647,0.6666666666666666,9
catboost,validation_2023_2024,8,0.8786125164506688,1.0,8
catboost,validation_2023_2024,9,0.940363041646817,0.9090909090909091,33
catboost,validation_2023_2024,6,0.6454726808342388,0.5555555555555556,9
catboost,validation_2023_2024,8,0.8680166635350239,0.75,8
catboost,validation_2023_2024,9,0.9399632938135162,0.9696969696969697,33
catboost,validation_2023_2024,6,0.6404380410936348,0.7777777777777778,9
catboost,validation_2023_2024,8,0.8649016195676427,0.8888888888888888,9
catboost,validation_2023_2024,9,0.9404047573384431,0.96875,32
catboost,validation_2023_2024,6,0.651345361606436,0.5555555555555556,9
catboost,validation_2023_2024,8,0.8758110423002228,1.0,9
catboost,validation_2023_2024,9,0.9426080761180526,0.875,32
catboost,validation_2023_2024,6,0.6491923390599468,0.75,8
catboost,validation_2023_2024,7,0.7063234307022612,0.0,1
catboost,validation_2023_2024,8,0.866091313430295,0.9,10
catboost,validation_2023_2024,9,0.941712902869125,0.9354838709677419,31
catboost,validation_2023_2024,5,0.5826700546407138,0.0,1
catboost,validation_2023_2024,6,0.6495617235770403,0.625,8
catboost,validation_2023_2024,8,0.8881515006939349,0.7142857142857143,7
catboost,validation_2023_2024,9,0.9454948887105337,0.9411764705882353,34
catboost,validation_2023_2024,5,0.5670393753547549,1.0,2
catboost,validation_2023_2024,6,0.6529686123744783,0.8571428571428571,7
catboost,validation_2023_2024,8,0.8733589226981411,0.8333333333333334,6
catboost,validation_2023_2024,9,0.9410846099820538,0.8571428571428571,35
catboost,validation_2023_2024,5,0.566323098838655,0.0,1
catboost,validation_2023_2024,6,0.6455780048724576,0.625,8
catboost,validation_2023_2024,8,0.8816312203174665,0.75,8
catboost,validation_2023_2024,9,0.9457193867644318,0.9696969696969697,33
catboost,validation_2023_2024,6,0.666774950936314,0.75,8
catboost,validation_2023_2024,7,0.7168875775461451,1.0,1
catboost,validation_2023_2024,8,0.88018464051023,0.8333333333333334,6
catboost,validation_2023_2024,9,0.938727235473961,0.9428571428571428,35
catboost,validation_2023_2024,6,0.644431479806231,0.6666666666666666,9
catboost,validation_2023_2024,8,0.88282857666781,0.8571428571428571,7
catboost,validation_2023_2024,9,0.9410330040848658,0.9117647058823529,34
catboost,validation_2023_2024,6,0.6403682169755166,0.5555555555555556,9
catboost,validation_2023_2024,8,0.8789927711806873,0.9333333333333333,15
catboost,validation_2023_2024,9,0.9487188551835722,0.9615384615384616,26
catboost,validation_2023_2024,5,0.5881345930415275,0.0,1
catboost,validation_2023_2024,6,0.6482712304135176,0.5,8
catboost,validation_2023_2024,8,0.8710912961196231,1.0,10
catboost,validation_2023_2024,9,0.947019401528819,0.9354838709677419,31
catboost,validation_2023_2024,6,0.644289363788291,0.6666666666666666,9
catboost,validation_2023_2024,8,0.8743924303592029,1.0,11
catboost,validation_2023_2024,9,0.9481201066637864,0.9,30
catboost,validation_2023_2024,6,0.6482763111672687,0.5,8
catboost,validation_2023_2024,7,0.7307927403967411,1.0,1
catboost,validation_2023_2024,8,0.875917130212456,1.0,10
catboost,validation_2023_2024,9,0.9438976101811986,0.967741935483871,31
catboost,validation_2023_2024,6,0.6641696200517223,0.75,8
catboost,validation_2023_2024,7,0.7033540161473798,0.0,1
catboost,validation_2023_2024,8,0.8800782263935123,0.9,10
catboost,validation_2023_2024,9,0.9455751850216728,0.967741935483871,31
catboost,validation_2023_2024,5,0.5945741899346195,1.0,1
catboost,validation_2023_2024,6,0.6451826289385039,0.625,8
catboost,validation_2023_2024,8,0.8806140392262215,0.9,10
catboost,validation_2023_2024,9,0.9424154030500981,0.967741935483871,31
catboost,validation_2023_2024,5,0.5856122490590022,1.0,1
catboost,validation_2023_2024,6,0.6634532024542249,0.7142857142857143,7
catboost,validation_2023_2024,7,0.7117719915078917,1.0,1
catboost,validation_2023_2024,8,0.8744254034605254,0.8888888888888888,9
catboost,validation_2023_2024,9,0.9385821763993603,1.0,32
catboost,validation_2023_2024,6,0.6526192654219268,0.5714285714285714,7
catboost,validation_2023_2024,7,0.7141435648889511,1.0,2
catboost,validation_2023_2024,8,0.8832687730638216,0.7272727272727273,11
catboost,validation_2023_2024,9,0.9399715647390539,0.9,30
catboost,validation_2023_2024,6,0.6579053359281399,0.5555555555555556,9
catboost,validation_2023_2024,8,0.8753184317613294,0.8333333333333334,12
catboost,validation_2023_2024,9,0.9442088442120651,0.896551724137931,29
catboost,validation_2023_2024,5,0.5829866902743328,0.0,1
catboost,validation_2023_2024,6,0.6535542552592251,0.42857142857142855,7
catboost,validation_2023_2024,7,0.7036114734231317,1.0,1
catboost,validation_2023_2024,8,0.8732721106883394,1.0,10
catboost,validation_2023_2024,9,0.9472901836330468,0.967741935483871,31
catboost,validation_2023_2024,6,0.6545799632465961,0.75,8
catboost,validation_2023_2024,7,0.7301642481040402,1.0,1
catboost,validation_2023_2024,8,0.8647933143093997,0.75,8
catboost,validation_2023_2024,9,0.9389173058906678,1.0,33
catboost,validation_2023_2024,6,0.6649565377507761,0.4444444444444444,9
catboost,validation_2023_2024,8,0.8755782103439788,1.0,7
catboost,validation_2023_2024,9,0.9420388015898267,0.9117647058823529,34
catboost,validation_2023_2024,6,0.6643383353541326,0.8888888888888888,9
catboost,validation_2023_2024,8,0.8756386133674525,1.0,11
catboost,validation_2023_2024,9,0.9410747599629573,1.0,30
catboost,validation_2023_2024,6,0.6544356884294105,0.7777777777777778,9
catboost,validation_2023_2024,8,0.884620620396541,0.8461538461538461,13
catboost,validation_2023_2024,9,0.9439017905803018,1.0,28
catboost,validation_2023_2024,6,0.649051936639866,0.8571428571428571,7
catboost,validation_2023_2024,7,0.7049214631504093,1.0,2
catboost,validation_2023_2024,8,0.8754941307765829,1.0,11
catboost,validation_2023_2024,9,0.9428918262132909,0.9,30
catboost,validation_2023_2024,6,0.6524147374455828,0.6666666666666666,9
catboost,validation_2023_2024,8,0.878047336916417,0.9,10
catboost,validation_2023_2024,9,0.9400305374482064,0.967741935483871,31
catboost,validation_2023_2024,6,0.657426021989651,0.75,8
catboost,validation_2023_2024,7,0.7176639868171358,0.0,1
catboost,validation_2023_2024,8,0.8720276903818774,1.0,9
catboost,validation_2023_2024,9,0.9389663915530886,0.84375,32
catboost,validation_2023_2024,6,0.6506405890938539,0.375,8
catboost,validation_2023_2024,7,0.7009491622591596,1.0,1
catboost,validation_2023_2024,8,0.8733200704525814,0.875,8
catboost,validation_2023_2024,9,0.940724179752045,0.9090909090909091,33
catboost,validation_2023_2024,5,0.585359918424551,0.0,1
catboost,validation_2023_2024,6,0.6548401711599805,0.625,8
catboost,validation_2023_2024,8,0.88226735260735,0.8181818181818182,11
catboost,validation_2023_2024,9,0.9423862088743278,1.0,30
catboost,validation_2023_2024,6,0.6459057844641949,0.5555555555555556,9
catboost,validation_2023_2024,8,0.8742849824879521,0.9,10
catboost,validation_2023_2024,9,0.9408221329098015,0.9354838709677419,31
catboost,validation_2023_2024,6,0.647020034433807,0.75,8
catboost,validation_2023_2024,7,0.714086696996088,1.0,1
catboost,validation_2023_2024,8,0.8804936683629538,0.8461538461538461,13
catboost,validation_2023_2024,9,0.9452672985241816,0.9285714285714286,28
catboost,validation_2023_2024,5,0.5957587114185343,0.0,1
catboost,validation_2023_2024,6,0.652524208697865,0.5714285714285714,7
catboost,validation_2023_2024,7,0.7027807296706567,0.0,1
catboost,validation_2023_2024,8,0.8792625063200534,0.8571428571428571,7
catboost,validation_2023_2024,9,0.9431180897686038,0.9117647058823529,34
catboost,validation_2023_2024,5,0.5986513157126826,0.0,1
catboost,validation_2023_2024,6,0.6664750233240845,0.5714285714285714,7
catboost,validation_2023_2024,7,0.7049628361350012,1.0,1
catboost,validation_2023_2024,8,0.8830261420196236,0.9166666666666666,12
catboost,validation_2023_2024,9,0.9482526964829809,1.0,29
catboost,validation_2023_2024,5,0.5346356672751973,1.0,1
catboost,validation_2023_2024,6,0.6497557940567427,0.625,8
catboost,validation_2023_2024,8,0.8811003204755068,0.7777777777777778,9
catboost,validation_2023_2024,9,0.9410410976208633,0.90625,32
catboost,validation_2023_2024,5,0.5757011821899098,1.0,2
catboost,validation_2023_2024,6,0.6718101320080268,0.5714285714285714,7
catboost,validation_2023_2024,8,0.8751674211611853,0.7777777777777778,9
catboost,validation_2023_2024,9,0.9455784653093879,0.90625,32
catboost,validation_2023_2024,6,0.6501491891671296,0.6666666666666666,9
catboost,validation_2023_2024,8,0.8793648797479002,0.75,8
catboost,validation_2023_2024,9,0.9417049743967556,0.9696969696969697,33
catboost,validation_2023_2024,5,0.5804493727420537,1.0,2
catboost,validation_2023_2024,6,0.6535651958261729,0.7142857142857143,7
catboost,validation_2023_2024,8,0.8830073702043707,1.0,9
catboost,validation_2023_2024,9,0.9436890570463816,0.90625,32
catboost,validation_2023_2024,6,0.6577927915175732,0.7777777777777778,9
catboost,validation_2023_2024,8,0.8874979904374636,0.8888888888888888,9
catboost,validation_2023_2024,9,0.9454592496829588,0.9375,32
catboost,validation_2023_2024,5,0.591034527656465,1.0,2
catboost,validation_2023_2024,6,0.6550817827201572,0.8333333333333334,6
catboost,validation_2023_2024,7,0.7360927488097518,1.0,1
catboost,validation_2023_2024,8,0.8821723646158999,1.0,6
catboost,validation_2023_2024,9,0.9403428905243588,0.9714285714285714,35
catboost,validation_2023_2024,5,0.5947106757422099,0.0,1
catboost,validation_2023_2024,6,0.6518329539559964,0.875,8
catboost,validation_2023_2024,8,0.8857658775698919,0.9090909090909091,11
catboost,validation_2023_2024,9,0.9409030544688913,0.8666666666666667,30
catboost,validation_2023_2024,6,0.6472453236393962,0.5,8
catboost,validation_2023_2024,7,0.7076949585025789,1.0,1
catboost,validation_2023_2024,8,0.8768558930870186,1.0,12
catboost,validation_2023_2024,9,0.9491297507342413,0.9655172413793104,29
catboost,validation_2023_2024,5,0.5767182580721412,1.0,1
catboost,validation_2023_2024,6,0.6435079017204329,0.7142857142857143,7
catboost,validation_2023_2024,7,0.7088678956233855,1.0,1
catboost,validation_2023_2024,8,0.8751660227453396,0.8181818181818182,11
catboost,validation_2023_2024,9,0.9417605370911926,0.9333333333333333,30
catboost,validation_2023_2024,6,0.6520086352286837,0.5555555555555556,9
catboost,validation_2023_2024,8,0.8811681832354419,0.8888888888888888,9
catboost,validation_2023_2024,9,0.9439457930120334,0.9375,32
catboost,validation_2023_2024,6,0.6445548367897627,0.625,8
catboost,validation_2023_2024,7,0.7588703386027579,0.0,1
catboost,validation_2023_2024,8,0.8764408685500822,0.8571428571428571,7
catboost,validation_2023_2024,9,0.9402533120969759,0.8823529411764706,34
catboost,validation_2023_2024,5,0.5958971026565784,1.0,1
catboost,validation_2023_2024,6,0.6477423142038277,0.6,5
catboost,validation_2023_2024,7,0.7135548094029965,0.3333333333333333,3
catboost,validation_2023_2024,8,0.8793127201410218,0.8888888888888888,9
catboost,validation_2023_2024,9,0.9443413286552829,0.875,32
catboost,validation_2023_2024,6,0.658352410778505,0.5,6
catboost,validation_2023_2024,7,0.7172934665382179,0.6666666666666666,3
catboost,validation_2023_2024,8,0.8854917532252191,0.8333333333333334,6
catboost,validation_2023_2024,9,0.9397765418962527,0.9428571428571428,35
catboost,validation_2023_2024,6,0.6513954392741663,1.0,7
catboost,validation_2023_2024,7,0.7081575177181028,0.0,2
catboost,validation_2023_2024,8,0.8792626477784465,1.0,12
catboost,validation_2023_2024,9,0.9462281913638975,0.896551724137931,29
catboost,validation_2023_2024,5,0.5626002146230266,0.0,1
catboost,validation_2023_2024,6,0.6569425760815534,0.6666666666666666,6
catboost,validation_2023_2024,7,0.7198607416450262,0.5,2
catboost,validation_2023_2024,8,0.8687521788568053,0.8,10
catboost,validation_2023_2024,9,0.9464004497953987,0.8709677419354839,31
catboost,validation_2023_2024,6,0.6499825629352378,0.5,8
catboost,validation_2023_2024,7,0.7381579218475272,0.0,1
catboost,validation_2023_2024,8,0.8776206053365432,0.8181818181818182,11
catboost,validation_2023_2024,9,0.9464837742002206,0.9666666666666667,30
catboost,validation_2023_2024,6,0.6567756143938115,0.5555555555555556,9
catboost,validation_2023_2024,8,0.883350823002495,0.6363636363636364,11
catboost,validation_2023_2024,9,0.9447156520341052,0.9,30
catboost,validation_2023_2024,6,0.644407153814774,0.8888888888888888,9
catboost,validation_2023_2024,8,0.8817154386930177,0.7142857142857143,7
catboost,validation_2023_2024,9,0.9438287068200886,0.9411764705882353,34
catboost,validation_2023_2024,5,0.5869227049138557,0.3333333333333333,3
catboost,validation_2023_2024,6,0.6397800143815529,0.6666666666666666,6
catboost,validation_2023_2024,8,0.8799346093540369,0.875,8
catboost,validation_2023_2024,9,0.9440814617184599,0.8787878787878788,33
catboost,validation_2023_2024,6,0.6609831369009883,0.6666666666666666,9
catboost,validation_2023_2024,8,0.8879806841075524,0.7,10
catboost,validation_2023_2024,9,0.9467151920404119,0.9032258064516129,31
catboost,validation_2023_2024,5,0.581933703720486,1.0,1
catboost,validation_2023_2024,6,0.6462909415273418,0.6666666666666666,6
catboost,validation_2023_2024,7,0.7050738025715985,0.5,2
catboost,validation_2023_2024,8,0.8765257707561072,1.0,9
catboost,validation_2023_2024,9,0.945019480891192,0.9375,32
catboost,validation_2023_2024,6,0.6623933757830324,0.5555555555555556,9
catboost,validation_2023_2024,8,0.8836690190420559,0.8888888888888888,9
catboost,validation_2023_2024,9,0.9446969861563266,0.9375,32
catboost,validation_2023_2024,5,0.5865526490136637,1.0,1
catboost,validation_2023_2024,6,0.6465998551136352,0.5714285714285714,7
catboost,validation_2023_2024,7,0.7029267095504187,1.0,1
catboost,validation_2023_2024,8,0.877181597932979,1.0,12
catboost,validation_2023_2024,9,0.9418383571618039,0.9655172413793104,29
catboost,validation_2023_2024,6,0.6406394025110689,0.875,8
catboost,validation_2023_2024,7,0.7021205287444208,0.0,1
catboost,validation_2023_2024,8,0.8636782147654531,0.8333333333333334,6
catboost,validation_2023_2024,9,0.9426864615000116,0.9428571428571428,35
catboost,validation_2023_2024,5,0.5838290723108324,1.0,2
catboost,validation_2023_2024,6,0.6573685338274982,0.6666666666666666,6
catboost,validation_2023_2024,7,0.7189388452557152,1.0,1
catboost,validation_2023_2024,8,0.8863602340978635,0.8888888888888888,9
catboost,validation_2023_2024,9,0.9398730976789323,0.90625,32
catboost,validation_2023_2024,6,0.657516734651937,0.625,8
catboost,validation_2023_2024,7,0.7020883391275333,0.0,1
catboost,validation_2023_2024,8,0.8796151759089597,0.875,8
catboost,validation_2023_2024,9,0.9459170317621238,0.8787878787878788,33
catboost,validation_2023_2024,6,0.6469353884956978,0.5714285714285714,7
catboost,validation_2023_2024,7,0.7228034542896447,0.5,2
catboost,validation_2023_2024,8,0.8790027285946027,1.0,9
catboost,validation_2023_2024,9,0.9471565613533156,0.9375,32
catboost,validation_2023_2024,5,0.580644854565683,1.0,1
catboost,validation_2023_2024,6,0.6489121092952439,0.5,6
catboost,validation_2023_2024,7,0.7062478348287664,1.0,2
catboost,validation_2023_2024,8,0.8796660648317142,1.0,10
catboost,validation_2023_2024,9,0.9476603835326743,0.9354838709677419,31
catboost,validation_2023_2024,6,0.648559472666997,0.6666666666666666,9
catboost,validation_2023_2024,8,0.8806964139194348,0.75,12
catboost,validation_2023_2024,9,0.9462921566124907,0.896551724137931,29
catboost,validation_2023_2024,6,0.6570731129647448,0.6666666666666666,9
catboost,validation_2023_2024,8,0.8757224976003872,0.9,10
catboost,validation_2023_2024,9,0.943966700049509,0.8709677419354839,31
catboost,validation_2023_2024,5,0.5995055202929939,1.0,1
catboost,validation_2023_2024,6,0.669898670918943,0.625,8
catboost,validation_2023_2024,8,0.8797728388869838,0.6666666666666666,9
catboost,validation_2023_2024,9,0.9474472069043223,0.90625,32
catboost,validation_2023_2024,6,0.6620291965624158,0.8571428571428571,7
catboost,validation_2023_2024,7,0.7145647317818631,0.5,2
catboost,validation_2023_2024,8,0.8784513024383216,1.0,6
catboost,validation_2023_2024,9,0.9432635698072167,0.9714285714285714,35
catboost,validation_2023_2024,5,0.578994131709869,1.0,2
catboost,validation_2023_2024,6,0.6577408073546182,0.5714285714285714,7
catboost,validation_2023_2024,8,0.8752107558856088,0.8333333333333334,6
catboost,validation_2023_2024,9,0.9388180288396134,0.8571428571428571,35
catboost,validation_2023_2024,5,0.5909589590275839,0.0,1
catboost,validation_2023_2024,6,0.6762209198303782,0.6666666666666666,6
catboost,validation_2023_2024,7,0.7285891161689666,0.5,2
catboost,validation_2023_2024,8,0.8804740903803091,1.0,7
catboost,validation_2023_2024,9,0.947270618478584,0.9705882352941176,34
catboost,validation_2023_2024,5,0.5716252373233761,1.0,1
catboost,validation_2023_2024,6,0.6570234854826996,0.7142857142857143,7
catboost,validation_2023_2024,7,0.715323939426565,0.0,1
catboost,validation_2023_2024,8,0.8793323689178043,1.0,7
catboost,validation_2023_2024,9,0.9390464813000006,0.9705882352941176,34
catboost,validation_2023_2024,5,0.5877129856278562,1.0,1
catboost,validation_2023_2024,6,0.6594265117279808,0.625,8
catboost,validation_2023_2024,8,0.8745119639861609,0.8888888888888888,9
catboost,validation_2023_2024,9,0.9415360294508855,0.9375,32
catboost,validation_2023_2024,6,0.6634365472731958,0.625,8
catboost,validation_2023_2024,7,0.7027737516954128,1.0,1
catboost,validation_2023_2024,8,0.8841555990654675,1.0,7
catboost,validation_2023_2024,9,0.9431234304530439,0.9117647058823529,34
catboost,validation_2023_2024,5,0.5691521096230977,1.0,1
catboost,validation_2023_2024,6,0.6587185420562963,0.625,8
catboost,validation_2023_2024,8,0.8810464602208345,1.0,9
catboost,validation_2023_2024,9,0.9444716045859916,0.90625,32
catboost,validation_2023_2024,6,0.6524056457536468,0.6,5
catboost,validation_2023_2024,7,0.7248421043709106,0.25,4
catboost,validation_2023_2024,8,0.8801486778887485,0.8,10
catboost,validation_2023_2024,9,0.9429850461527872,0.8064516129032258,31
catboost,validation_2023_2024,5,0.5672691811558872,0.6666666666666666,3
catboost,validation_2023_2024,6,0.6572458424976502,1.0,2
catboost,validation_2023_2024,7,0.7206837270142016,0.5,4
catboost,validation_2023_2024,8,0.8864244591956841,1.0,4
catboost,validation_2023_2024,9,0.9432778231834107,0.8918918918918919,37
catboost,validation_2023_2024,5,0.5972086989304318,1.0,1
catboost,validation_2023_2024,6,0.6445362666735295,0.8333333333333334,6
catboost,validation_2023_2024,7,0.7155062975656394,1.0,2
catboost,validation_2023_2024,8,0.8813632554071225,1.0,6
catboost,validation_2023_2024,9,0.9411305746363896,0.9714285714285714,35
catboost,validation_2023_2024,6,0.6455523306791687,0.625,8
catboost,validation_2023_2024,7,0.7022316712664678,1.0,1
catboost,validation_2023_2024,8,0.8841175236094971,0.8,10
catboost,validation_2023_2024,9,0.9435677783361187,1.0,31
catboost,validation_2023_2024,6,0.66005910009414,0.6666666666666666,9
catboost,validation_2023_2024,8,0.8826868987058553,0.875,8
catboost,validation_2023_2024,9,0.9421575652747296,0.8787878787878788,33
catboost,validation_2023_2024,5,0.5804480130254246,1.0,1
catboost,validation_2023_2024,6,0.6469343347863201,0.7142857142857143,7
catboost,validation_2023_2024,7,0.7401301506953619,1.0,1
catboost,validation_2023_2024,8,0.8794317218064842,0.875,8
catboost,validation_2023_2024,9,0.9409385348855005,0.9696969696969697,33
catboost,validation_2023_2024,6,0.6546067402760369,0.625,8
catboost,validation_2023_2024,7,0.7257733634164761,0.0,1
catboost,validation_2023_2024,8,0.8783201312865648,0.9,10
catboost,validation_2023_2024,9,0.9438518775117395,0.8387096774193549,31
catboost,validation_2023_2024,5,0.5855927529890115,1.0,1
catboost,validation_2023_2024,6,0.6582791351207435,0.75,8
catboost,validation_2023_2024,8,0.8540315969964775,1.0,6
catboost,validation_2023_2024,9,0.9478502280879055,0.8857142857142857,35
catboost,validation_2023_2024,5,0.5853379453920584,1.0,1
catboost,validation_2023_2024,6,0.6615538847010474,0.6,5
catboost,validation_2023_2024,7,0.7536200558044527,0.25,4
catboost,validation_2023_2024,8,0.8689970827516427,0.75,8
catboost,validation_2023_2024,9,0.9457748148963838,0.96875,32
catboost,validation_2023_2024,5,0.5981764474589234,1.0,1
catboost,validation_2023_2024,6,0.6612098117170363,0.75,8
catboost,validation_2023_2024,8,0.8766346692627713,1.0,7
catboost,validation_2023_2024,9,0.9402266450710639,1.0,34
catboost,validation_2023_2024,6,0.6511525168400493,0.625,8
catboost,validation_2023_2024,7,0.701830160727109,0.0,1
catboost,validation_2023_2024,8,0.8747078025122761,1.0,8
catboost,validation_2023_2024,9,0.9397196387909101,0.9393939393939394,33
catboost,validation_2023_2024,5,0.5910717950521936,1.0,1
catboost,validation_2023_2024,6,0.6578225351302665,0.5714285714285714,7
catboost,validation_2023_2024,7,0.7005580426711521,1.0,1
catboost,validation_2023_2024,8,0.8724849235424081,0.9,10
catboost,validation_2023_2024,9,0.9429887014262079,0.967741935483871,31
catboost,validation_2023_2024,6,0.6461942298006254,0.375,8
catboost,validation_2023_2024,7,0.7047606644786144,0.0,1
catboost,validation_2023_2024,8,0.881480050499644,0.8,10
catboost,validation_2023_2024,9,0.9419236426625583,0.9032258064516129,31
catboost,validation_2023_2024,5,0.5850974577847686,1.0,1
catboost,validation_2023_2024,6,0.6508684558184143,0.75,8
catboost,validation_2023_2024,8,0.8758172704070396,0.7142857142857143,7
catboost,validation_2023_2024,9,0.9413418193046863,0.8823529411764706,34
catboost,validation_2023_2024,5,0.5880520687191191,1.0,1
catboost,validation_2023_2024,6,0.665791956435516,0.8,5
catboost,validation_2023_2024,7,0.7298312359919655,0.3333333333333333,3
catboost,validation_2023_2024,8,0.8757569049765994,0.8571428571428571,7
catboost,validation_2023_2024,9,0.9430932664002865,0.9117647058823529,34
catboost,validation_2023_2024,5,0.5866758154221006,1.0,1
catboost,validation_2023_2024,6,0.6655298492108731,0.5714285714285714,7
catboost,validation_2023_2024,7,0.7176461683704162,1.0,1
catboost,validation_2023_2024,8,0.8727399643735997,0.6666666666666666,6
catboost,validation_2023_2024,9,0.940871002545627,0.9428571428571428,35
catboost,validation_2023_2024,6,0.6503921881410654,0.75,8
catboost,validation_2023_2024,7,0.7032239177720007,0.0,1
catboost,validation_2023_2024,8,0.8769840230415764,1.0,9
catboost,validation_2023_2024,9,0.9416034329534255,0.90625,32
catboost,validation_2023_2024,6,0.6497065691347146,0.6666666666666666,9
catboost,validation_2023_2024,8,0.8706742498652547,1.0,10
catboost,validation_2023_2024,9,0.9438770337591361,0.7741935483870968,31
catboost,validation_2023_2024,5,0.5511234571059356,1.0,1
catboost,validation_2023_2024,6,0.6443125810730027,0.6666666666666666,6
catboost,validation_2023_2024,7,0.7100463515130775,0.5,2
catboost,validation_2023_2024,8,0.8842392778744457,0.8888888888888888,9
catboost,validation_2023_2024,9,0.9451791780305137,0.96875,32
catboost,validation_2023_2024,6,0.646700742057417,0.5714285714285714,7
catboost,validation_2023_2024,7,0.7179955961628932,1.0,2
catboost,validation_2023_2024,8,0.8810355445268634,1.0,8
catboost,validation_2023_2024,9,0.9449093289250727,0.8787878787878788,33
catboost,validation_2023_2024,5,0.5837236148742068,0.0,2
catboost,validation_2023_2024,6,0.6578026343047275,0.8333333333333334,6
catboost,validation_2023_2024,7,0.7188123957049989,0.0,1
catboost,validation_2023_2024,8,0.8720223897477304,0.9,10
catboost,validation_2023_2024,9,0.9458888309143134,0.9354838709677419,31
catboost,validation_2023_2024,6,0.6528460293557609,0.6666666666666666,9
catboost,validation_2023_2024,8,0.8692532853246178,1.0,6
catboost,validation_2023_2024,9,0.944997120111466,0.8857142857142857,35
catboost,validation_2023_2024,6,0.6543457862717914,0.625,8
catboost,validation_2023_2024,7,0.7092409574801386,0.0,1
catboost,validation_2023_2024,8,0.8837627371849376,0.8888888888888888,9
catboost,validation_2023_2024,9,0.9429630280794182,0.96875,32
catboost,validation_2023_2024,6,0.6592273163841181,0.5555555555555556,9
catboost,validation_2023_2024,8,0.8759739046415322,1.0,10
catboost,validation_2023_2024,9,0.9458191569504942,0.967741935483871,31
catboost,validation_2023_2024,6,0.6541770854543543,0.75,8
catboost,validation_2023_2024,7,0.740958436491446,1.0,1
catboost,validation_2023_2024,8,0.8706412834658667,0.8181818181818182,11
catboost,validation_2023_2024,9,0.942142367191402,0.9333333333333333,30
catboost,validation_2023_2024,5,0.5839659999827342,1.0,1
catboost,validation_2023_2024,6,0.6452453301662749,0.5714285714285714,7
catboost,validation_2023_2024,7,0.7251564071013384,1.0,1
catboost,validation_2023_2024,8,0.8722104285983374,0.8888888888888888,9
catboost,validation_2023_2024,9,0.9367389277992275,0.875,32
catboost,validation_2023_2024,5,0.5790744066940607,0.0,1
catboost,validation_2023_2024,6,0.6459508797454265,0.8571428571428571,7
catboost,validation_2023_2024,7,0.7003919577175154,1.0,1
catboost,validation_2023_2024,8,0.8683119863762522,0.8888888888888888,9
catboost,validation_2023_2024,9,0.9460392552706396,0.84375,32
catboost,validation_2023_2024,5,0.504342796380162,1.0,1
catboost,validation_2023_2024,6,0.6558394066850873,0.7142857142857143,7
catboost,validation_2023_2024,7,0.7083523424291389,1.0,1
catboost,validation_2023_2024,8,0.8617345009171221,0.8571428571428571,7
catboost,validation_2023_2024,9,0.9462802827381125,0.9705882352941176,34
catboost,validation_2023_2024,5,0.5770993700754601,0.0,1
catboost,validation_2023_2024,6,0.6673020654254571,0.75,8
catboost,validation_2023_2024,8,0.8789090128468829,1.0,6
catboost,validation_2023_2024,9,0.9445642020318524,0.9428571428571428,35
catboost,validation_2023_2024,6,0.6477776482097004,0.75,8
catboost,validation_2023_2024,7,0.7174703126529439,1.0,1
catboost,validation_2023_2024,8,0.8742439975168989,1.0,6
catboost,validation_2023_2024,9,0.9387354856283545,0.9714285714285714,35
catboost,validation_2023_2024,5,0.5607437354304886,1.0,1
catboost,validation_2023_2024,6,0.6541679275162168,0.5,8
catboost,validation_2023_2024,8,0.8638081388817531,1.0,8
catboost,validation_2023_2024,9,0.9444351195333135,0.9393939393939394,33
catboost,validation_2023_2024,6,0.6518837173372638,0.625,8
catboost,validation_2023_2024,7,0.7075006868390726,1.0,1
catboost,validation_2023_2024,8,0.886070221540325,0.8571428571428571,7
catboost,validation_2023_2024,9,0.9382779648155504,0.9411764705882353,34
catboost,validation_2023_2024,6,0.6494118034535838,0.6666666666666666,9
catboost,validation_2023_2024,8,0.87826931046511,0.9,10
catboost,validation_2023_2024,9,0.9404416211964963,0.967741935483871,31
catboost,validation_2023_2024,5,0.5181871979571493,1.0,1
catboost,validation_2023_2024,6,0.6734491526980704,0.5,8
catboost,validation_2023_2024,8,0.880029024070497,0.8181818181818182,11
catboost,validation_2023_2024,9,0.9447900461920684,0.9333333333333333,30
catboost,validation_2023_2024,6,0.6546789056979663,0.75,8
catboost,validation_2023_2024,7,0.7276641981253876,1.0,1
catboost,validation_2023_2024,8,0.8782967348533983,0.8888888888888888,9
catboost,validation_2023_2024,9,0.9429606613143364,0.9375,32
catboost,validation_2023_2024,6,0.651623928129551,0.625,8
catboost,validation_2023_2024,7,0.704962856354101,1.0,1
catboost,validation_2023_2024,8,0.878463761744284,1.0,6
catboost,validation_2023_2024,9,0.9375734275811881,0.9714285714285714,35
catboost,validation_2023_2024,6,0.6544629707491042,0.625,8
catboost,validation_2023_2024,7,0.7003479302588266,1.0,1
catboost,validation_2023_2024,8,0.877674134445222,1.0,9
catboost,validation_2023_2024,9,0.9407013965575965,0.9375,32
catboost,validation_2023_2024,6,0.6509992014296754,0.7777777777777778,9
catboost,validation_2023_2024,8,0.8834171963296102,1.0,8
catboost,validation_2023_2024,9,0.9427252470851594,0.9090909090909091,33
catboost,validation_2023_2024,5,0.5978433578442908,0.0,1
catboost,validation_2023_2024,6,0.6506371702242896,0.5714285714285714,7
catboost,validation_2023_2024,7,0.7011824602888045,1.0,1
catboost,validation_2023_2024,8,0.8808734059400901,0.7777777777777778,9
catboost,validation_2023_2024,9,0.9406458959400932,0.96875,32
catboost,validation_2023_2024,6,0.639020112691782,0.5555555555555556,9
catboost,validation_2023_2024,8,0.8779059442990379,0.9,10
catboost,validation_2023_2024,9,0.9401596755173403,0.9032258064516129,31
catboost,validation_2023_2024,5,0.5866968332342851,0.0,1
catboost,validation_2023_2024,6,0.6691424264411483,0.7142857142857143,7
catboost,validation_2023_2024,7,0.7123381368192226,0.0,1
catboost,validation_2023_2024,8,0.8769501923329198,1.0,8
catboost,validation_2023_2024,9,0.942417768262587,0.9393939393939394,33
catboost,validation_2023_2024,6,0.6594166559979283,0.7777777777777778,9
catboost,validation_2023_2024,8,0.8861603656514615,0.75,8
catboost,validation_2023_2024,9,0.9373904005813035,1.0,33
catboost,validation_2023_2024,6,0.6465251146945186,0.75,8
catboost,validation_2023_2024,7,0.713341649490583,0.0,1
catboost,validation_2023_2024,8,0.876472186272343,0.8,10
catboost,validation_2023_2024,9,0.9405957312344503,0.9354838709677419,31
catboost,validation_2023_2024,5,0.5936932073152104,1.0,1
catboost,validation_2023_2024,6,0.6476146566321977,0.5,6
catboost,validation_2023_2024,7,0.7143877932460294,0.5,2
catboost,validation_2023_2024,8,0.8864628710042439,0.7777777777777778,9
catboost,validation_2023_2024,9,0.9391127937500762,0.96875,32
catboost,validation_2023_2024,5,0.5741682993496305,1.0,1
catboost,validation_2023_2024,6,0.651029323113903,0.625,8
catboost,validation_2023_2024,7,0.7690012726357986,1.0,1
catboost,validation_2023_2024,8,0.8804956394175574,1.0,9
catboost,validation_2023_2024,9,0.9460756261865597,0.9032258064516129,31
catboost,validation_2023_2024,6,0.6485443365842796,0.5714285714285714,7
catboost,validation_2023_2024,7,0.7219245230412201,1.0,2
catboost,validation_2023_2024,8,0.8804141312468872,0.875,8
catboost,validation_2023_2024,9,0.9444246802494802,0.9393939393939394,33
catboost,validation_2023_2024,6,0.6570013229394135,0.875,8
catboost,validation_2023_2024,7,0.7147516024691878,0.0,1
catboost,validation_2023_2024,8,0.8603306983590546,0.7777777777777778,9
catboost,validation_2023_2024,9,0.9426196051084429,0.90625,32
catboost,validation_2023_2024,6,0.6457722731223592,0.5714285714285714,7
catboost,validation_2023_2024,7,0.7170187820828589,0.5,2
catboost,validation_2023_2024,8,0.8783762582755394,1.0,6
catboost,validation_2023_2024,9,0.9405488658495461,0.9714285714285714,35
catboost,validation_2023_2024,6,0.638728830914714,0.7777777777777778,9
catboost,validation_2023_2024,8,0.8818549160662695,0.9090909090909091,11
catboost,validation_2023_2024,9,0.9467551919113872,0.9333333333333333,30
catboost,validation_2023_2024,5,0.5772379642147,1.0,1
catboost,validation_2023_2024,6,0.6416563586176893,0.5714285714285714,7
catboost,validation_2023_2024,7,0.7206762533509246,1.0,1
catboost,validation_2023_2024,8,0.8831051510309985,0.875,8
catboost,validation_2023_2024,9,0.9416117069686355,0.9090909090909091,33
catboost,validation_2023_2024,6,0.6608278312963497,0.5555555555555556,9
catboost,validation_2023_2024,8,0.8870959673439455,1.0,6
catboost,validation_2023_2024,9,0.9394567859661801,0.9428571428571428,35
catboost,validation_2023_2024,6,0.6585228367460706,0.5555555555555556,9
catboost,validation_2023_2024,8,0.8761973070807594,0.8571428571428571,7
catboost,validation_2023_2024,9,0.9395358709038847,0.8529411764705882,34
catboost,validation_2023_2024,6,0.6475079142251156,0.6666666666666666,6
catboost,validation_2023_2024,7,0.707086994712514,0.6666666666666666,3
catboost,validation_2023_2024,8,0.8822553388694709,1.0,8
catboost,validation_2023_2024,9,0.9420977893777321,0.8787878787878788,33
catboost,validation_2023_2024,5,0.5683765597914472,0.0,1
catboost,validation_2023_2024,6,0.6586012415596862,0.625,8
catboost,validation_2023_2024,8,0.8820308342648248,0.75,8
catboost,validation_2023_2024,9,0.9447182258174044,0.9090909090909091,33
catboost,validation_2023_2024,5,0.5784041184599641,0.0,1
catboost,validation_2023_2024,6,0.6548822601730674,0.75,8
catboost,validation_2023_2024,8,0.8706231323180372,1.0,12
catboost,validation_2023_2024,9,0.9464048785413048,0.9655172413793104,29
catboost,validation_2023_2024,5,0.581873585144496,1.0,1
catboost,validation_2023_2024,6,0.6641909083827277,0.5,8
catboost,validation_2023_2024,8,0.8779063936847272,0.8181818181818182,11
catboost,validation_2023_2024,9,0.9400537708715256,0.9666666666666667,30
catboost,validation_2023_2024,6,0.6472539367689223,0.5555555555555556,9
catboost,validation_2023_2024,8,0.8770938914424624,1.0,9
catboost,validation_2023_2024,9,0.9412784382537933,0.96875,32
catboost,validation_2023_2024,6,0.6612071188963531,0.6666666666666666,9
catboost,validation_2023_2024,8,0.8816948965289487,0.8333333333333334,12
catboost,validation_2023_2024,9,0.9452413827625418,0.9310344827586207,29
catboost,validation_2023_2024,5,0.5546770404097657,0.0,1
catboost,validation_2023_2024,6,0.66040712157116,0.75,8
catboost,validation_2023_2024,8,0.877557931735284,0.8181818181818182,11
catboost,validation_2023_2024,9,0.9460338696410743,0.9333333333333333,30
catboost,validation_2023_2024,5,0.5509533823073474,1.0,1
catboost,validation_2023_2024,6,0.6501097967678143,0.8333333333333334,6
catboost,validation_2023_2024,7,0.7073421309581095,0.5,2
catboost,validation_2023_2024,8,0.8820389428216412,0.9,10
catboost,validation_2023_2024,9,0.9453387163428688,0.967741935483871,31
catboost,validation_2023_2024,6,0.6595437589943428,0.625,8
catboost,validation_2023_2024,7,0.7082712972331906,0.0,1
catboost,validation_2023_2024,8,0.8762469236075133,1.0,9
catboost,validation_2023_2024,9,0.9410730723799445,0.90625,32
catboost,validation_2023_2024,5,0.5851950892909393,1.0,1
catboost,validation_2023_2024,6,0.6562088542744201,0.75,8
catboost,validation_2023_2024,8,0.8889009895716568,0.8571428571428571,7
catboost,validation_2023_2024,9,0.9402236863063782,0.9411764705882353,34
catboost,validation_2023_2024,6,0.6531987333270014,0.75,8
catboost,validation_2023_2024,7,0.7016558519296284,1.0,1
catboost,validation_2023_2024,8,0.8781614292216782,0.8571428571428571,7
catboost,validation_2023_2024,9,0.9422508498112107,0.8823529411764706,34
catboost,validation_2023_2024,5,0.5816888446592177,1.0,1
catboost,validation_2023_2024,6,0.6445596307753592,0.375,8
catboost,validation_2023_2024,8,0.8767212907824341,1.0,9
catboost,validation_2023_2024,9,0.9422148609110641,0.9375,32
catboost,validation_2023_2024,5,0.5899413684913287,0.0,1
catboost,validation_2023_2024,6,0.6545703969158186,1.0,7
catboost,validation_2023_2024,7,0.7144794432936961,1.0,1
catboost,validation_2023_2024,8,0.8760216049701754,1.0,8
catboost,validation_2023_2024,9,0.9415204068502392,0.9090909090909091,33
catboost,validation_2023_2024,6,0.6567684322160031,0.625,8
catboost,validation_2023_2024,7,0.7035709598399649,0.0,1
catboost,validation_2023_2024,8,0.8838678518337175,0.9,10
catboost,validation_2023_2024,9,0.9419581730527447,0.967741935483871,31
catboost,validation_2023_2024,6,0.6661995054340529,0.6666666666666666,9
catboost,validation_2023_2024,8,0.8875129407098907,0.9090909090909091,11
catboost,validation_2023_2024,9,0.9448482247385497,0.9333333333333333,30
catboost,validation_2023_2024,6,0.6492587618020983,0.7142857142857143,7
catboost,validation_2023_2024,7,0.7098923812046942,0.5,2
catboost,validation_2023_2024,8,0.8782423750402217,0.8888888888888888,9
catboost,validation_2023_2024,9,0.9425090881439698,0.96875,32
catboost,validation_2023_2024,6,0.6531945953012454,0.5555555555555556,9
catboost,validation_2023_2024,8,0.8849041538473748,0.8,10
catboost,validation_2023_2024,9,0.9430710650239513,1.0,31
catboost,validation_2023_2024,6,0.6490544854548657,0.6666666666666666,9
catboost,validation_2023_2024,8,0.8875390845424262,0.8888888888888888,9
catboost,validation_2023_2024,9,0.942445193280322,0.9375,32
catboost,validation_2023_2024,6,0.6511060029348825,0.5555555555555556,9
catboost,validation_2023_2024,8,0.8690050765207267,1.0,9
catboost,validation_2023_2024,9,0.9400625594319421,0.9375,32
catboost,validation_2023_2024,6,0.6479089965027475,0.8888888888888888,9
catboost,validation_2023_2024,8,0.8774300337392863,0.8181818181818182,11
catboost,validation_2023_2024,9,0.9426663521357942,0.9333333333333333,30
catboost,validation_2023_2024,6,0.6538657694621238,0.5714285714285714,7
catboost,validation_2023_2024,7,0.7038091903466206,1.0,2
catboost,validation_2023_2024,8,0.8770682500021204,0.875,8
catboost,validation_2023_2024,9,0.9460875808375928,0.9393939393939394,33
catboost,validation_2023_2024,6,0.6571829101590387,0.5,8
catboost,validation_2023_2024,7,0.700416887901616,0.0,1
catboost,validation_2023_2024,8,0.8758240671157637,0.8,10
catboost,validation_2023_2024,9,0.9392923217046183,0.8709677419354839,31
catboost,validation_2023_2024,6,0.6619897907453558,0.75,8
catboost,validation_2023_2024,7,0.7189551477513401,1.0,1
catboost,validation_2023_2024,8,0.8869098611316273,0.75,8
catboost,validation_2023_2024,9,0.9436416846703205,0.9696969696969697,33
catboost,validation_2023_2024,5,0.5855399626450443,0.0,1
catboost,validation_2023_2024,6,0.6325594938664059,0.5714285714285714,7
catboost,validation_2023_2024,7,0.7047938639147262,1.0,1
catboost,validation_2023_2024,8,0.8781656123541636,0.9,10
catboost,validation_2023_2024,9,0.9457763079882218,0.9354838709677419,31
catboost,validation_2023_2024,6,0.6420085485031375,0.625,8
catboost,validation_2023_2024,7,0.7117649327202594,0.0,1
catboost,validation_2023_2024,8,0.8831892781235404,0.9090909090909091,11
catboost,validation_2023_2024,9,0.9426533065462307,0.9333333333333333,30
catboost,validation_2023_2024,6,0.646840565652951,0.4444444444444444,9
catboost,validation_2023_2024,8,0.8794723661854487,0.8,10
catboost,validation_2023_2024,9,0.9456309657387971,0.9032258064516129,31
catboost,validation_2023_2024,6,0.6497684297347986,0.5,6
catboost,validation_2023_2024,7,0.7190792441623097,0.6666666666666666,3
catboost,validation_2023_2024,8,0.8778013141808557,0.8181818181818182,11
catboost,validation_2023_2024,9,0.9470250949929238,0.9333333333333333,30
catboost,validation_2023_2024,5,0.593924116658927,1.0,1
catboost,validation_2023_2024,6,0.6533439191895027,0.625,8
catboost,validation_2023_2024,8,0.8844053413702613,0.875,8
catboost,validation_2023_2024,9,0.943097837901423,0.9696969696969697,33
catboost,validation_2023_2024,5,0.5753516205326342,0.5,2
catboost,validation_2023_2024,6,0.6426309872360544,0.7142857142857143,7
catboost,validation_2023_2024,8,0.8819098582120115,0.75,12
catboost,validation_2023_2024,9,0.9479268866157955,0.9310344827586207,29
catboost,validation_2023_2024,6,0.6429245814276353,0.875,8
catboost,validation_2023_2024,7,0.7057423762100423,1.0,1
catboost,validation_2023_2024,8,0.875287108676234,1.0,10
catboost,validation_2023_2024,9,0.9423628038311725,0.9032258064516129,31
catboost,validation_2023_2024,5,0.5816037824842939,0.0,1
catboost,validation_2023_2024,6,0.6733355985273962,0.5,8
catboost,validation_2023_2024,8,0.8795774899040552,1.0,7
catboost,validation_2023_2024,9,0.942238585441526,0.9117647058823529,34
catboost,validation_2023_2024,6,0.6617565732145251,0.6666666666666666,9
catboost,validation_2023_2024,8,0.8843773107330715,0.9166666666666666,12
catboost,validation_2023_2024,9,0.9468676579822666,0.8620689655172413,29
catboost,validation_2023_2024,6,0.6580824209881668,0.625,8
catboost,validation_2023_2024,7,0.7078204811008023,1.0,1
catboost,validation_2023_2024,8,0.8723449277660696,0.8,10
catboost,validation_2023_2024,9,0.947575178954465,0.9032258064516129,31
catboost,validation_2023_2024,5,0.5748826030592685,0.0,1
catboost,validation_2023_2024,6,0.625842508398996,0.6,5
catboost,validation_2023_2024,7,0.7107419653304826,0.3333333333333333,3
catboost,validation_2023_2024,8,0.8806769462419921,1.0,8
catboost,validation_2023_2024,9,0.9483106061726826,1.0,33
catboost,validation_2023_2024,6,0.6448900530843837,0.5555555555555556,9
catboost,validation_2023_2024,8,0.8761296796997577,1.0,11
catboost,validation_2023_2024,9,0.9438956839731218,0.9333333333333333,30
catboost,validation_2023_2024,6,0.6650670225567903,0.7777777777777778,9
catboost,validation_2023_2024,8,0.8731628676451019,1.0,10
catboost,validation_2023_2024,9,0.9418184216245632,0.967741935483871,31
catboost,validation_2023_2024,6,0.65169315198141,0.7777777777777778,9
catboost,validation_2023_2024,8,0.877802196474164,0.875,8
catboost,validation_2023_2024,9,0.9384675940481398,0.9393939393939394,33
catboost,validation_2023_2024,5,0.5949949129885844,1.0,1
catboost,validation_2023_2024,6,0.6587911386874795,0.7142857142857143,7
catboost,validation_2023_2024,7,0.71126254045562,1.0,1
catboost,validation_2023_2024,8,0.8750509305189952,0.7777777777777778,9
catboost,validation_2023_2024,9,0.9392754644952386,0.96875,32
catboost,validation_2023_2024,6,0.6498298711639877,0.5714285714285714,7
catboost,validation_2023_2024,7,0.7324944278853602,0.5,2
catboost,validation_2023_2024,8,0.876215073063727,1.0,9
catboost,validation_2023_2024,9,0.9430461674748785,0.9375,32
catboost,validation_2023_2024,6,0.6582953915902484,0.8888888888888888,9
catboost,validation_2023_2024,8,0.8781236290686579,0.8461538461538461,13
catboost,validation_2023_2024,9,0.9446856328073238,0.9642857142857143,28
catboost,validation_2023_2024,6,0.6641459592147722,0.6666666666666666,9
catboost,validation_2023_2024,8,0.8763260339580632,1.0,9
catboost,validation_2023_2024,9,0.9472957750957121,0.96875,32
catboost,validation_2023_2024,6,0.6603052924365994,0.7777777777777778,9
catboost,validation_2023_2024,8,0.879121597780092,0.75,12
catboost,validation_2023_2024,9,0.945088883043692,0.9310344827586207,29
catboost,validation_2023_2024,6,0.6515583506085517,0.6666666666666666,9
catboost,validation_2023_2024,8,0.877447484447399,0.8571428571428571,7
catboost,validation_2023_2024,9,0.9433405111232069,0.9117647058823529,34
catboost,validation_2023_2024,6,0.6426180970244469,0.6666666666666666,9
catboost,validation_2023_2024,8,0.8768987629931417,0.8333333333333334,12
catboost,validation_2023_2024,9,0.9434909896282947,0.9655172413793104,29
catboost,validation_2023_2024,5,0.5579899352912268,1.0,1
catboost,validation_2023_2024,6,0.6603645929188598,0.625,8
catboost,validation_2023_2024,8,0.8817168153836176,1.0,9
catboost,validation_2023_2024,9,0.9450241775841937,0.90625,32
catboost,validation_2023_2024,6,0.6651903063655711,0.625,8
catboost,validation_2023_2024,7,0.7164561534878113,1.0,1
catboost,validation_2023_2024,8,0.8784915531207319,1.0,7
catboost,validation_2023_2024,9,0.9420974587072741,0.9705882352941176,34
catboost,validation_2023_2024,6,0.6491856785635874,0.625,8
catboost,validation_2023_2024,7,0.704634665059959,0.0,1
catboost,validation_2023_2024,8,0.875546306660699,0.7777777777777778,9
catboost,validation_2023_2024,9,0.9391776751168728,0.9375,32
catboost,validation_2023_2024,5,0.5743325762512181,1.0,1
catboost,validation_2023_2024,6,0.6583246333343769,0.5,8
catboost,validation_2023_2024,8,0.8759380238543995,1.0,9
catboost,validation_2023_2024,9,0.938730306980146,0.96875,32
catboost,validation_2023_2024,5,0.5857721946300106,1.0,1
catboost,validation_2023_2024,6,0.6605845974000681,0.625,8
catboost,validation_2023_2024,8,0.8710674215193399,0.8888888888888888,9
catboost,validation_2023_2024,9,0.9407533976214193,0.9375,32
catboost,validation_2023_2024,6,0.6464294338696939,0.75,8
catboost,validation_2023_2024,7,0.7079758580291564,1.0,1
catboost,validation_2023_2024,8,0.8712088485008934,0.8571428571428571,7
catboost,validation_2023_2024,9,0.9390255768145346,0.9705882352941176,34
catboost,validation_2023_2024,5,0.5886230879008401,0.5,2
catboost,validation_2023_2024,6,0.6583556757289146,0.5714285714285714,7
catboost,validation_2023_2024,8,0.868259064325271,0.8888888888888888,9
catboost,validation_2023_2024,9,0.9398676036782265,0.875,32
catboost,validation_2023_2024,5,0.5831877057096203,1.0,1
catboost,validation_2023_2024,6,0.6511798489545317,0.5714285714285714,7
catboost,validation_2023_2024,7,0.7125560068538872,1.0,1
catboost,validation_2023_2024,8,0.8797857058880157,0.875,8
catboost,validation_2023_2024,9,0.9467197884405589,0.9393939393939394,33
catboost,validation_2023_2024,5,0.5766567783536619,1.0,1
catboost,validation_2023_2024,6,0.641471052132798,0.6666666666666666,6
catboost,validation_2023_2024,7,0.7238655154654459,0.5,2
catboost,validation_2023_2024,8,0.8797350954590585,1.0,14
catboost,validation_2023_2024,9,0.9447818148021888,0.9629629629629629,27
catboost,validation_2023_2024,6,0.6464433747622998,0.7777777777777778,9
catboost,validation_2023_2024,8,0.8726863976287607,1.0,8
catboost,validation_2023_2024,9,0.9441505389099657,1.0,33
catboost,validation_2023_2024,6,0.643764069936226,0.375,8
catboost,validation_2023_2024,7,0.705477892603851,1.0,1
catboost,validation_2023_2024,8,0.8784330023626328,0.8,10
catboost,validation_2023_2024,9,0.9398622022428433,0.9354838709677419,31
catboost,validation_2023_2024,5,0.5610264505014743,1.0,1
catboost,validation_2023_2024,6,0.6466335941232451,0.625,8
catboost,validation_2023_2024,8,0.8719919827849615,0.8888888888888888,9
catboost,validation_2023_2024,9,0.9459166489755237,0.9375,32
catboost,validation_2023_2024,5,0.576524554074545,1.0,1
catboost,validation_2023_2024,6,0.643885722704152,0.5714285714285714,7
catboost,validation_2023_2024,7,0.7033400995223397,1.0,1
catboost,validation_2023_2024,8,0.8696882909754045,1.0,8
catboost,validation_2023_2024,9,0.9404017697354602,0.9696969696969697,33
catboost,validation_2023_2024,5,0.5715049928890285,0.0,1
catboost,validation_2023_2024,6,0.6561781600876337,0.75,8
catboost,validation_2023_2024,8,0.8826777271663758,0.8,10
catboost,validation_2023_2024,9,0.9431179081599425,0.9354838709677419,31
catboost,validation_2023_2024,5,0.5914715667617929,0.0,1
catboost,validation_2023_2024,6,0.6602305177890635,0.5714285714285714,7
catboost,validation_2023_2024,7,0.7118555090234112,1.0,1
catboost,validation_2023_2024,8,0.8790595290651219,1.0,10
catboost,validation_2023_2024,9,0.9445997474585852,0.967741935483871,31
catboost,validation_2023_2024,6,0.6524385155114153,0.6666666666666666,9
catboost,validation_2023_2024,8,0.8733629666240894,0.9090909090909091,11
catboost,validation_2023_2024,9,0.9425353443447552,0.9333333333333333,30
catboost,validation_2023_2024,6,0.6478028887176261,0.8888888888888888,9
catboost,validation_2023_2024,8,0.8733523695786022,0.75,8
catboost,validation_2023_2024,9,0.9437219679283811,1.0,33
catboost,validation_2023_2024,5,0.5823254286104741,1.0,1
catboost,validation_2023_2024,6,0.638689711419789,0.625,8
catboost,validation_2023_2024,8,0.8740782293657797,0.8181818181818182,11
catboost,validation_2023_2024,9,0.947027664767528,0.9666666666666667,30
catboost,validation_2023_2024,6,0.6279447107147628,0.7142857142857143,7
catboost,validation_2023_2024,7,0.7136875126525655,0.5,2
catboost,validation_2023_2024,8,0.8698520247037871,0.625,8
catboost,validation_2023_2024,9,0.9418492879702322,0.9393939393939394,33
catboost,validation_2023_2024,6,0.6543072787827292,0.5555555555555556,9
catboost,validation_2023_2024,8,0.8790571344223868,0.9,10
catboost,validation_2023_2024,9,0.9402972863459671,1.0,31
catboost,validation_2023_2024,6,0.6461404639828664,0.7777777777777778,9
catboost,validation_2023_2024,8,0.8778820024523011,1.0,10
catboost,validation_2023_2024,9,0.9415250369303069,0.9032258064516129,31
catboost,validation_2023_2024,5,0.59612132749071,0.0,1
catboost,validation_2023_2024,6,0.6455280284929583,0.5,8
catboost,validation_2023_2024,8,0.8801365562735334,0.7777777777777778,9
catboost,validation_2023_2024,9,0.9388375287967988,1.0,32
catboost,validation_2023_2024,6,0.6477211003624728,1.0,8
catboost,validation_2023_2024,7,0.7010638541313813,1.0,1
catboost,validation_2023_2024,8,0.883477880841306,1.0,14
catboost,validation_2023_2024,9,0.9400936275413053,0.9259259259259259,27
catboost,validation_2023_2024,5,0.5946270240025648,0.0,1
catboost,validation_2023_2024,6,0.6497611889419879,0.75,8
catboost,validation_2023_2024,8,0.8764067399713134,1.0,13
catboost,validation_2023_2024,9,0.9445206200576868,0.9285714285714286,28
catboost,validation_2023_2024,6,0.6583503938742528,0.7777777777777778,9
catboost,validation_2023_2024,8,0.8800131182438932,0.9,10
catboost,validation_2023_2024,9,0.9404478607191734,0.967741935483871,31
catboost,validation_2023_2024,5,0.5379342011469841,1.0,1
catboost,validation_2023_2024,6,0.6575845383978604,0.5,8
catboost,validation_2023_2024,8,0.8714505454163037,1.0,8
catboost,validation_2023_2024,9,0.9375251312308058,0.9393939393939394,33
catboost,validation_2023_2024,6,0.665300101846598,0.7777777777777778,9
catboost,validation_2023_2024,8,0.8799116460126535,1.0,9
catboost,validation_2023_2024,9,0.9374782028301583,0.90625,32
catboost,validation_2023_2024,6,0.6426807078918472,0.625,8
catboost,validation_2023_2024,7,0.7312225690433679,0.0,1
catboost,validation_2023_2024,8,0.8753663729244276,1.0,9
catboost,validation_2023_2024,9,0.9382647937776492,0.96875,32
catboost,validation_2023_2024,6,0.6573939418396303,0.7777777777777778,9
catboost,validation_2023_2024,8,0.8734468891799686,1.0,9
catboost,validation_2023_2024,9,0.9372653363978084,0.9375,32
catboost,validation_2023_2024,6,0.6396099732994098,0.5,8
catboost,validation_2023_2024,7,0.7193662676983931,1.0,1
catboost,validation_2023_2024,8,0.8819685822394759,1.0,13
catboost,validation_2023_2024,9,0.9425927905156686,0.8571428571428571,28
catboost,validation_2023_2024,6,0.6537325127465142,0.6666666666666666,9
catboost,validation_2023_2024,8,0.8737944589988013,0.8,10
catboost,validation_2023_2024,9,0.9440942333163861,0.967741935483871,31
catboost,validation_2023_2024,6,0.6414457858503181,0.6666666666666666,9
catboost,validation_2023_2024,8,0.8796233762071581,0.7777777777777778,9
catboost,validation_2023_2024,9,0.9372091686717045,0.9375,32
catboost,validation_2023_2024,5,0.5948472154989902,0.0,1
catboost,validation_2023_2024,6,0.641494248390564,0.625,8
catboost,validation_2023_2024,8,0.8799413977738999,0.8888888888888888,9
catboost,validation_2023_2024,9,0.9435836383578806,0.96875,32
catboost,validation_2023_2024,5,0.5994885951593382,1.0,1
catboost,validation_2023_2024,6,0.6439522514961779,0.625,8
catboost,validation_2023_2024,8,0.8728027400879721,0.875,8
catboost,validation_2023_2024,9,0.942255184499807,0.9393939393939394,33
catboost,validation_2023_2024,6,0.6432902048903232,0.8333333333333334,6
catboost,validation_2023_2024,7,0.7166501677276657,1.0,3
catboost,validation_2023_2024,8,0.8694741981026227,0.8571428571428571,7
catboost,validation_2023_2024,9,0.9409178162186589,0.9117647058823529,34
catboost,validation_2023_2024,6,0.6437703825189065,0.625,8
catboost,validation_2023_2024,7,0.7006210062905354,1.0,1
catboost,validation_2023_2024,8,0.874539812569424,1.0,7
catboost,validation_2023_2024,9,0.9413461972466775,0.8823529411764706,34
catboost,validation_2023_2024,6,0.6585320454740036,0.5555555555555556,9
catboost,validation_2023_2024,8,0.8811636707145633,0.7142857142857143,7
catboost,validation_2023_2024,9,0.9407080450968797,0.9117647058823529,34
catboost,validation_2023_2024,6,0.6494403947452551,0.75,8
catboost,validation_2023_2024,7,0.7247244592714432,0.0,1
catboost,validation_2023_2024,8,0.873312664647198,1.0,11
catboost,validation_2023_2024,9,0.9460803818259405,1.0,30
catboost,validation_2023_2024,5,0.5959326248024294,0.0,1
catboost,validation_2023_2024,6,0.6597379344562093,0.75,8
catboost,validation_2023_2024,8,0.880159807374855,0.8181818181818182,11
catboost,validation_2023_2024,9,0.941478438679137,0.9333333333333333,30
catboost,validation_2023_2024,5,0.582744601453077,1.0,1
catboost,validation_2023_2024,6,0.6451129236408346,0.75,8
catboost,validation_2023_2024,8,0.8744491438017319,0.8888888888888888,9
catboost,validation_2023_2024,9,0.9402494746638299,0.90625,32
catboost,validation_2023_2024,6,0.6453262492678326,0.6666666666666666,9
catboost,validation_2023_2024,8,0.8732331647001357,1.0,9
catboost,validation_2023_2024,9,0.9411706967004829,0.9375,32
catboost,validation_2023_2024,6,0.6525375357515575,0.7777777777777778,9
catboost,validation_2023_2024,8,0.8750930971804969,0.7142857142857143,7
catboost,validation_2023_2024,9,0.9420201843355177,0.9411764705882353,34
catboost,validation_2023_2024,6,0.6589119083109192,0.7777777777777778,9
catboost,validation_2023_2024,8,0.8777780810390754,0.875,8
catboost,validation_2023_2024,9,0.9412676880056616,0.9090909090909091,33
catboost,validation_2023_2024,6,0.658050604118212,0.625,8
catboost,validation_2023_2024,7,0.7054770672955625,1.0,1
catboost,validation_2023_2024,8,0.874710769478106,0.75,8
catboost,validation_2023_2024,9,0.9449169967414878,0.9696969696969697,33
catboost,validation_2023_2024,5,0.59394073220927,1.0,1
catboost,validation_2023_2024,6,0.6493550280336475,0.5,8
catboost,validation_2023_2024,8,0.882798463036869,0.8333333333333334,12
catboost,validation_2023_2024,9,0.9445220062167656,0.9310344827586207,29
catboost,validation_2023_2024,5,0.599540274633641,0.0,1
catboost,validation_2023_2024,6,0.6480946076336801,0.625,8
catboost,validation_2023_2024,8,0.8782133148691829,1.0,9
catboost,validation_2023_2024,9,0.9459598184880756,0.9375,32
catboost,validation_2023_2024,5,0.5664417473855152,0.0,1
catboost,validation_2023_2024,6,0.6588147705941625,0.375,8
catboost,validation_2023_2024,8,0.8805704271156422,0.8181818181818182,11
catboost,validation_2023_2024,9,0.9407118331529795,0.9666666666666667,30
catboost,validation_2023_2024,6,0.6560807503273952,0.7777777777777778,9
catboost,validation_2023_2024,8,0.8842143641647294,0.7272727272727273,11
catboost,validation_2023_2024,9,0.9421595474769777,0.9,30
catboost,validation_2023_2024,6,0.6515460907325092,0.875,8
catboost,validation_2023_2024,7,0.7334507576863237,0.0,1
catboost,validation_2023_2024,8,0.8801480085131458,1.0,11
catboost,validation_2023_2024,9,0.9438956004797988,0.9,30
catboost,validation_2023_2024,6,0.6454009804882035,0.75,8
catboost,validation_2023_2024,7,0.719331930677097,1.0,1
catboost,validation_2023_2024,8,0.8823658696029875,0.9230769230769231,13
catboost,validation_2023_2024,9,0.9463393230469759,1.0,28
catboost,validation_2023_2024,6,0.6464685152856702,0.5,8
catboost,validation_2023_2024,7,0.7168307472473691,1.0,1
catboost,validation_2023_2024,8,0.876885210654685,1.0,12
catboost,validation_2023_2024,9,0.9422897671781589,0.9310344827586207,29
catboost,validation_2023_2024,6,0.6463556842791938,0.5555555555555556,9
catboost,validation_2023_2024,8,0.8750232805066713,0.8181818181818182,11
catboost,validation_2023_2024,9,0.9449080300895893,0.9666666666666667,30
catboost,validation_2023_2024,6,0.6460910791491401,0.6666666666666666,9
catboost,validation_2023_2024,8,0.8700812586065538,1.0,10
catboost,validation_2023_2024,9,0.9464077096209661,0.9032258064516129,31
catboost,validation_2023_2024,6,0.6481178008592229,0.4444444444444444,9
catboost,validation_2023_2024,8,0.880521001878592,0.8888888888888888,9
catboost,validation_2023_2024,9,0.9416632658344866,0.90625,32
catboost,validation_2023_2024,6,0.6527776509947938,0.5,8
catboost,validation_2023_2024,7,0.7014578104328453,1.0,1
catboost,validation_2023_2024,8,0.881470246116567,0.9,10
catboost,validation_2023_2024,9,0.9438775945492633,0.967741935483871,31
catboost,validation_2023_2024,5,0.5991468932194343,0.0,1
catboost,validation_2023_2024,6,0.6629657889004629,0.6666666666666666,6
catboost,validation_2023_2024,7,0.7175597257330428,0.5,2
catboost,validation_2023_2024,8,0.886261606723593,0.9090909090909091,11
catboost,validation_2023_2024,9,0.9435240587957902,0.9666666666666667,30
catboost,validation_2023_2024,6,0.6364098361336793,0.6666666666666666,9
catboost,validation_2023_2024,8,0.879379623304786,0.8,10
catboost,validation_2023_2024,9,0.9453103405515899,0.8709677419354839,31
catboost,validation_2023_2024,5,0.5635982538125008,0.0,1
catboost,validation_2023_2024,6,0.6513479057523696,0.6666666666666666,6
catboost,validation_2023_2024,7,0.7160190464239258,0.5,2
catboost,validation_2023_2024,8,0.8817357040439673,0.875,8
catboost,validation_2023_2024,9,0.9404603870010261,0.9090909090909091,33
catboost,validation_2023_2024,6,0.6428678676558318,0.7777777777777778,9
catboost,validation_2023_2024,8,0.8823537891191112,1.0,11
catboost,validation_2023_2024,9,0.9485511640957948,1.0,30
catboost,validation_2023_2024,6,0.6395180011291751,0.6666666666666666,9
catboost,validation_2023_2024,8,0.8794418065674566,1.0,12
catboost,validation_2023_2024,9,0.9418877700602251,0.896551724137931,29
catboost,validation_2023_2024,6,0.6514421498795518,0.6666666666666666,9
catboost,validation_2023_2024,8,0.8830518420570027,0.8888888888888888,9
catboost,validation_2023_2024,9,0.9462709854105245,0.96875,32
catboost,validation_2023_2024,6,0.6468425361976866,0.7777777777777778,9
catboost,validation_2023_2024,8,0.8789732227254856,0.9,10
catboost,validation_2023_2024,9,0.9391125501743174,0.9032258064516129,31
catboost,validation_2023_2024,5,0.5862779527311563,0.0,1
catboost,validation_2023_2024,6,0.656998704077214,0.7142857142857143,7
catboost,validation_2023_2024,7,0.7402295409759768,0.0,1
catboost,validation_2023_2024,8,0.8747508609529899,0.7777777777777778,9
catboost,validation_2023_2024,9,0.9458858423738707,0.875,32
catboost,validation_2023_2024,6,0.670170345044252,0.6666666666666666,9
catboost,validation_2023_2024,8,0.8720723169126773,0.7777777777777778,9
catboost,validation_2023_2024,9,0.9433981151338321,0.9375,32
catboost,validation_2023_2024,6,0.6593996887250331,0.4444444444444444,9
catboost,validation_2023_2024,8,0.8717695526500171,1.0,8
catboost,validation_2023_2024,9,0.9402517508050358,0.9090909090909091,33
catboost,validation_2023_2024,5,0.5869315751204491,0.0,1
catboost,validation_2023_2024,6,0.6600252077126741,0.625,8
catboost,validation_2023_2024,8,0.8815523714172211,0.9090909090909091,11
catboost,validation_2023_2024,9,0.9465061106426902,0.9666666666666667,30
catboost,validation_2023_2024,6,0.6586864054229125,0.625,8
catboost,validation_2023_2024,7,0.7213457774839728,0.0,1
catboost,validation_2023_2024,8,0.8771891940172706,0.8,10
catboost,validation_2023_2024,9,0.9470021183493851,0.8709677419354839,31
catboost,validation_2023_2024,6,0.650699154247176,0.6666666666666666,9
catboost,validation_2023_2024,8,0.8689882477316283,0.8,5
catboost,validation_2023_2024,9,0.9393725285317002,1.0,36
catboost,validation_2023_2024,5,0.5657737887615576,1.0,1
catboost,validation_2023_2024,6,0.6514431898215823,0.8333333333333334,6
catboost,validation_2023_2024,7,0.7260684087480054,0.0,2
catboost,validation_2023_2024,8,0.8837675373599433,0.8,10
catboost,validation_2023_2024,9,0.9424702542130736,0.8709677419354839,31
catboost,validation_2023_2024,5,0.5975277665910713,1.0,1
catboost,validation_2023_2024,6,0.6398821627121163,0.3333333333333333,6
catboost,validation_2023_2024,7,0.7203077953941264,1.0,2
catboost,validation_2023_2024,8,0.8754054954388678,0.8,10
catboost,validation_2023_2024,9,0.9439538787877139,0.9032258064516129,31
catboost,validation_2023_2024,5,0.5957661791802243,0.0,1
catboost,validation_2023_2024,6,0.6575501846275154,0.75,8
catboost,validation_2023_2024,8,0.8851858109306782,1.0,7
catboost,validation_2023_2024,9,0.9413670407514604,0.8823529411764706,34
catboost,validation_2023_2024,5,0.5967638376798916,0.0,1
catboost,validation_2023_2024,6,0.6556222775315792,0.7142857142857143,7
catboost,validation_2023_2024,7,0.7104720876706146,1.0,1
catboost,validation_2023_2024,8,0.8827606404063602,1.0,6
catboost,validation_2023_2024,9,0.9434577998562556,0.9714285714285714,35
catboost,validation_2023_2024,5,0.5743245048123241,0.0,1
catboost,validation_2023_2024,6,0.6620969656485147,0.875,8
catboost,validation_2023_2024,8,0.8787842491754154,1.0,9
catboost,validation_2023_2024,9,0.9461161018776383,0.9375,32
catboost,validation_2023_2024,5,0.5867789494430208,0.0,1
catboost,validation_2023_2024,6,0.6563906078724786,0.625,8
catboost,validation_2023_2024,8,0.8791534997393277,0.7777777777777778,9
catboost,validation_2023_2024,9,0.9451035090590657,0.9375,32
catboost,validation_2023_2024,6,0.6632104570342,0.6666666666666666,9
catboost,validation_2023_2024,8,0.8791043620707074,1.0,11
catboost,validation_2023_2024,9,0.9439299923046214,0.9666666666666667,30
catboost,validation_2023_2024,6,0.6430460278023621,0.625,8
catboost,validation_2023_2024,7,0.713240739378601,1.0,1
catboost,validation_2023_2024,8,0.8764114978941319,0.9,10
catboost,validation_2023_2024,9,0.9474806086087213,0.967741935483871,31
catboost,validation_2023_2024,6,0.6568356863475318,0.75,8
catboost,validation_2023_2024,7,0.7071800835094098,0.0,1
catboost,validation_2023_2024,8,0.8716025365861825,0.6,10
catboost,validation_2023_2024,9,0.9449023678887559,1.0,31
catboost,validation_2023_2024,6,0.6474376584154921,0.4444444444444444,9
catboost,validation_2023_2024,8,0.8854402997057721,0.7777777777777778,9
catboost,validation_2023_2024,9,0.9414842579557476,0.90625,32
catboost,validation_2023_2024,5,0.5910770441207462,1.0,2
catboost,validation_2023_2024,6,0.6612732185536145,0.5714285714285714,7
catboost,validation_2023_2024,8,0.8845950050214092,0.8181818181818182,11
catboost,validation_2023_2024,9,0.9412039401169923,0.9333333333333333,30
catboost,validation_2023_2024,5,0.5904042036820405,1.0,1
catboost,validation_2023_2024,6,0.6654045560139522,0.625,8
catboost,validation_2023_2024,8,0.8798119441027066,0.8571428571428571,7
catboost,validation_2023_2024,9,0.9432492423081075,1.0,34
catboost,validation_2023_2024,6,0.6491766966765947,0.5555555555555556,9
catboost,validation_2023_2024,8,0.8844822104462168,1.0,9
catboost,validation_2023_2024,9,0.9473938748800923,0.9375,32
catboost,validation_2023_2024,6,0.6418280850165262,0.75,8
catboost,validation_2023_2024,7,0.7020755403022357,0.0,1
catboost,validation_2023_2024,8,0.884610252458273,0.9166666666666666,12
catboost,validation_2023_2024,9,0.9439621695650933,0.896551724137931,29
catboost,validation_2023_2024,5,0.5948641762388714,0.0,1
catboost,validation_2023_2024,6,0.6602677374157467,0.42857142857142855,7
catboost,validation_2023_2024,7,0.7282827374084865,1.0,1
catboost,validation_2023_2024,8,0.8744964593073803,0.9166666666666666,12
catboost,validation_2023_2024,9,0.9413339041469937,0.9310344827586207,29
catboost,validation_2023_2024,6,0.6479177987491206,0.2857142857142857,7
catboost,validation_2023_2024,7,0.7028315697563494,1.0,2
catboost,validation_2023_2024,8,0.8814538334486736,1.0,12
catboost,validation_2023_2024,9,0.945461114739772,0.896551724137931,29
catboost,validation_2023_2024,6,0.6394107531433812,0.75,8
catboost,validation_2023_2024,7,0.7406420222292118,1.0,1
catboost,validation_2023_2024,8,0.8764168802007539,0.9,10
catboost,validation_2023_2024,9,0.9451426037719501,0.967741935483871,31
catboost,validation_2023_2024,5,0.5896918435619304,0.0,1
catboost,validation_2023_2024,6,0.6631528751402221,0.875,8
catboost,validation_2023_2024,8,0.881763417911299,0.8,10
catboost,validation_2023_2024,9,0.9436590041978369,0.9032258064516129,31
catboost,validation_2023_2024,6,0.6489747003502566,0.5555555555555556,9
catboost,validation_2023_2024,8,0.8857818393656216,0.6666666666666666,9
catboost,validation_2023_2024,9,0.9439157950683991,0.9375,32
catboost,validation_2023_2024,5,0.5968283316394155,1.0,1
catboost,validation_2023_2024,6,0.6409196803756674,0.8571428571428571,7
catboost,validation_2023_2024,7,0.7000517209600599,1.0,1
catboost,validation_2023_2024,8,0.8798051292839725,0.8,5
catboost,validation_2023_2024,9,0.9407460101149346,0.9444444444444444,36
catboost,validation_2023_2024,5,0.591108199274192,0.5,2
catboost,validation_2023_2024,6,0.6596222267175588,0.5714285714285714,7
catboost,validation_2023_2024,8,0.8683733346817759,0.6,5
catboost,validation_2023_2024,9,0.9370338179567946,0.9166666666666666,36
catboost,validation_2023_2024,6,0.6432414036816579,0.8888888888888888,9
catboost,validation_2023_2024,8,0.8742066383530093,0.8571428571428571,7
catboost,validation_2023_2024,9,0.9453551854218541,0.9411764705882353,34
catboost,validation_2023_2024,6,0.6445611151532683,0.5555555555555556,9
catboost,validation_2023_2024,8,0.8793749767208866,0.8571428571428571,7
catboost,validation_2023_2024,9,0.9399498310991726,0.9411764705882353,34
catboost,validation_2023_2024,5,0.581992302070026,1.0,1
catboost,validation_2023_2024,6,0.6459166495621644,0.5,8
catboost,validation_2023_2024,8,0.8796814648583551,1.0,6
catboost,validation_2023_2024,9,0.940911307009695,0.9714285714285714,35
catboost,validation_2023_2024,5,0.5949497611171631,0.0,1
catboost,validation_2023_2024,6,0.651519707822936,0.5,6
catboost,validation_2023_2024,7,0.7428188258756826,1.0,3
catboost,validation_2023_2024,8,0.8782418211364218,1.0,7
catboost,validation_2023_2024,9,0.941905872334177,0.9393939393939394,33
catboost,validation_2023_2024,5,0.5778361328783238,0.0,1
catboost,validation_2023_2024,6,0.6591337566380153,0.75,8
catboost,validation_2023_2024,8,0.8719470881634901,0.8181818181818182,11
catboost,validation_2023_2024,9,0.9456405143179781,0.9666666666666667,30
catboost,validation_2023_2024,5,0.5942197109144812,1.0,1
catboost,validation_2023_2024,6,0.6515277093642324,0.875,8
catboost,validation_2023_2024,8,0.8776974718034118,0.8888888888888888,9
catboost,validation_2023_2024,9,0.9420184157196665,1.0,32
catboost,validation_2023_2024,6,0.6455677698622936,0.6666666666666666,9
catboost,validation_2023_2024,8,0.8816017920562107,0.9,10
catboost,validation_2023_2024,9,0.945752460349187,0.9354838709677419,31
catboost,validation_2023_2024,6,0.6465695022401097,0.625,8
catboost,validation_2023_2024,7,0.7359970360163347,1.0,1
catboost,validation_2023_2024,8,0.8811059872996229,0.9,10
catboost,validation_2023_2024,9,0.9406816244991824,0.967741935483871,31
catboost,validation_2023_2024,5,0.5944539097329355,1.0,1
catboost,validation_2023_2024,6,0.6445960083016372,0.5714285714285714,7
catboost,validation_2023_2024,7,0.718788244302916,1.0,1
catboost,validation_2023_2024,8,0.8813643645491546,0.7272727272727273,11
catboost,validation_2023_2024,9,0.9408653472096092,0.9666666666666667,30
catboost,validation_2023_2024,6,0.6548307112344639,0.8888888888888888,9
catboost,validation_2023_2024,8,0.8806255936157454,0.7777777777777778,9
catboost,validation_2023_2024,9,0.9422679001901653,0.96875,32
catboost,validation_2023_2024,6,0.6564930998653713,0.5,8
catboost,validation_2023_2024,7,0.7031384784266098,0.0,1
catboost,validation_2023_2024,8,0.8888546699616784,0.8888888888888888,9
catboost,validation_2023_2024,9,0.9449455845755025,0.96875,32
catboost,validation_2023_2024,6,0.641193982037461,0.6666666666666666,9
catboost,validation_2023_2024,8,0.8709914468894693,0.9,10
catboost,validation_2023_2024,9,0.9462892815674908,0.9354838709677419,31
catboost,validation_2023_2024,6,0.6528455411749932,0.6666666666666666,9
catboost,validation_2023_2024,8,0.8750761295706168,0.9,10
catboost,validation_2023_2024,9,0.9407814473557923,0.8709677419354839,31
catboost,validation_2023_2024,5,0.5981282689863504,0.0,1
catboost,validation_2023_2024,6,0.6511253401487301,0.625,8
catboost,validation_2023_2024,8,0.8766193822712024,0.8333333333333334,12
catboost,validation_2023_2024,9,0.9493472629549434,0.9310344827586207,29
catboost,validation_2023_2024,5,0.5997022489251065,0.0,1
catboost,validation_2023_2024,6,0.6628844046765113,0.8571428571428571,7
catboost,validation_2023_2024,7,0.7221828291756599,1.0,1
catboost,validation_2023_2024,8,0.8638908050423136,1.0,7
catboost,validation_2023_2024,9,0.939473846334713,0.8823529411764706,34
catboost,validation_2023_2024,6,0.6568828506594032,0.42857142857142855,7
catboost,validation_2023_2024,7,0.7094554550687344,1.0,2
catboost,validation_2023_2024,8,0.8829794463156259,0.8333333333333334,6
catboost,validation_2023_2024,9,0.9402924025953813,0.9428571428571428,35
catboost,validation_2023_2024,5,0.5566312369045583,1.0,1
catboost,validation_2023_2024,6,0.6561629672473172,0.625,8
catboost,validation_2023_2024,8,0.8746963037960462,0.9,10
catboost,validation_2023_2024,9,0.941595735552123,0.967741935483871,31
catboost,validation_2023_2024,6,0.6542716401766197,0.6666666666666666,9
catboost,validation_2023_2024,8,0.8748108116144492,0.9166666666666666,12
catboost,validation_2023_2024,9,0.9476675053530381,0.9655172413793104,29
catboost,validation_2023_2024,6,0.6499456082862188,0.5,8
catboost,validation_2023_2024,7,0.7032503051371349,0.0,1
catboost,validation_2023_2024,8,0.8861319516674242,0.8333333333333334,12
catboost,validation_2023_2024,9,0.9438816856914644,0.9310344827586207,29
catboost,validation_2023_2024,6,0.6532015376655043,0.625,8
catboost,validation_2023_2024,7,0.7079391349172088,1.0,1
catboost,validation_2023_2024,8,0.8786319367397896,1.0,7
catboost,validation_2023_2024,9,0.9390688525952141,0.9411764705882353,34
catboost,validation_2023_2024,6,0.6557830726358949,0.6666666666666666,9
catboost,validation_2023_2024,8,0.8826842121451919,1.0,11
catboost,validation_2023_2024,9,0.9446297964337609,0.9666666666666667,30
catboost,validation_2023_2024,5,0.575953277756587,1.0,2
catboost,validation_2023_2024,6,0.6678941088283283,0.42857142857142855,7
catboost,validation_2023_2024,8,0.8837206023386791,0.7,10
catboost,validation_2023_2024,9,0.9444166916684841,1.0,31
catboost,validation_2023_2024,6,0.6540029492712748,0.7777777777777778,9
catboost,validation_2023_2024,8,0.8785432554223341,0.8,10
catboost,validation_2023_2024,9,0.9433227624914492,0.9032258064516129,31
catboost,validation_2023_2024,6,0.6695043092868291,0.625,8
catboost,validation_2023_2024,7,0.7170207314875628,0.0,1
catboost,validation_2023_2024,8,0.8718323195565924,0.875,8
catboost,validation_2023_2024,9,0.9391759818068556,0.9393939393939394,33
catboost,validation_2023_2024,6,0.6550509630759893,0.6666666666666666,9
catboost,validation_2023_2024,8,0.8815315057750072,0.8,10
catboost,validation_2023_2024,9,0.943585445098887,0.9354838709677419,31
catboost,validation_2023_2024,5,0.575902827561297,0.0,1
catboost,validation_2023_2024,6,0.6577025987763481,0.5,8
catboost,validation_2023_2024,7,0.7953571874498554,1.0,1
catboost,validation_2023_2024,8,0.8829005714522025,0.8571428571428571,7
catboost,validation_2023_2024,9,0.9421848710713369,0.9090909090909091,33
catboost,validation_2023_2024,6,0.6561373210960229,0.75,8
catboost,validation_2023_2024,7,0.7157324368735957,1.0,1
catboost,validation_2023_2024,8,0.8759423269692881,0.8,10
catboost,validation_2023_2024,9,0.9484782545916675,0.9032258064516129,31
catboost,validation_2023_2024,5,0.557265169037595,1.0,1
catboost,validation_2023_2024,6,0.6570536516901974,0.8571428571428571,7
catboost,validation_2023_2024,7,0.7058090271431937,1.0,1
catboost,validation_2023_2024,8,0.882278982068044,0.9090909090909091,11
catboost,validation_2023_2024,9,0.9468475430701555,0.9666666666666667,30
catboost,validation_2023_2024,5,0.5706916274616375,1.0,1
catboost,validation_2023_2024,6,0.6577947999674064,0.5714285714285714,7
catboost,validation_2023_2024,7,0.7078752349856227,0.0,1
catboost,validation_2023_2024,8,0.8754441112084279,0.9,10
catboost,validation_2023_2024,9,0.9437947397275053,0.967741935483871,31
catboost,validation_2023_2024,6,0.6471377666951095,0.5555555555555556,9
catboost,validation_2023_2024,8,0.873965561264942,0.9,10
catboost,validation_2023_2024,9,0.9438497294591077,0.9354838709677419,31
catboost,validation_2023_2024,5,0.5673720000813263,1.0,1
catboost,validation_2023_2024,6,0.6505650879314434,0.75,8
catboost,validation_2023_2024,8,0.8837457793685445,0.9090909090909091,11
catboost,validation_2023_2024,9,0.9431305411034637,0.8666666666666667,30
catboost,validation_2023_2024,5,0.5703096434046037,1.0,1
catboost,validation_2023_2024,6,0.6577504353035126,0.7142857142857143,7
catboost,validation_2023_2024,7,0.7032143114440945,1.0,1
catboost,validation_2023_2024,8,0.872507380857761,1.0,10
catboost,validation_2023_2024,9,0.9434849986694985,0.8709677419354839,31
catboost,validation_2023_2024,6,0.6437650476466749,0.625,8
catboost,validation_2023_2024,7,0.7345356626110888,1.0,1
catboost,validation_2023_2024,8,0.8756615373512052,0.7272727272727273,11
catboost,validation_2023_2024,9,0.9463037067607156,0.9,30
catboost,validation_2023_2024,6,0.6611228439820174,0.42857142857142855,7
catboost,validation_2023_2024,7,0.7141309175840409,1.0,2
catboost,validation_2023_2024,8,0.8779073869811784,0.8,10
catboost,validation_2023_2024,9,0.9403645874389102,0.967741935483871,31
catboost,validation_2023_2024,6,0.6481802927665002,0.5555555555555556,9
catboost,validation_2023_2024,8,0.8782407261295926,0.9,10
catboost,validation_2023_2024,9,0.9425893044692839,0.8709677419354839,31
catboost,validation_2023_2024,5,0.5972346266303654,1.0,1
catboost,validation_2023_2024,6,0.6579794220987224,0.7142857142857143,7
catboost,validation_2023_2024,7,0.7003876888606185,0.0,1
catboost,validation_2023_2024,8,0.8761029155838439,1.0,8
catboost,validation_2023_2024,9,0.9450630083194964,0.9393939393939394,33
catboost,validation_2023_2024,6,0.6526558829252462,0.75,8
catboost,validation_2023_2024,7,0.7464663443471672,0.0,1
catboost,validation_2023_2024,8,0.878207196343516,0.8,10
catboost,validation_2023_2024,9,0.9455314967803827,0.967741935483871,31
catboost,validation_2023_2024,6,0.6559635048819024,0.7777777777777778,9
catboost,validation_2023_2024,8,0.87525757560703,0.9,10
catboost,validation_2023_2024,9,0.9444465208983874,0.9354838709677419,31
catboost,validation_2023_2024,5,0.5740318776739441,1.0,1
catboost,validation_2023_2024,6,0.6553272076821361,0.5714285714285714,7
catboost,validation_2023_2024,7,0.7064276159325448,1.0,1
catboost,validation_2023_2024,8,0.8655288708182083,1.0,8
catboost,validation_2023_2024,9,0.9359911814513231,0.8484848484848485,33
catboost,validation_2023_2024,6,0.6634956137600052,0.625,8
catboost,validation_2023_2024,7,0.731801780175887,0.0,1
catboost,validation_2023_2024,8,0.8768564837274797,1.0,8
catboost,validation_2023_2024,9,0.9445236734747566,0.9090909090909091,33
catboost,validation_2023_2024,5,0.588359884994164,1.0,1
catboost,validation_2023_2024,6,0.6587371048734195,0.7142857142857143,7
catboost,validation_2023_2024,7,0.7326957453250962,0.0,1
catboost,validation_2023_2024,8,0.882080935321138,0.9090909090909091,11
catboost,validation_2023_2024,9,0.9469277533269037,0.9333333333333333,30
catboost,validation_2023_2024,6,0.6421409062315109,0.75,8
catboost,validation_2023_2024,7,0.7227817018421056,1.0,1
catboost,validation_2023_2024,8,0.8689148432800384,0.75,8
catboost,validation_2023_2024,9,0.9461400742641681,0.8787878787878788,33
catboost,validation_2023_2024,6,0.6542895915194367,0.625,8
catboost,validation_2023_2024,7,0.7141089987220459,0.0,1
catboost,validation_2023_2024,8,0.8789435027799645,1.0,10
catboost,validation_2023_2024,9,0.945445074133486,0.8709677419354839,31
catboost,validation_2023_2024,6,0.6624162566397778,0.625,8
catboost,validation_2023_2024,7,0.704448125134963,0.0,1
catboost,validation_2023_2024,8,0.8645945071279391,0.8,10
catboost,validation_2023_2024,9,0.9467671216257221,0.9032258064516129,31
catboost,validation_2023_2024,5,0.5896804404183467,0.0,1
catboost,validation_2023_2024,6,0.6484937604588957,0.6666666666666666,6
catboost,validation_2023_2024,7,0.7095509287001553,1.0,2
catboost,validation_2023_2024,8,0.8827433551575893,1.0,7
catboost,validation_2023_2024,9,0.9434816240186485,0.8823529411764706,34
catboost,validation_2023_2024,5,0.5946708212316938,1.0,2
catboost,validation_2023_2024,6,0.6597427521032487,0.2857142857142857,7
catboost,validation_2023_2024,8,0.8726387480215765,0.875,8
catboost,validation_2023_2024,9,0.949768591617944,0.9393939393939394,33
catboost,validation_2023_2024,6,0.6468411169113611,0.6666666666666666,9
catboost,validation_2023_2024,8,0.8790670711217036,0.9090909090909091,11
catboost,validation_2023_2024,9,0.9472807160796497,0.9666666666666667,30
catboost,validation_2023_2024,5,0.5662643321064419,1.0,1
catboost,validation_2023_2024,6,0.6632618356123441,0.625,8
catboost,validation_2023_2024,8,0.8728901530232785,0.8333333333333334,12
catboost,validation_2023_2024,9,0.9475310617754474,1.0,29
catboost,validation_2023_2024,5,0.5429320538958535,1.0,1
catboost,validation_2023_2024,6,0.6498321343835323,0.5,8
catboost,validation_2023_2024,8,0.8828787661339323,0.9,10
catboost,validation_2023_2024,9,0.9424826209633723,0.9354838709677419,31
catboost,validation_2023_2024,5,0.5831496692566923,0.0,1
catboost,validation_2023_2024,6,0.6569991321290272,0.75,8
catboost,validation_2023_2024,8,0.8816563898882339,1.0,9
catboost,validation_2023_2024,9,0.9415682885184886,0.96875,32
catboost,validation_2023_2024,6,0.6521851105695724,0.5555555555555556,9
catboost,validation_2023_2024,8,0.8779338055050433,0.9,10
catboost,validation_2023_2024,9,0.9365959339728432,0.9354838709677419,31
catboost,validation_2023_2024,6,0.6523110888079876,0.4444444444444444,9
catboost,validation_2023_2024,8,0.883057665310903,1.0,11
catboost,validation_2023_2024,9,0.9413697703642375,0.9333333333333333,30
catboost,validation_2023_2024,6,0.6388755491198909,0.5,8
catboost,validation_2023_2024,7,0.7334243893304732,0.0,1
catboost,validation_2023_2024,8,0.8723797022369146,1.0,10
catboost,validation_2023_2024,9,0.9428572405570717,0.9032258064516129,31
catboost,validation_2023_2024,6,0.6618226906435349,0.875,8
catboost,validation_2023_2024,7,0.7308166405234576,0.0,1
catboost,validation_2023_2024,8,0.8810080713138664,0.8333333333333334,12
catboost,validation_2023_2024,9,0.9482061962596368,0.896551724137931,29
catboost,validation_2023_2024,6,0.6397579222649441,0.625,8
catboost,validation_2023_2024,7,0.7091286788831205,1.0,1
catboost,validation_2023_2024,8,0.8713913849406273,0.9,10
catboost,validation_2023_2024,9,0.9466922616601995,1.0,31
catboost,validation_2023_2024,6,0.6603992054806704,1.0,7
catboost,validation_2023_2024,7,0.7076703986934245,0.5,2
catboost,validation_2023_2024,8,0.8727107971101187,0.7142857142857143,7
catboost,validation_2023_2024,9,0.9449220163763528,0.9411764705882353,34
catboost,validation_2023_2024,5,0.5875325188347711,0.0,1
catboost,validation_2023_2024,6,0.6670787343316451,0.625,8
catboost,validation_2023_2024,8,0.8785457109461987,1.0,10
catboost,validation_2023_2024,9,0.9405568287991372,0.967741935483871,31
catboost,validation_2023_2024,6,0.659009883526877,0.375,8
catboost,validation_2023_2024,7,0.7011505817714012,1.0,1
catboost,validation_2023_2024,8,0.8737513400660374,0.8888888888888888,9
catboost,validation_2023_2024,9,0.9410005574639448,0.9375,32
catboost,validation_2023_2024,5,0.5509353128341928,1.0,1
catboost,validation_2023_2024,6,0.6577454042046778,0.5,6
catboost,validation_2023_2024,7,0.7075977023484695,0.0,2
catboost,validation_2023_2024,8,0.8807245040112158,0.8888888888888888,9
catboost,validation_2023_2024,9,0.9445551395335287,0.90625,32
catboost,validation_2023_2024,5,0.5870287244288122,1.0,1
catboost,validation_2023_2024,6,0.658402992643364,0.75,8
catboost,validation_2023_2024,8,0.8787906238374988,0.75,8
catboost,validation_2023_2024,9,0.9399552834153743,0.9393939393939394,33
catboost,validation_2023_2024,5,0.5850635311629483,1.0,1
catboost,validation_2023_2024,6,0.6489191120557346,0.7142857142857143,7
catboost,validation_2023_2024,7,0.7186311073499525,1.0,1
catboost,validation_2023_2024,8,0.8803135866451636,0.8888888888888888,9
catboost,validation_2023_2024,9,0.9438914690622067,0.90625,32
catboost,validation_2023_2024,5,0.5714891970654176,1.0,1
catboost,validation_2023_2024,6,0.6667747994861567,0.6666666666666666,6
catboost,validation_2023_2024,7,0.7048337622094973,0.0,2
catboost,validation_2023_2024,8,0.8760168230030679,0.8181818181818182,11
catboost,validation_2023_2024,9,0.9473969209068239,1.0,30
catboost,validation_2023_2024,5,0.5596341235811607,0.0,1
catboost,validation_2023_2024,6,0.6770631902049119,0.875,8
catboost,validation_2023_2024,8,0.8753787241611513,0.9090909090909091,11
catboost,validation_2023_2024,9,0.947327372023391,0.9,30
catboost,validation_2023_2024,6,0.6650093207692664,0.6666666666666666,9
catboost,validation_2023_2024,8,0.8740366717521355,0.875,8
catboost,validation_2023_2024,9,0.9397005024102187,0.8787878787878788,33
catboost,validation_2023_2024,6,0.670388868160316,0.625,8
catboost,validation_2023_2024,7,0.7065854154783809,1.0,1
catboost,validation_2023_2024,8,0.8708241671794912,0.9090909090909091,11
catboost,validation_2023_2024,9,0.9458247407563894,0.9333333333333333,30
catboost,validation_2023_2024,5,0.5937312675357235,1.0,1
catboost,validation_2023_2024,6,0.6612491606729634,0.5,8
catboost,validation_2023_2024,8,0.8784373363268572,1.0,8
catboost,validation_2023_2024,9,0.9429287918882628,0.9393939393939394,33
catboost,validation_2023_2024,5,0.5082545495960316,1.0,1
catboost,validation_2023_2024,6,0.6560053709076005,0.7142857142857143,7
catboost,validation_2023_2024,7,0.7060670796347065,1.0,1
catboost,validation_2023_2024,8,0.8765628078884091,1.0,10
catboost,validation_2023_2024,9,0.9449110747627676,0.8709677419354839,31
catboost,validation_2023_2024,6,0.6530857925736541,0.5714285714285714,7
catboost,validation_2023_2024,7,0.7382485078167804,0.5,2
catboost,validation_2023_2024,8,0.874975597619986,0.7777777777777778,9
catboost,validation_2023_2024,9,0.9461473361699148,0.90625,32
catboost,validation_2023_2024,6,0.6662078407205891,0.875,8
catboost,validation_2023_2024,7,0.7016537119574442,0.0,1
catboost,validation_2023_2024,8,0.8802191305877654,1.0,9
catboost,validation_2023_2024,9,0.9397820723545638,0.90625,32
catboost,validation_2023_2024,5,0.5999012196196087,1.0,1
catboost,validation_2023_2024,6,0.6613393704159825,0.75,8
catboost,validation_2023_2024,8,0.8757073781302541,0.9090909090909091,11
catboost,validation_2023_2024,9,0.9451992411669988,0.8666666666666667,30
catboost,validation_2023_2024,5,0.5957164242131291,0.0,1
catboost,validation_2023_2024,6,0.6626511716596211,0.75,8
catboost,validation_2023_2024,8,0.8778931781337757,0.8888888888888888,9
catboost,validation_2023_2024,9,0.9456857851905471,0.9375,32
catboost,validation_2023_2024,5,0.5929067672777415,1.0,1
catboost,validation_2023_2024,6,0.6601381961588627,0.7142857142857143,7
catboost,validation_2023_2024,7,0.712887622684773,1.0,1
catboost,validation_2023_2024,8,0.8780788270401907,0.875,8
catboost,validation_2023_2024,9,0.9402950153377342,0.9393939393939394,33
catboost,validation_2023_2024,6,0.6396307055067054,0.4444444444444444,9
catboost,validation_2023_2024,8,0.885501474568353,1.0,9
catboost,validation_2023_2024,9,0.939493618128104,0.84375,32
catboost,validation_2023_2024,6,0.6525095314534107,0.625,8
catboost,validation_2023_2024,7,0.7218575381821293,1.0,1
catboost,validation_2023_2024,8,0.8874286890568565,0.9,10
catboost,validation_2023_2024,9,0.9506544553848103,1.0,31
catboost,validation_2023_2024,5,0.5853061689741217,1.0,1
catboost,validation_2023_2024,6,0.6561678842713417,0.625,8
catboost,validation_2023_2024,8,0.874514617945622,1.0,8
catboost,validation_2023_2024,9,0.9435072819071121,0.9090909090909091,33
catboost,validation_2023_2024,6,0.6498657558050085,0.4444444444444444,9
catboost,validation_2023_2024,8,0.8714156213947131,0.7777777777777778,9
catboost,validation_2023_2024,9,0.9483162230107718,0.90625,32
catboost,validation_2023_2024,6,0.6546861515957727,0.5,8
catboost,validation_2023_2024,7,0.7116108590787116,1.0,1
catboost,validation_2023_2024,8,0.8799115029474883,0.9166666666666666,12
catboost,validation_2023_2024,9,0.9483627619180638,0.9655172413793104,29
catboost,validation_2023_2024,6,0.6475893460666313,0.6666666666666666,9
catboost,validation_2023_2024,8,0.8807504380001447,0.9,10
catboost,validation_2023_2024,9,0.9414694923261289,0.9354838709677419,31
catboost,validation_2023_2024,6,0.6559151571969942,0.75,8
catboost,validation_2023_2024,7,0.7345917120320266,1.0,1
catboost,validation_2023_2024,8,0.8852207400356503,0.75,12
catboost,validation_2023_2024,9,0.9464984734718126,1.0,29
catboost,validation_2023_2024,5,0.5846236956268893,0.5,2
catboost,validation_2023_2024,6,0.6466968200462972,0.3333333333333333,6
catboost,validation_2023_2024,7,0.7043102788809317,1.0,1
catboost,validation_2023_2024,8,0.8781498203125302,1.0,8
catboost,validation_2023_2024,9,0.9425268658394709,0.9090909090909091,33
catboost,validation_2023_2024,5,0.5867612780434833,1.0,1
catboost,validation_2023_2024,6,0.6363546449610603,0.75,8
catboost,validation_2023_2024,8,0.8772495738394693,0.9090909090909091,11
catboost,validation_2023_2024,9,0.9416634871455152,0.9333333333333333,30
catboost,validation_2023_2024,6,0.6499311561068856,0.4444444444444444,9
catboost,validation_2023_2024,8,0.8695858563865901,0.75,8
catboost,validation_2023_2024,9,0.9393755790757512,0.9090909090909091,33
catboost,validation_2023_2024,6,0.6510573989530325,0.625,8
catboost,validation_2023_2024,7,0.7347483087540299,0.0,1
catboost,validation_2023_2024,8,0.8722928085768203,0.6666666666666666,9
catboost,validation_2023_2024,9,0.9453356711868458,0.96875,32
catboost,validation_2023_2024,5,0.5922944558687601,1.0,1
catboost,validation_2023_2024,6,0.6522453349641264,0.625,8
catboost,validation_2023_2024,8,0.8695409756574154,0.875,8
catboost,validation_2023_2024,9,0.9392421977425638,0.8787878787878788,33
catboost,validation_2023_2024,6,0.6622145094462644,0.875,8
catboost,validation_2023_2024,7,0.7025753045770293,1.0,1
catboost,validation_2023_2024,8,0.8772188675076998,0.9,10
catboost,validation_2023_2024,9,0.9414263347807633,1.0,31
catboost,validation_2023_2024,6,0.654836436699598,0.875,8
catboost,validation_2023_2024,7,0.7087457389983082,1.0,1
catboost,validation_2023_2024,8,0.8747866238204817,0.875,8
catboost,validation_2023_2024,9,0.9415950248623338,0.9696969696969697,33
catboost,validation_2023_2024,6,0.6457134170271026,0.625,8
catboost,validation_2023_2024,7,0.7068035163817107,1.0,1
catboost,validation_2023_2024,8,0.8841070265700262,0.9,10
catboost,validation_2023_2024,9,0.9393066566845485,0.9354838709677419,31
catboost,validation_2023_2024,6,0.6628902582594497,0.75,8
catboost,validation_2023_2024,7,0.7052890677316612,1.0,1
catboost,validation_2023_2024,8,0.880703198707625,0.9090909090909091,11
catboost,validation_2023_2024,9,0.943674951858856,1.0,30
catboost,validation_2023_2024,5,0.5380103282161733,0.0,1
catboost,validation_2023_2024,6,0.6669162505572225,0.625,8
catboost,validation_2023_2024,8,0.8664452859085302,0.8888888888888888,9
catboost,validation_2023_2024,9,0.9422686771582642,0.90625,32
catboost,validation_2023_2024,6,0.666915228846197,0.8888888888888888,9
catboost,validation_2023_2024,8,0.8686732882041173,1.0,9
catboost,validation_2023_2024,9,0.9453890814034935,0.90625,32
catboost,validation_2023_2024,5,0.5993425553457152,0.0,1
catboost,validation_2023_2024,6,0.6543070920115779,0.5,8
catboost,validation_2023_2024,8,0.8657544235044579,0.9090909090909091,11
catboost,validation_2023_2024,9,0.9437079667854917,0.9,30
catboost,validation_2023_2024,6,0.6514430503131458,0.6666666666666666,9
catboost,validation_2023_2024,8,0.8801808682830108,0.8571428571428571,7
catboost,validation_2023_2024,9,0.9401822526096977,0.9705882352941176,34
catboost,validation_2023_2024,6,0.6412133130637968,0.5,8
catboost,validation_2023_2024,7,0.7084573232289633,1.0,1
catboost,validation_2023_2024,8,0.8750457218785108,0.8,10
catboost,validation_2023_2024,9,0.94270924941507,0.9354838709677419,31
catboost,validation_2023_2024,5,0.5887777965593787,1.0,1
catboost,validation_2023_2024,6,0.6485994090184781,0.625,8
catboost,validation_2023_2024,8,0.8734540901826071,0.7777777777777778,9
catboost,validation_2023_2024,9,0.942766039945176,0.9375,32
catboost,validation_2023_2024,5,0.5676798534597607,1.0,1
catboost,validation_2023_2024,6,0.651259091622902,0.625,8
catboost,validation_2023_2024,8,0.8803726381673794,1.0,11
catboost,validation_2023_2024,9,0.9473984556759062,0.8333333333333334,30
catboost,validation_2023_2024,6,0.6540354807868036,0.375,8
catboost,validation_2023_2024,7,0.7009774793489939,1.0,1
catboost,validation_2023_2024,8,0.8780671583151374,0.8888888888888888,9
catboost,validation_2023_2024,9,0.9446951355351345,0.96875,32
catboost,validation_2023_2024,5,0.5168080371982797,1.0,1
catboost,validation_2023_2024,6,0.6393946091459586,0.75,8
catboost,validation_2023_2024,8,0.8766795846734654,1.0,12
catboost,validation_2023_2024,9,0.9470621586572835,0.9655172413793104,29
catboost,validation_2023_2024,6,0.650561683120105,0.7777777777777778,9
catboost,validation_2023_2024,8,0.8779711343327744,1.0,9
catboost,validation_2023_2024,9,0.9473872718101477,0.875,32
catboost,validation_2023_2024,5,0.5932831960964885,1.0,1
catboost,validation_2023_2024,6,0.6647808448868634,0.625,8
catboost,validation_2023_2024,8,0.8809559891125531,0.9090909090909091,11
catboost,validation_2023_2024,9,0.9417493746530723,0.9,30
catboost,validation_2023_2024,6,0.6494414527152821,0.625,8
catboost,validation_2023_2024,7,0.7001020094655581,1.0,1
catboost,validation_2023_2024,8,0.8764775589748054,0.8888888888888888,9
catboost,validation_2023_2024,9,0.9429688437140923,0.84375,32
catboost,validation_2023_2024,5,0.5818076316676939,1.0,2
catboost,validation_2023_2024,6,0.6472807439213185,0.5,6
catboost,validation_2023_2024,7,0.7204645365467564,1.0,1
catboost,validation_2023_2024,8,0.889418149152231,0.9,10
catboost,validation_2023_2024,9,0.9450265935169553,0.8064516129032258,31
catboost,validation_2023_2024,6,0.6622171833064667,0.7777777777777778,9
catboost,validation_2023_2024,8,0.8738162804345597,1.0,9
catboost,validation_2023_2024,9,0.9478198689721947,0.90625,32
catboost,validation_2023_2024,6,0.6473049899286231,0.5714285714285714,7
catboost,validation_2023_2024,7,0.7250050060251949,1.0,2
catboost,validation_2023_2024,8,0.8716125111443279,0.7777777777777778,9
catboost,validation_2023_2024,9,0.9425930361429694,1.0,32
catboost,validation_2023_2024,6,0.6427764445587834,0.625,8
catboost,validation_2023_2024,7,0.7069865621379258,0.0,1
catboost,validation_2023_2024,8,0.8738003650177593,0.8888888888888888,9
catboost,validation_2023_2024,9,0.9434469440406495,0.96875,32
catboost,validation_2023_2024,6,0.6464405317294303,0.6666666666666666,9
catboost,validation_2023_2024,8,0.8777511680977513,1.0,8
catboost,validation_2023_2024,9,0.9408891704292079,0.9090909090909091,33
catboost,validation_2023_2024,6,0.6643263582408184,0.5,8
catboost,validation_2023_2024,7,0.7244092192241721,0.0,1
catboost,validation_2023_2024,8,0.87955595872691,0.9,10
catboost,validation_2023_2024,9,0.9450733764160901,0.9354838709677419,31
catboost,validation_2023_2024,5,0.5871258009347722,1.0,1
catboost,validation_2023_2024,6,0.6545634076507044,0.625,8
catboost,validation_2023_2024,8,0.8812183480795253,0.9166666666666666,12
catboost,validation_2023_2024,9,0.9455514711277002,1.0,29
catboost,validation_2023_2024,6,0.6451378815957102,0.7142857142857143,7
catboost,validation_2023_2024,7,0.7283955905793924,0.5,2
catboost,validation_2023_2024,8,0.8768290783530104,0.75,8
catboost,validation_2023_2024,9,0.9404502742781207,0.8787878787878788,33
catboost,validation_2023_2024,6,0.6536658713876611,0.6666666666666666,9
catboost,validation_2023_2024,8,0.8806215011003707,1.0,8
catboost,validation_2023_2024,9,0.9402998238032482,0.9696969696969697,33
catboost,validation_2023_2024,6,0.6406895245644421,0.5555555555555556,9
catboost,validation_2023_2024,8,0.8696278328897997,1.0,9
catboost,validation_2023_2024,9,0.944116769664475,0.96875,32
catboost,validation_2023_2024,6,0.6573146399658998,0.4444444444444444,9
catboost,validation_2023_2024,8,0.8790938183806108,0.8181818181818182,11
catboost,validation_2023_2024,9,0.9380795205547036,0.9,30
catboost,validation_2023_2024,6,0.6530618514068451,0.6666666666666666,9
catboost,validation_2023_2024,8,0.874912206135571,0.8888888888888888,9
catboost,validation_2023_2024,9,0.9417451212140483,0.9375,32
catboost,validation_2023_2024,6,0.6522930937592858,0.5,8
catboost,validation_2023_2024,7,0.7271176003619185,0.0,1
catboost,validation_2023_2024,8,0.8826121670557383,0.75,8
catboost,validation_2023_2024,9,0.9394518894203397,0.9393939393939394,33
catboost,validation_2023_2024,6,0.643803733424531,0.7777777777777778,9
catboost,validation_2023_2024,8,0.8607617530330226,1.0,8
catboost,validation_2023_2024,9,0.9448321958326564,0.9393939393939394,33
catboost,validation_2023_2024,6,0.6607087677845933,0.875,8
catboost,validation_2023_2024,7,0.7014380520278215,0.0,1
catboost,validation_2023_2024,8,0.8814878226166611,0.8571428571428571,7
catboost,validation_2023_2024,9,0.9436741483461889,0.9117647058823529,34
catboost,validation_2023_2024,6,0.6468503695843352,0.6666666666666666,9
catboost,validation_2023_2024,8,0.8730441348159347,1.0,9
catboost,validation_2023_2024,9,0.9404313888827144,1.0,32
catboost,validation_2023_2024,5,0.5739278146160701,1.0,1
catboost,validation_2023_2024,6,0.650416928616486,0.5714285714285714,7
catboost,validation_2023_2024,7,0.7001989973246014,1.0,1
catboost,validation_2023_2024,8,0.8740752705490772,0.8,5
catboost,validation_2023_2024,9,0.9359940195059365,0.9166666666666666,36
catboost,validation_2023_2024,6,0.6481817792633837,0.5555555555555556,9
catboost,validation_2023_2024,8,0.8778618924878246,0.7777777777777778,9
catboost,validation_2023_2024,9,0.9427536996172436,0.9375,32
catboost,validation_2023_2024,6,0.6543565000977898,0.75,8
catboost,validation_2023_2024,7,0.7483354401098354,0.0,1
catboost,validation_2023_2024,8,0.8759687163684134,1.0,11
catboost,validation_2023_2024,9,0.9469260410261457,0.9666666666666667,30
catboost,validation_2023_2024,6,0.6620734592347206,0.7777777777777778,9
catboost,validation_2023_2024,8,0.874065266135384,1.0,8
catboost,validation_2023_2024,9,0.9382430832129379,0.9393939393939394,33
catboost,validation_2023_2024,6,0.6614860971197927,0.7777777777777778,9
catboost,validation_2023_2024,8,0.8821111283075055,1.0,12
catboost,validation_2023_2024,9,0.9442004017708022,0.8620689655172413,29
catboost,validation_2023_2024,6,0.6485586954414663,0.2857142857142857,7
catboost,validation_2023_2024,7,0.7294389633402499,1.0,2
catboost,validation_2023_2024,8,0.8756197697745796,1.0,8
catboost,validation_2023_2024,9,0.9441745278103917,0.9393939393939394,33
catboost,validation_2023_2024,6,0.6540452371673624,0.6666666666666666,9
catboost,validation_2023_2024,8,0.8816968061494059,0.7777777777777778,9
catboost,validation_2023_2024,9,0.9398889775220817,0.96875,32
catboost,validation_2023_2024,5,0.5978252307064418,1.0,1
catboost,validation_2023_2024,6,0.6486442165060069,0.5714285714285714,7
catboost,validation_2023_2024,7,0.7438355096541805,1.0,1
catboost,validation_2023_2024,8,0.8788400895485295,0.9,10
catboost,validation_2023_2024,9,0.9397918623772027,1.0,31
catboost,validation_2023_2024,5,0.5769065874784408,0.0,1
catboost,validation_2023_2024,6,0.6428047763035251,0.7142857142857143,7
catboost,validation_2023_2024,7,0.71870126742257,1.0,1
catboost,validation_2023_2024,8,0.8793073687961178,0.9090909090909091,11
catboost,validation_2023_2024,9,0.9458709289716061,0.9333333333333333,30
catboost,validation_2023_2024,5,0.5800647572282075,1.0,2
catboost,validation_2023_2024,6,0.6722477090236032,0.5714285714285714,7
catboost,validation_2023_2024,8,0.8786065498276294,0.7272727272727273,11
catboost,validation_2023_2024,9,0.9451385750468477,0.9333333333333333,30
catboost,validation_2023_2024,5,0.5705857081571931,0.5,2
catboost,validation_2023_2024,6,0.6503330565755728,0.6666666666666666,6
catboost,validation_2023_2024,7,0.7020396602294698,1.0,1
catboost,validation_2023_2024,8,0.8716251548974648,0.7,10
catboost,validation_2023_2024,9,0.9458114509593811,0.9354838709677419,31
catboost,validation_2023_2024,6,0.6655449531314274,0.8571428571428571,7
catboost,validation_2023_2024,7,0.7027938209260621,0.5,2
catboost,validation_2023_2024,8,0.874952575682182,0.9,10
catboost,validation_2023_2024,9,0.9437558188717603,0.9354838709677419,31
catboost,validation_2023_2024,5,0.5834611438342349,1.0,1
catboost,validation_2023_2024,6,0.6614433332469246,0.7142857142857143,7
catboost,validation_2023_2024,7,0.7186444744660424,0.0,1
catboost,validation_2023_2024,8,0.886960960427113,0.875,8
catboost,validation_2023_2024,9,0.9447705483598725,0.9696969696969697,33
catboost,validation_2023_2024,5,0.574752325084493,0.0,1
catboost,validation_2023_2024,6,0.6497901700445583,0.5714285714285714,7
catboost,validation_2023_2024,7,0.72618434003733,0.0,1
catboost,validation_2023_2024,8,0.8778436110478524,0.9,10
catboost,validation_2023_2024,9,0.9443379233558861,0.967741935483871,31
catboost,validation_2023_2024,5,0.5883715252336851,1.0,2
catboost,validation_2023_2024,6,0.659058685116762,0.8333333333333334,6
catboost,validation_2023_2024,7,0.7089213636934509,0.0,1
catboost,validation_2023_2024,8,0.873404484645851,0.8181818181818182,11
catboost,validation_2023_2024,9,0.9428756227474075,0.9,30
catboost,validation_2023_2024,5,0.5754240849923409,1.0,2
catboost,validation_2023_2024,6,0.6573275931701849,0.6666666666666666,6
catboost,validation_2023_2024,7,0.721905968296067,1.0,1
catboost,validation_2023_2024,8,0.8810190903743311,0.875,8
catboost,validation_2023_2024,9,0.9427473970639912,0.9393939393939394,33
catboost,validation_2023_2024,6,0.6606372218602978,0.6666666666666666,9
catboost,validation_2023_2024,8,0.8813177995052379,0.9,10
catboost,validation_2023_2024,9,0.9432295619075439,0.967741935483871,31
catboost,validation_2023_2024,6,0.6480558518952066,0.5555555555555556,9
catboost,validation_2023_2024,8,0.8838188838028264,0.8181818181818182,11
catboost,validation_2023_2024,9,0.9464296799812268,0.9666666666666667,30
catboost,validation_2023_2024,5,0.5627323837923206,1.0,2
catboost,validation_2023_2024,6,0.6444775657126894,0.5,6
catboost,validation_2023_2024,7,0.7209353742781232,0.0,1
catboost,validation_2023_2024,8,0.886126955435949,0.8,10
catboost,validation_2023_2024,9,0.939909037515792,0.967741935483871,31
catboost,validation_2023_2024,6,0.6622052110566874,0.8888888888888888,9
catboost,validation_2023_2024,8,0.8800311577708946,0.8181818181818182,11
catboost,validation_2023_2024,9,0.9400907911964448,1.0,30
catboost,validation_2023_2024,6,0.6361487985893424,0.5,8
catboost,validation_2023_2024,7,0.70730182271638,1.0,1
catboost,validation_2023_2024,8,0.8806891131590628,0.9090909090909091,11
catboost,validation_2023_2024,9,0.9412796953613788,0.8666666666666667,30
catboost,validation_2023_2024,6,0.6517993778447596,0.7777777777777778,9
catboost,validation_2023_2024,8,0.8824093079428296,0.8181818181818182,11
catboost,validation_2023_2024,9,0.9476623048306649,0.9666666666666667,30
catboost,validation_2023_2024,6,0.643947374248966,0.7142857142857143,7
catboost,validation_2023_2024,7,0.7063971235855828,0.0,2
catboost,validation_2023_2024,8,0.8686233475058143,1.0,9
catboost,validation_2023_2024,9,0.9455862333124438,0.9375,32
catboost,validation_2023_2024,6,0.6486277437919764,0.5,8
catboost,validation_2023_2024,7,0.750824181371797,1.0,1
catboost,validation_2023_2024,8,0.8802386984044456,0.9090909090909091,11
catboost,validation_2023_2024,9,0.9481338313022266,0.8666666666666667,30
catboost,validation_2023_2024,6,0.6463891086100491,0.42857142857142855,7
catboost,validation_2023_2024,7,0.7131489010978899,1.0,2
catboost,validation_2023_2024,8,0.8791572177045803,0.7777777777777778,9
catboost,validation_2023_2024,9,0.9449761220755368,0.9375,32
catboost,validation_2023_2024,6,0.6608698401023984,0.8571428571428571,7
catboost,validation_2023_2024,7,0.7359385742038758,1.0,2
catboost,validation_2023_2024,8,0.8737489789196632,0.6666666666666666,9
catboost,validation_2023_2024,9,0.942844131034764,0.90625,32
catboost,validation_2023_2024,6,0.6481731276665745,0.5555555555555556,9
catboost,validation_2023_2024,8,0.8805952928084843,0.8888888888888888,9
catboost,validation_2023_2024,9,0.9436492473264335,0.96875,32
catboost,validation_2023_2024,5,0.5806282902599882,1.0,2
catboost,validation_2023_2024,6,0.6530174854637869,0.6,5
catboost,validation_2023_2024,7,0.728329182872766,0.5,2
catboost,validation_2023_2024,8,0.88613034905765,0.875,8
catboost,validation_2023_2024,9,0.9413166390833696,0.9696969696969697,33
catboost,validation_2023_2024,6,0.6519441132808992,0.6666666666666666,9
catboost,validation_2023_2024,8,0.8761879743028237,0.8,10
catboost,validation_2023_2024,9,0.9450688731251712,0.8709677419354839,31
catboost,validation_2023_2024,6,0.6601165498162168,0.875,8
catboost,validation_2023_2024,7,0.7022180950843636,0.0,1
catboost,validation_2023_2024,8,0.8835328196304463,1.0,11
catboost,validation_2023_2024,9,0.9428496609740906,0.9333333333333333,30
catboost,validation_2023_2024,5,0.5884950875737647,1.0,1
catboost,validation_2023_2024,6,0.6558771744120738,1.0,7
catboost,validation_2023_2024,7,0.7044503083042297,1.0,1
catboost,validation_2023_2024,8,0.8825299546902223,0.6666666666666666,9
catboost,validation_2023_2024,9,0.9434233204822922,0.9375,32
catboost,validation_2023_2024,6,0.6622532677571472,0.7777777777777778,9
catboost,validation_2023_2024,8,0.8733669727281185,0.8888888888888888,9
catboost,validation_2023_2024,9,0.9439821135556793,0.9375,32
catboost,validation_2023_2024,6,0.6490288540818425,0.625,8
catboost,validation_2023_2024,7,0.713149592754212,0.0,1
catboost,validation_2023_2024,8,0.8816449613079128,0.8181818181818182,11
catboost,validation_2023_2024,9,0.9446730204192566,0.9333333333333333,30
catboost,validation_2023_2024,6,0.6614268692694789,0.6666666666666666,9
catboost,validation_2023_2024,7,0.7941455708062168,1.0,1
catboost,validation_2023_2024,8,0.8795577814413159,1.0,6
catboost,validation_2023_2024,9,0.9387482042338577,0.9705882352941176,34
catboost,validation_2023_2024,6,0.6704632628369759,0.75,8
catboost,validation_2023_2024,7,0.7238563076486265,1.0,1
catboost,validation_2023_2024,8,0.8822141660247884,0.9090909090909091,11
catboost,validation_2023_2024,9,0.940655769005795,0.9666666666666667,30
catboost,validation_2023_2024,5,0.5971264645539592,1.0,1
catboost,validation_2023_2024,6,0.6472929532192282,0.7142857142857143,7
catboost,validation_2023_2024,7,0.7006084379528001,1.0,1
catboost,validation_2023_2024,8,0.8818294019009353,0.8888888888888888,9
catboost,validation_2023_2024,9,0.9442008124874686,1.0,32
catboost,validation_2023_2024,6,0.6506924237789082,0.6666666666666666,9
catboost,validation_2023_2024,8,0.8798413626470698,0.8888888888888888,9
catboost,validation_2023_2024,9,0.9414990226042865,0.90625,32
catboost,validation_2023_2024,6,0.6463985011364285,0.5555555555555556,9
catboost,validation_2023_2024,8,0.8821635007178882,0.9,10
catboost,validation_2023_2024,9,0.9424583647033293,1.0,31
catboost,validation_2023_2024,5,0.5452124888331,1.0,1
catboost,validation_2023_2024,6,0.6564606962953503,0.75,8
catboost,validation_2023_2024,8,0.8818410602631008,0.7777777777777778,9
catboost,validation_2023_2024,9,0.9410998735744716,0.96875,32
catboost,validation_2023_2024,5,0.5956083130344785,1.0,2
catboost,validation_2023_2024,6,0.6664810128960241,0.5714285714285714,7
catboost,validation_2023_2024,8,0.8777776259515808,1.0,11
catboost,validation_2023_2024,9,0.9449011144990461,0.9,30
catboost,validation_2023_2024,6,0.6473873192039179,0.6666666666666666,9
catboost,validation_2023_2024,8,0.8812112690258236,0.7777777777777778,9
catboost,validation_2023_2024,9,0.9433938889304565,0.9375,32
catboost,validation_2023_2024,5,0.5940908906118338,1.0,1
catboost,validation_2023_2024,6,0.6506046544954425,0.5714285714285714,7
catboost,validation_2023_2024,7,0.707555603113077,0.0,1
catboost,validation_2023_2024,8,0.8790732667905291,0.8333333333333334,12
catboost,validation_2023_2024,9,0.9464506737452292,0.9655172413793104,29
catboost,validation_2023_2024,5,0.5780251981095129,0.5,2
catboost,validation_2023_2024,6,0.6383955948318069,0.6666666666666666,6
catboost,validation_2023_2024,7,0.7128815007542461,1.0,1
catboost,validation_2023_2024,8,0.8899129407486458,0.875,8
catboost,validation_2023_2024,9,0.9437767374173255,0.9393939393939394,33
catboost,validation_2023_2024,5,0.5961053524679749,1.0,1
catboost,validation_2023_2024,6,0.6673426600732599,0.75,8
catboost,validation_2023_2024,8,0.8860705347584168,0.8888888888888888,9
catboost,validation_2023_2024,9,0.9449929991570922,0.96875,32
catboost,validation_2023_2024,6,0.6435653339448902,0.6666666666666666,9
catboost,validation_2023_2024,8,0.8727997115638636,1.0,7
catboost,validation_2023_2024,9,0.9424186062987642,0.9411764705882353,34
catboost,validation_2023_2024,5,0.5676390236804482,0.0,1
catboost,validation_2023_2024,6,0.659862230760573,0.5,8
catboost,validation_2023_2024,8,0.8683631573400519,0.875,8
catboost,validation_2023_2024,9,0.938988231709282,0.9696969696969697,33
catboost,validation_2023_2024,6,0.6391246719689339,0.625,8
catboost,validation_2023_2024,7,0.7225405072435518,1.0,1
catboost,validation_2023_2024,8,0.8834535005798778,0.8461538461538461,13
catboost,validation_2023_2024,9,0.9469393942048913,0.9285714285714286,28
catboost,validation_2023_2024,6,0.6458331799996443,0.7777777777777778,9
catboost,validation_2023_2024,8,0.8763853930909742,1.0,8
catboost,validation_2023_2024,9,0.9374521135936842,1.0,33
catboost,validation_2023_2024,6,0.6507018103202631,0.75,8
catboost,validation_2023_2024,7,0.7021081744305911,1.0,1
catboost,validation_2023_2024,8,0.874840459489753,0.9090909090909091,11
catboost,validation_2023_2024,9,0.9401329729391804,0.9666666666666667,30
catboost,validation_2023_2024,6,0.6548850182828554,0.6666666666666666,9
catboost,validation_2023_2024,8,0.8743797945445451,0.9,10
catboost,validation_2023_2024,9,0.9436183314562864,0.967741935483871,31
catboost,validation_2023_2024,5,0.5944311045172627,0.0,1
catboost,validation_2023_2024,6,0.6637479070056173,0.7142857142857143,7
catboost,validation_2023_2024,7,0.7007774653051804,0.0,1
catboost,validation_2023_2024,8,0.874039353106849,1.0,10
catboost,validation_2023_2024,9,0.9425542554393715,0.9354838709677419,31
catboost,validation_2023_2024,6,0.6505193681481701,0.5555555555555556,9
catboost,validation_2023_2024,8,0.8810391877851559,0.7777777777777778,9
catboost,validation_2023_2024,9,0.9432710189707987,0.96875,32
catboost,validation_2023_2024,5,0.5950999499952279,1.0,2
catboost,validation_2023_2024,6,0.6790173221254437,0.7142857142857143,7
catboost,validation_2023_2024,8,0.8791280781055321,0.875,8
catboost,validation_2023_2024,9,0.9384804488763675,0.9696969696969697,33
catboost,validation_2023_2024,6,0.6416780854761831,0.6666666666666666,9
catboost,validation_2023_2024,8,0.8787127952155487,0.9,10
catboost,validation_2023_2024,9,0.9448835980492521,0.8387096774193549,31
catboost,validation_2023_2024,5,0.599512507599596,1.0,1
catboost,validation_2023_2024,6,0.6481667726814585,0.5714285714285714,7
catboost,validation_2023_2024,7,0.7305599026050763,0.0,1
catboost,validation_2023_2024,8,0.8843119990749377,0.7,10
catboost,validation_2023_2024,9,0.9410668147601574,0.967741935483871,31
catboost,validation_2023_2024,6,0.6350145041869213,0.6666666666666666,9
catboost,validation_2023_2024,8,0.8855541494752698,1.0,9
catboost,validation_2023_2024,9,0.9457990597134933,0.875,32
catboost,validation_2023_2024,6,0.6579270133963857,0.75,8
catboost,validation_2023_2024,7,0.7283443731810758,0.0,1
catboost,validation_2023_2024,8,0.879172063451691,0.8888888888888888,9
catboost,validation_2023_2024,9,0.9413571637333655,0.96875,32
catboost,validation_2023_2024,5,0.5947227977512735,0.0,1
catboost,validation_2023_2024,6,0.6429918134840299,0.75,8
catboost,validation_2023_2024,8,0.8844147680969268,0.9090909090909091,11
catboost,validation_2023_2024,9,0.9457355612692505,0.8666666666666667,30
catboost,validation_2023_2024,5,0.5981365839575434,0.0,1
catboost,validation_2023_2024,6,0.6570977624458978,0.5714285714285714,7
catboost,validation_2023_2024,7,0.7053562190775966,1.0,1
catboost,validation_2023_2024,8,0.8682345320809925,0.6,5
catboost,validation_2023_2024,9,0.9405455084683774,0.9166666666666666,36
catboost,validation_2023_2024,6,0.6504337745108292,0.75,8
catboost,validation_2023_2024,7,0.7100945904395856,1.0,1
catboost,validation_2023_2024,8,0.8815542978872891,0.7142857142857143,7
catboost,validation_2023_2024,9,0.9425632105705335,0.9411764705882353,34
catboost,validation_2023_2024,5,0.5971099405575445,1.0,1
catboost,validation_2023_2024,6,0.653175626315567,0.8333333333333334,6
catboost,validation_2023_2024,7,0.705937916978726,0.5,2
catboost,validation_2023_2024,8,0.8707157685533607,0.9,10
catboost,validation_2023_2024,9,0.9451653787737064,0.8387096774193549,31
catboost,validation_2023_2024,6,0.6515396072282728,0.7777777777777778,9
catboost,validation_2023_2024,8,0.8917159624491822,0.875,8
catboost,validation_2023_2024,9,0.9443448956569808,0.9393939393939394,33
catboost,validation_2023_2024,5,0.5915564700577204,0.0,1
catboost,validation_2023_2024,6,0.6618966846000844,0.75,8
catboost,validation_2023_2024,8,0.8788064279706298,0.7142857142857143,7
catboost,validation_2023_2024,9,0.9418282850702007,0.9411764705882353,34
catboost,validation_2023_2024,5,0.5943940801784667,1.0,1
catboost,validation_2023_2024,6,0.6365916165378341,0.625,8
catboost,validation_2023_2024,8,0.8818440168166493,0.8571428571428571,7
catboost,validation_2023_2024,9,0.942016553072362,0.9705882352941176,34
catboost,validation_2023_2024,5,0.5855896563445546,1.0,1
catboost,validation_2023_2024,6,0.6483358795019876,0.625,8
catboost,validation_2023_2024,8,0.87753604710387,0.8888888888888888,9
catboost,validation_2023_2024,9,0.9429985821739796,0.9375,32
catboost,validation_2023_2024,6,0.6485004535882027,0.5,8
catboost,validation_2023_2024,7,0.7479017568615296,1.0,1
catboost,validation_2023_2024,8,0.8797349688497967,0.9166666666666666,12
catboost,validation_2023_2024,9,0.9465885397905692,1.0,29
catboost,validation_2023_2024,5,0.5986893754938196,1.0,1
catboost,validation_2023_2024,6,0.6667196053379882,0.6666666666666666,6
catboost,validation_2023_2024,7,0.7211498730024122,1.0,2
catboost,validation_2023_2024,8,0.8753192630977011,0.8888888888888888,9
catboost,validation_2023_2024,9,0.9427943075494026,0.875,32
catboost,validation_2023_2024,5,0.5847736546104009,1.0,1
catboost,validation_2023_2024,6,0.6644112076437617,0.5,6
catboost,validation_2023_2024,7,0.7287531876463889,1.0,2
catboost,validation_2023_2024,8,0.8836732276338971,1.0,8
catboost,validation_2023_2024,9,0.9440593384551933,0.9393939393939394,33
catboost,validation_2023_2024,6,0.6534443865039851,0.625,8
catboost,validation_2023_2024,7,0.7067986808769924,1.0,1
catboost,validation_2023_2024,8,0.8800932776231647,0.7777777777777778,9
catboost,validation_2023_2024,9,0.9449727305956389,0.96875,32
catboost,validation_2023_2024,6,0.6543664957512607,0.42857142857142855,7
catboost,validation_2023_2024,7,0.7059541807450171,0.5,2
catboost,validation_2023_2024,8,0.8735528333828598,0.8888888888888888,9
catboost,validation_2023_2024,9,0.945426956192843,0.9375,32
catboost,validation_2023_2024,5,0.5961033506523785,0.0,2
catboost,validation_2023_2024,6,0.6395161199549809,0.6666666666666666,6
catboost,validation_2023_2024,7,0.7204937066420335,1.0,1
catboost,validation_2023_2024,8,0.8841675175312214,0.9,10
catboost,validation_2023_2024,9,0.9396013798390571,0.9032258064516129,31
catboost,validation_2023_2024,6,0.6542100001109612,0.75,8
catboost,validation_2023_2024,7,0.7181680700815872,0.0,1
catboost,validation_2023_2024,8,0.8844446179761931,0.7777777777777778,9
catboost,validation_2023_2024,9,0.9416705374217087,0.90625,32
