date,year,month,day,full_result,last_2_digits
2002-01-05,2002,1,5,15170,70
2002-01-06,2002,1,6,65651,51
2002-01-07,2002,1,7,48070,70
2002-01-08,2002,1,8,47407,07
2002-01-09,2002,1,9,16675,75
2002-01-10,2002,1,10,87613,13
2002-01-11,2002,1,11,81899,99
2002-01-12,2002,1,12,85954,54
2002-01-13,2002,1,13,66694,94
2002-01-14,2002,1,14,11997,97
2002-01-15,2002,1,15,86525,25
2002-01-16,2002,1,16,36080,80
2002-01-17,2002,1,17,78963,63
2002-01-18,2002,1,18,26892,92
2002-01-19,2002,1,19,85114,14
2002-01-20,2002,1,20,82892,92
2002-01-21,2002,1,21,34605,05
2002-01-22,2002,1,22,36123,23
2002-01-23,2002,1,23,95375,75
2002-01-24,2002,1,24,21631,31
2002-01-25,2002,1,25,74392,92
2002-01-26,2002,1,26,28322,22
2002-01-27,2002,1,27,74052,52
2002-01-28,2002,1,28,39159,59
2002-01-29,2002,1,29,68334,34
2002-01-30,2002,1,30,32241,41
2002-01-31,2002,1,31,91742,42
2002-02-01,2002,2,1,41809,09
2002-02-02,2002,2,2,40400,00
2002-02-03,2002,2,3,98256,56
2002-02-04,2002,2,4,63414,14
2002-02-05,2002,2,5,92524,24
2002-02-06,2002,2,6,61884,84
2002-02-07,2002,2,7,02200,00
2002-02-08,2002,2,8,95965,65
2002-02-09,2002,2,9,39699,99
2002-02-15,2002,2,15,42649,49
2002-02-16,2002,2,16,53144,44
2002-02-17,2002,2,17,26450,50
2002-02-18,2002,2,18,50388,88
2002-02-19,2002,2,19,45406,06
2002-02-20,2002,2,20,19170,70
2002-02-21,2002,2,21,30315,15
2002-02-22,2002,2,22,75903,03
2002-02-23,2002,2,23,95575,75
2002-02-24,2002,2,24,75141,41
2002-02-25,2002,2,25,58827,27
2002-02-26,2002,2,26,67209,09
2002-02-27,2002,2,27,77930,30
2002-02-28,2002,2,28,65621,21
2002-03-01,2002,3,1,04144,44
2002-03-02,2002,3,2,52726,26
2002-03-03,2002,3,3,41355,55
2002-03-04,2002,3,4,55928,28
2002-03-05,2002,3,5,86110,10
2002-03-06,2002,3,6,24464,64
2002-03-07,2002,3,7,25240,40
2002-03-08,2002,3,8,20796,96
2002-03-09,2002,3,9,34197,97
2002-03-10,2002,3,10,46057,57
2002-03-11,2002,3,11,09630,30
2002-03-12,2002,3,12,58410,10
2002-03-13,2002,3,13,56921,21
2002-03-14,2002,3,14,10761,61
2002-03-15,2002,3,15,11889,89
2002-03-16,2002,3,16,52596,96
2002-03-17,2002,3,17,44180,80
2002-03-18,2002,3,18,77855,55
2002-03-19,2002,3,19,88049,49
2002-03-20,2002,3,20,74016,16
2002-03-21,2002,3,21,33845,45
2002-03-22,2002,3,22,23521,21
2002-03-23,2002,3,23,80139,39
2002-03-24,2002,3,24,70220,20
2002-03-25,2002,3,25,35837,37
2002-03-26,2002,3,26,04984,84
2002-03-27,2002,3,27,36533,33
2002-03-28,2002,3,28,26548,48
2002-03-29,2002,3,29,60333,33
2002-03-30,2002,3,30,17887,87
2002-03-31,2002,3,31,80920,20
2002-04-01,2002,4,1,47133,33
2002-04-02,2002,4,2,25702,02
2002-04-03,2002,4,3,61937,37
2002-04-04,2002,4,4,27773,73
2002-04-05,2002,4,5,18679,79
2002-04-06,2002,4,6,84477,77
2002-04-07,2002,4,7,34192,92
2002-04-08,2002,4,8,20998,98
2002-04-09,2002,4,9,67373,73
2002-04-10,2002,4,10,44323,23
2002-04-11,2002,4,11,54072,72
2002-04-12,2002,4,12,51046,46
2002-04-13,2002,4,13,96919,19
2002-04-14,2002,4,14,35230,30
2002-04-15,2002,4,15,06915,15
2002-04-16,2002,4,16,41778,78
2002-04-17,2002,4,17,58595,95
2002-04-18,2002,4,18,16206,06
2002-04-19,2002,4,19,45658,58
2002-04-20,2002,4,20,26478,78
2002-04-21,2002,4,21,31686,86
2002-04-22,2002,4,22,34906,06
2002-04-23,2002,4,23,37479,79
2002-04-24,2002,4,24,64900,00
2002-04-25,2002,4,25,10269,69
2002-04-26,2002,4,26,14173,73
2002-04-27,2002,4,27,32522,22
2002-04-28,2002,4,28,33617,17
2002-04-29,2002,4,29,87401,01
2002-04-30,2002,4,30,25716,16
2002-05-01,2002,5,1,68113,13
2002-05-02,2002,5,2,94558,58
2002-05-03,2002,5,3,48476,76
2002-05-04,2002,5,4,68735,35
2002-05-05,2002,5,5,51816,16
2002-05-06,2002,5,6,72286,86
2002-05-07,2002,5,7,71934,34
2002-05-08,2002,5,8,42319,19
2002-05-09,2002,5,9,10713,13
2002-05-10,2002,5,10,85828,28
2002-05-11,2002,5,11,72413,13
2002-05-12,2002,5,12,01779,79
2002-05-13,2002,5,13,42037,37
2002-05-14,2002,5,14,36530,30
2002-05-15,2002,5,15,91904,04
2002-05-16,2002,5,16,81546,46
2002-05-17,2002,5,17,03547,47
2002-05-18,2002,5,18,82127,27
2002-05-19,2002,5,19,22739,39
2002-05-20,2002,5,20,08920,20
2002-05-21,2002,5,21,57348,48
2002-05-22,2002,5,22,24978,78
2002-05-23,2002,5,23,22179,79
2002-05-24,2002,5,24,01487,87
2002-05-25,2002,5,25,74486,86
2002-05-26,2002,5,26,63002,02
2002-05-27,2002,5,27,60936,36
2002-05-28,2002,5,28,59531,31
2002-05-29,2002,5,29,89385,85
2002-05-30,2002,5,30,08264,64
2002-05-31,2002,5,31,88712,12
2002-06-01,2002,6,1,67046,46
2002-06-02,2002,6,2,96749,49
2002-06-03,2002,6,3,26575,75
2002-06-04,2002,6,4,33643,43
2002-06-05,2002,6,5,23644,44
2002-06-06,2002,6,6,51907,07
2002-06-07,2002,6,7,97940,40
2002-06-08,2002,6,8,55066,66
2002-06-09,2002,6,9,96880,80
2002-06-10,2002,6,10,20473,73
2002-06-11,2002,6,11,32822,22
2002-06-12,2002,6,12,43057,57
2002-06-13,2002,6,13,77495,95
2002-06-14,2002,6,14,57229,29
2002-06-15,2002,6,15,90610,10
2002-06-16,2002,6,16,76549,49
2002-06-17,2002,6,17,10149,49
2002-06-18,2002,6,18,53920,20
2002-06-19,2002,6,19,91721,21
2002-06-20,2002,6,20,96682,82
2002-06-21,2002,6,21,12773,73
2002-06-22,2002,6,22,42703,03
2002-06-23,2002,6,23,02617,17
2002-06-24,2002,6,24,26628,28
2002-06-25,2002,6,25,36683,83
2002-06-26,2002,6,26,46667,67
2002-06-27,2002,6,27,00128,28
2002-06-28,2002,6,28,54678,78
2002-06-29,2002,6,29,09091,91
2002-06-30,2002,6,30,69398,98
2002-07-01,2002,7,1,46302,02
2002-07-02,2002,7,2,26550,50
2002-07-03,2002,7,3,35710,10
2002-07-04,2002,7,4,68410,10
2002-07-05,2002,7,5,80838,38
2002-07-06,2002,7,6,65097,97
2002-07-07,2002,7,7,40033,33
2002-07-08,2002,7,8,48409,09
2002-07-09,2002,7,9,41144,44
2002-07-10,2002,7,10,59414,14
2002-07-11,2002,7,11,14745,45
2002-07-12,2002,7,12,82278,78
2002-07-13,2002,7,13,48483,83
2002-07-14,2002,7,14,13865,65
2002-07-15,2002,7,15,86045,45
2002-07-16,2002,7,16,57679,79
2002-07-17,2002,7,17,13715,15
2002-07-18,2002,7,18,32321,21
2002-07-19,2002,7,19,39164,64
2002-07-20,2002,7,20,63873,73
2002-07-21,2002,7,21,10631,31
2002-07-22,2002,7,22,11457,57
2002-07-23,2002,7,23,57240,40
2002-07-24,2002,7,24,61681,81
2002-07-25,2002,7,25,50994,94
2002-07-26,2002,7,26,92998,98
2002-07-27,2002,7,27,93347,47
2002-07-28,2002,7,28,37739,39
2002-07-29,2002,7,29,88254,54
2002-07-30,2002,7,30,77561,61
2002-07-31,2002,7,31,54099,99
2002-08-01,2002,8,1,22116,16
2002-08-02,2002,8,2,43201,01
2002-08-03,2002,8,3,12631,31
2002-08-04,2002,8,4,79188,88
2002-08-05,2002,8,5,06255,55
2002-08-06,2002,8,6,41343,43
2002-08-07,2002,8,7,73811,11
2002-08-08,2002,8,8,92040,40
2002-08-09,2002,8,9,75266,66
2002-08-10,2002,8,10,26798,98
2002-08-11,2002,8,11,29548,48
2002-08-12,2002,8,12,01826,26
2002-08-13,2002,8,13,84114,14
2002-08-14,2002,8,14,50539,39
2002-08-15,2002,8,15,40498,98
2002-08-16,2002,8,16,06720,20
2002-08-17,2002,8,17,32673,73
2002-08-18,2002,8,18,99380,80
2002-08-19,2002,8,19,15717,17
2002-08-20,2002,8,20,57924,24
2002-08-21,2002,8,21,24755,55
2002-08-22,2002,8,22,68472,72
2002-08-23,2002,8,23,04417,17
2002-08-24,2002,8,24,21407,07
2002-08-25,2002,8,25,37879,79
2002-08-26,2002,8,26,68343,43
2002-08-27,2002,8,27,32141,41
2002-08-28,2002,8,28,42857,57
2002-08-29,2002,8,29,50945,45
2002-08-30,2002,8,30,17434,34
2002-08-31,2002,8,31,07601,01
2002-09-01,2002,9,1,89807,07
2002-09-02,2002,9,2,38809,09
2002-09-03,2002,9,3,50604,04
2002-09-04,2002,9,4,42991,91
2002-09-05,2002,9,5,73098,98
2002-09-06,2002,9,6,86653,53
2002-09-07,2002,9,7,64727,27
2002-09-08,2002,9,8,38614,14
2002-09-09,2002,9,9,00702,02
2002-09-10,2002,9,10,97159,59
2002-09-11,2002,9,11,19507,07
2002-09-12,2002,9,12,50097,97
2002-09-13,2002,9,13,68681,81
2002-09-14,2002,9,14,11263,63
2002-09-15,2002,9,15,49006,06
2002-09-16,2002,9,16,18737,37
2002-09-17,2002,9,17,78183,83
2002-09-18,2002,9,18,68010,10
2002-09-19,2002,9,19,76141,41
2002-09-20,2002,9,20,83111,11
2002-09-21,2002,9,21,12914,14
2002-09-22,2002,9,22,45683,83
2002-09-23,2002,9,23,50473,73
2002-09-24,2002,9,24,08346,46
2002-09-25,2002,9,25,59516,16
2002-09-26,2002,9,26,21106,06
2002-09-27,2002,9,27,32978,78
2002-09-28,2002,9,28,82391,91
2002-09-29,2002,9,29,57456,56
2002-09-30,2002,9,30,12570,70
2002-10-01,2002,10,1,85082,82
2002-10-02,2002,10,2,54691,91
2002-10-03,2002,10,3,56277,77
2002-10-04,2002,10,4,73574,74
2002-10-05,2002,10,5,03658,58
2002-10-06,2002,10,6,15837,37
2002-10-07,2002,10,7,72489,89
2002-10-08,2002,10,8,02004,04
2002-10-09,2002,10,9,03974,74
2002-10-10,2002,10,10,47522,22
2002-10-11,2002,10,11,81154,54
2002-10-12,2002,10,12,88278,78
2002-10-13,2002,10,13,10602,02
2002-10-14,2002,10,14,98507,07
2002-10-15,2002,10,15,81437,37
2002-10-16,2002,10,16,96834,34
2002-10-17,2002,10,17,07906,06
2002-10-18,2002,10,18,18194,94
2002-10-19,2002,10,19,03048,48
2002-10-20,2002,10,20,25312,12
2002-10-21,2002,10,21,59660,60
2002-10-22,2002,10,22,80747,47
2002-10-23,2002,10,23,94682,82
2002-10-24,2002,10,24,26275,75
2002-10-25,2002,10,25,36413,13
2002-10-26,2002,10,26,16505,05
2002-10-27,2002,10,27,84650,50
2002-10-28,2002,10,28,35827,27
2002-10-29,2002,10,29,81863,63
2002-10-30,2002,10,30,31249,49
2002-10-31,2002,10,31,34984,84
2002-11-01,2002,11,1,15457,57
2002-11-02,2002,11,2,65460,60
2002-11-03,2002,11,3,76684,84
2002-11-04,2002,11,4,04602,02
2002-11-05,2002,11,5,37700,00
2002-11-06,2002,11,6,37452,52
2002-11-07,2002,11,7,49116,16
2002-11-08,2002,11,8,14632,32
2002-11-09,2002,11,9,40645,45
2002-11-10,2002,11,10,08427,27
2002-11-11,2002,11,11,99017,17
2002-11-12,2002,11,12,01035,35
2002-11-13,2002,11,13,37511,11
2002-11-14,2002,11,14,14356,56
2002-11-15,2002,11,15,10290,90
2002-11-16,2002,11,16,16296,96
2002-11-17,2002,11,17,16079,79
2002-11-18,2002,11,18,10851,51
2002-11-19,2002,11,19,29302,02
2002-11-20,2002,11,20,73597,97
2002-11-21,2002,11,21,44096,96
2002-11-22,2002,11,22,25866,66
2002-11-23,2002,11,23,99704,04
2002-11-24,2002,11,24,42114,14
2002-11-25,2002,11,25,81843,43
2002-11-26,2002,11,26,21132,32
2002-11-27,2002,11,27,76639,39
2002-11-28,2002,11,28,95640,40
2002-11-29,2002,11,29,11115,15
2002-11-30,2002,11,30,33997,97
2002-12-01,2002,12,1,34488,88
2002-12-02,2002,12,2,11233,33
2002-12-03,2002,12,3,81744,44
2002-12-04,2002,12,4,37984,84
2002-12-05,2002,12,5,49131,31
2002-12-06,2002,12,6,00238,38
2002-12-07,2002,12,7,95385,85
2002-12-08,2002,12,8,04111,11
2002-12-09,2002,12,9,97465,65
2002-12-10,2002,12,10,07111,11
2002-12-11,2002,12,11,48454,54
2002-12-12,2002,12,12,84450,50
2002-12-13,2002,12,13,43048,48
2002-12-14,2002,12,14,12850,50
2002-12-15,2002,12,15,53972,72
2002-12-16,2002,12,16,36175,75
2002-12-17,2002,12,17,75514,14
2002-12-18,2002,12,18,42536,36
2002-12-19,2002,12,19,557530,30
2002-12-20,2002,12,20,97141,41
2002-12-21,2002,12,21,40782,82
2002-12-22,2002,12,22,07401,01
2002-12-23,2002,12,23,11476,76
2002-12-24,2002,12,24,02798,98
2002-12-25,2002,12,25,29997,97
2002-12-26,2002,12,26,39569,69
2002-12-27,2002,12,27,85069,69
2002-12-28,2002,12,28,74739,39
2002-12-29,2002,12,29,03355,55
2002-12-30,2002,12,30,51409,09
2002-12-31,2002,12,31,05655,55
2003-01-01,2003,1,1,62617,17
2003-01-02,2003,1,2,07057,57
2003-01-03,2003,1,3,73967,67
2003-01-04,2003,1,4,44166,66
2003-01-05,2003,1,5,38089,89
2003-01-06,2003,1,6,33158,58
2003-01-07,2003,1,7,30551,51
2003-01-08,2003,1,8,94290,90
2003-01-09,2003,1,9,20295,95
2003-01-10,2003,1,10,47090,90
2003-01-11,2003,1,11,04578,78
2003-01-12,2003,1,12,91459,59
2003-01-13,2003,1,13,74750,50
2003-01-14,2003,1,14,67818,18
2003-01-15,2003,1,15,43212,12
2003-01-16,2003,1,16,94967,67
2003-01-17,2003,1,17,28006,06
2003-01-18,2003,1,18,04238,38
2003-01-19,2003,1,19,17599,99
2003-01-20,2003,1,20,32741,41
2003-01-21,2003,1,21,90902,02
2003-01-22,2003,1,22,31406,06
2003-01-23,2003,1,23,61053,53
2003-01-24,2003,1,24,35180,80
2003-01-25,2003,1,25,68611,11
2003-01-26,2003,1,26,54517,17
2003-01-27,2003,1,27,75565,65
2003-01-28,2003,1,28,89302,02
2003-01-29,2003,1,29,54238,38
2003-01-30,2003,1,30,08403,03
2003-02-04,2003,2,4,84383,83
2003-02-05,2003,2,5,95982,82
2003-02-06,2003,2,6,45332,32
2003-02-07,2003,2,7,49281,81
2003-02-08,2003,2,8,36622,22
2003-02-09,2003,2,9,98296,96
2003-02-10,2003,2,10,29074,74
2003-02-11,2003,2,11,14232,32
2003-02-12,2003,2,12,21906,06
2003-02-13,2003,2,13,91940,40
2003-02-14,2003,2,14,06310,10
2003-02-15,2003,2,15,33592,92
2003-02-16,2003,2,16,74490,90
2003-02-17,2003,2,17,05664,64
2003-02-18,2003,2,18,10751,51
2003-02-19,2003,2,19,69489,89
2003-02-20,2003,2,20,37697,97
2003-02-21,2003,2,21,43417,17
2003-02-22,2003,2,22,86959,59
2003-02-23,2003,2,23,93161,61
2003-02-24,2003,2,24,75812,12
2003-02-25,2003,2,25,07962,62
2003-02-26,2003,2,26,97589,89
2003-02-27,2003,2,27,52887,87
2003-02-28,2003,2,28,75008,08
2003-03-01,2003,3,1,76678,78
2003-03-02,2003,3,2,33753,53
2003-03-03,2003,3,3,47520,20
2003-03-04,2003,3,4,70330,30
2003-03-05,2003,3,5,06683,83
2003-03-06,2003,3,6,44568,68
2003-03-07,2003,3,7,21457,57
2003-03-08,2003,3,8,73360,60
2003-03-09,2003,3,9,63789,89
2003-03-10,2003,3,10,58879,79
2003-03-11,2003,3,11,84711,11
2003-03-12,2003,3,12,85015,15
2003-03-13,2003,3,13,20941,41
2003-03-14,2003,3,14,87357,57
2003-03-15,2003,3,15,01023,23
2003-03-16,2003,3,16,13394,94
2003-03-17,2003,3,17,11869,69
2003-03-18,2003,3,18,91777,77
2003-03-19,2003,3,19,79350,50
2003-03-20,2003,3,20,21018,18
2003-03-21,2003,3,21,69852,52
2003-03-22,2003,3,22,61684,84
2003-03-23,2003,3,23,52289,89
2003-03-24,2003,3,24,42880,80
2003-03-25,2003,3,25,69000,00
2003-03-26,2003,3,26,50124,24
2003-03-27,2003,3,27,55788,88
2003-03-28,2003,3,28,26384,84
2003-03-29,2003,3,29,94778,78
2003-03-30,2003,3,30,66608,08
2003-03-31,2003,3,31,25376,76
2003-04-01,2003,4,1,77235,35
2003-04-02,2003,4,2,13940,40
2003-04-03,2003,4,3,81341,41
2003-04-04,2003,4,4,38997,97
2003-04-05,2003,4,5,76448,48
2003-04-06,2003,4,6,81196,96
2003-04-07,2003,4,7,00079,79
2003-04-08,2003,4,8,84244,44
2003-04-09,2003,4,9,51550,50
2003-04-10,2003,4,10,72450,50
2003-04-11,2003,4,11,42168,68
2003-04-12,2003,4,12,80630,30
2003-04-13,2003,4,13,50579,79
2003-04-14,2003,4,14,58328,28
2003-04-15,2003,4,15,22881,81
2003-04-16,2003,4,16,56339,39
2003-04-17,2003,4,17,25226,26
2003-04-18,2003,4,18,93659,59
2003-04-19,2003,4,19,59592,92
2003-04-20,2003,4,20,72262,62
2003-04-21,2003,4,21,89429,29
2003-04-22,2003,4,22,43537,37
2003-04-23,2003,4,23,07164,64
2003-04-24,2003,4,24,30141,41
2003-04-25,2003,4,25,91699,99
2003-04-26,2003,4,26,89535,35
2003-04-27,2003,4,27,23148,48
2003-04-28,2003,4,28,32371,71
2003-04-29,2003,4,29,82090,90
2003-04-30,2003,4,30,62323,23
2003-05-01,2003,5,1,86479,79
2003-05-02,2003,5,2,52854,54
2003-05-03,2003,5,3,26098,98
2003-05-04,2003,5,4,69237,37
2003-05-05,2003,5,5,12864,64
2003-05-06,2003,5,6,94171,71
2003-05-07,2003,5,7,57219,19
2003-05-08,2003,5,8,53514,14
2003-05-09,2003,5,9,41701,01
2003-05-10,2003,5,10,97435,35
2003-05-11,2003,5,11,02615,15
2003-05-12,2003,5,12,71036,36
2003-05-13,2003,5,13,49267,67
2003-05-14,2003,5,14,41567,67
2003-05-15,2003,5,15,22352,52
2003-05-16,2003,5,16,58792,92
2003-05-17,2003,5,17,37866,66
2003-05-18,2003,5,18,89958,58
2003-05-19,2003,5,19,99467,67
2003-05-20,2003,5,20,01832,32
2003-05-21,2003,5,21,47542,42
2003-05-22,2003,5,22,93378,78
2003-05-23,2003,5,23,87328,28
2003-05-24,2003,5,24,08195,95
2003-05-25,2003,5,25,77570,70
2003-05-26,2003,5,26,32809,09
2003-05-27,2003,5,27,86115,15
2003-05-28,2003,5,28,39082,82
2003-05-29,2003,5,29,06794,94
2003-05-30,2003,5,30,65132,32
2003-05-31,2003,5,31,1508,08
2003-06-01,2003,6,1,36641,41
2003-06-02,2003,6,2,85451,51
2003-06-03,2003,6,3,56412,12
2003-06-04,2003,6,4,48997,97
2003-06-05,2003,6,5,71582,82
2003-06-06,2003,6,6,68430,30
2003-06-07,2003,6,7,84032,32
2003-06-08,2003,6,8,72286,86
2003-06-09,2003,6,9,71259,59
2003-06-10,2003,6,10,62150,50
2003-06-11,2003,6,11,15021,21
2003-06-12,2003,6,12,60687,87
2003-06-13,2003,6,13,71924,24
2003-06-14,2003,6,14,73302,02
2003-06-15,2003,6,15,20685,85
2003-06-16,2003,6,16,02246,46
2003-06-17,2003,6,17,96962,62
2003-06-18,2003,6,18,21847,47
2003-06-19,2003,6,19,08847,47
2003-06-20,2003,6,20,77238,38
2003-06-21,2003,6,21,84369,69
2003-06-22,2003,6,22,90946,46
2003-06-23,2003,6,23,19592,92
2003-06-24,2003,6,24,56268,68
2003-06-25,2003,6,25,37636,36
2003-06-26,2003,6,26,03017,17
2003-06-27,2003,6,27,18045,45
2003-06-28,2003,6,28,23390,90
2003-06-29,2003,6,29,42959,59
2003-06-30,2003,6,30,83340,40
2003-07-01,2003,7,1,70699,99
2003-07-02,2003,7,2,52834,34
2003-07-03,2003,7,3,07762,62
2003-07-04,2003,7,4,14165,65
2003-07-05,2003,7,5,91356,56
2003-07-06,2003,7,6,80345,45
2003-07-07,2003,7,7,11269,69
2003-07-08,2003,7,8,82223,23
2003-07-09,2003,7,9,01302,02
2003-07-10,2003,7,10,38221,21
2003-07-11,2003,7,11,63222,22
2003-07-12,2003,7,12,65347,47
2003-07-13,2003,7,13,58829,29
2003-07-14,2003,7,14,84871,71
2003-07-15,2003,7,15,66325,25
2003-07-16,2003,7,16,92131,31
2003-07-17,2003,7,17,61964,64
2003-07-18,2003,7,18,85838,38
2003-07-19,2003,7,19,46882,82
2003-07-20,2003,7,20,32371,71
2003-07-21,2003,7,21,02621,21
2003-07-22,2003,7,22,54135,35
2003-07-23,2003,7,23,58466,66
2003-07-24,2003,7,24,31150,50
2003-07-25,2003,7,25,51616,16
2003-07-26,2003,7,26,29943,43
2003-07-27,2003,7,27,59885,85
2003-07-28,2003,7,28,32026,26
2003-07-29,2003,7,29,68207,07
2003-07-30,2003,7,30,69198,98
2003-07-31,2003,7,31,26029,29
2003-08-01,2003,8,1,45178,78
2003-08-02,2003,8,2,54017,17
2003-08-03,2003,8,3,86039,39
2003-08-04,2003,8,4,12387,87
2003-08-05,2003,8,5,28647,47
2003-08-06,2003,8,6,26176,76
2003-08-07,2003,8,7,73750,50
2003-08-08,2003,8,8,60421,21
2003-08-09,2003,8,9,95443,43
2003-08-10,2003,8,10,11467,67
2003-08-11,2003,8,11,89843,43
2003-08-12,2003,8,12,05349,49
2003-08-13,2003,8,13,16435,35
2003-08-14,2003,8,14,23294,94
2003-08-15,2003,8,15,62299,99
2003-08-16,2003,8,16,93228,28
2003-08-17,2003,8,17,54675,75
2003-08-18,2003,8,18,35629,29
2003-08-19,2003,8,19,43654,54
2003-08-20,2003,8,20,64202,02
2003-08-21,2003,8,21,20733,33
2003-08-22,2003,8,22,10503,03
2003-08-23,2003,8,23,24607,07
2003-08-24,2003,8,24,53114,14
2003-08-25,2003,8,25,01935,35
2003-08-26,2003,8,26,60692,92
2003-08-27,2003,8,27,62989,89
2003-08-28,2003,8,28,54847,47
2003-08-29,2003,8,29,94956,56
2003-08-30,2003,8,30,51583,83
2003-08-31,2003,8,31,07669,69
2003-09-01,2003,9,1,38110,10
2003-09-02,2003,9,2,77344,44
2003-09-03,2003,9,3,19110,10
2003-09-04,2003,9,4,54053,53
2003-09-05,2003,9,5,41520,20
2003-09-06,2003,9,6,53170,70
2003-09-07,2003,9,7,56705,05
2003-09-08,2003,9,8,60733,33
2003-09-09,2003,9,9,45669,69
2003-09-10,2003,9,10,42323,23
2003-09-11,2003,9,11,62977,77
2003-09-12,2003,9,12,70122,22
2003-09-13,2003,9,13,72411,11
2003-09-14,2003,9,14,90836,36
2003-09-15,2003,9,15,02672,72
2003-09-16,2003,9,16,62184,84
2003-09-17,2003,9,17,37473,73
2003-09-18,2003,9,18,93171,71
2003-09-19,2003,9,19,03902,02
2003-09-20,2003,9,20,73703,03
2003-09-21,2003,9,21,08725,25
2003-09-22,2003,9,22,43343,43
2003-09-23,2003,9,23,55621,21
2003-09-24,2003,9,24,20921,21
2003-09-25,2003,9,25,48857,57
2003-09-26,2003,9,26,40723,23
2003-09-27,2003,9,27,72080,80
2003-09-28,2003,9,28,30994,94
2003-09-29,2003,9,29,31623,23
2003-09-30,2003,9,30,76623,23
2003-10-01,2003,10,1,49265,65
2003-10-02,2003,10,2,84587,87
2003-10-03,2003,10,3,23398,98
2003-10-04,2003,10,4,71454,54
2003-10-05,2003,10,5,23580,80
2003-10-06,2003,10,6,72604,04
2003-10-07,2003,10,7,25088,88
2003-10-08,2003,10,8,99437,37
2003-10-09,2003,10,9,09441,41
2003-10-10,2003,10,10,59690,90
2003-10-11,2003,10,11,67819,19
2003-10-12,2003,10,12,89788,88
2003-10-13,2003,10,13,48220,20
2003-10-14,2003,10,14,09405,05
2003-10-15,2003,10,15,76534,34
2003-10-16,2003,10,16,46834,34
2003-10-17,2003,10,17,15053,53
2003-10-18,2003,10,18,14007,07
2003-10-19,2003,10,19,02180,80
2003-10-20,2003,10,20,16764,64
2003-10-21,2003,10,21,10918,18
2003-10-22,2003,10,22,18096,96
2003-10-23,2003,10,23,12478,78
2003-10-24,2003,10,24,60336,36
2003-10-25,2003,10,25,69454,54
2003-10-26,2003,10,26,84310,10
2003-10-27,2003,10,27,64390,90
2003-10-28,2003,10,28,88473,73
2003-10-29,2003,10,29,68939,39
2003-10-30,2003,10,30,13466,66
2003-10-31,2003,10,31,45812,12
2003-11-01,2003,11,1,56735,35
2003-11-02,2003,11,2,77129,29
2003-11-03,2003,11,3,06537,37
2003-11-04,2003,11,4,62817,17
2003-11-05,2003,11,5,84139,39
2003-11-06,2003,11,6,39971,71
2003-11-07,2003,11,7,90737,37
2003-11-08,2003,11,8,61401,01
2003-11-09,2003,11,9,29505,05
2003-11-10,2003,11,10,26642,42
2003-11-11,2003,11,11,93995,95
2003-11-12,2003,11,12,96384,84
2003-11-13,2003,11,13,87172,72
2003-11-14,2003,11,14,94267,67
2003-11-15,2003,11,15,74699,99
2003-11-16,2003,11,16,62399,99
2003-11-17,2003,11,17,29841,41
2003-11-18,2003,11,18,91529,29
2003-11-19,2003,11,19,93912,12
2003-11-20,2003,11,20,32285,85
2003-11-21,2003,11,21,80619,19
2003-11-22,2003,11,22,50691,91
2003-11-23,2003,11,23,32828,28
2003-11-24,2003,11,24,08879,79
2003-11-25,2003,11,25,18001,01
2003-11-26,2003,11,26,27051,51
2003-11-27,2003,11,27,86349,49
2003-11-28,2003,11,28,05721,21
2003-11-29,2003,11,29,10161,61
2003-11-30,2003,11,30,10122,22
2003-12-01,2003,12,1,90161,61
2003-12-02,2003,12,2,10510,10
2003-12-03,2003,12,3,43537,37
2003-12-04,2003,12,4,88903,03
2003-12-05,2003,12,5,22320,20
2003-12-06,2003,12,6,90296,96
2003-12-07,2003,12,7,50169,69
2003-12-08,2003,12,8,49716,16
2003-12-09,2003,12,9,53757,57
2003-12-10,2003,12,10,85829,29
2003-12-11,2003,12,11,83930,30
2003-12-12,2003,12,12,93515,15
2003-12-13,2003,12,13,27963,63
2003-12-14,2003,12,14,95529,29
2003-12-15,2003,12,15,72003,03
2003-12-16,2003,12,16,34993,93
2003-12-17,2003,12,17,04301,01
2003-12-18,2003,12,18,84726,26
2003-12-19,2003,12,19,84311,11
2003-12-20,2003,12,20,54468,68
2003-12-21,2003,12,21,28579,79
2003-12-22,2003,12,22,62570,70
2003-12-23,2003,12,23,57026,26
2003-12-24,2003,12,24,30585,85
2003-12-25,2003,12,25,33284,84
2003-12-26,2003,12,26,61426,26
2003-12-27,2003,12,27,26494,94
2003-12-28,2003,12,28,65087,87
2003-12-29,2003,12,29,57009,09
2003-12-30,2003,12,30,38816,16
2003-12-31,2003,12,31,35817,17
2004-01-01,2004,1,1,83066,66
2004-01-02,2004,1,2,76281,81
2004-01-03,2004,1,3,15878,78
2004-01-04,2004,1,4,94808,08
2004-01-05,2004,1,5,48487,87
2004-01-06,2004,1,6,71973,73
2004-01-07,2004,1,7,09636,36
2004-01-08,2004,1,8,24876,76
2004-01-09,2004,1,9,57743,43
2004-01-10,2004,1,10,10666,66
2004-01-11,2004,1,11,67872,72
2004-01-12,2004,1,12,64783,83
2004-01-13,2004,1,13,58455,55
2004-01-14,2004,1,14,19564,64
2004-01-15,2004,1,15,99449,49
2004-01-16,2004,1,16,17238,38
2004-01-17,2004,1,17,44110,10
2004-01-18,2004,1,18,36967,67
2004-01-19,2004,1,19,49513,13
2004-01-20,2004,1,20,36812,12
2004-01-25,2004,1,25,36395,95
2004-01-26,2004,1,26,67824,24
2004-01-27,2004,1,27,88828,28
2004-01-28,2004,1,28,88681,81
2004-01-29,2004,1,29,80700,00
2004-01-30,2004,1,30,39335,35
2004-01-31,2004,1,31,07411,11
2004-02-01,2004,2,1,73233,33
2004-02-02,2004,2,2,22419,19
2004-02-03,2004,2,3,15729,29
2004-02-04,2004,2,4,60893,93
2004-02-05,2004,2,5,94225,25
2004-02-06,2004,2,6,46331,31
2004-02-07,2004,2,7,85339,39
2004-02-08,2004,2,8,59831,31
2004-02-09,2004,2,9,00198,98
2004-02-10,2004,2,10,56965,65
2004-02-11,2004,2,11,39417,17
2004-02-12,2004,2,12,06253,53
2004-02-13,2004,2,13,64972,72
2004-02-14,2004,2,14,67754,54
2004-02-15,2004,2,15,64329,29
2004-02-16,2004,2,16,18714,14
2004-02-17,2004,2,17,66285,85
2004-02-18,2004,2,18,29700,00
2004-02-19,2004,2,19,15161,61
2004-02-20,2004,2,20,47295,95
2004-02-21,2004,2,21,12467,67
2004-02-22,2004,2,22,98106,06
2004-02-23,2004,2,23,02345,45
2004-02-24,2004,2,24,92054,54
2004-02-25,2004,2,25,51732,32
2004-02-26,2004,2,26,01991,91
2004-02-27,2004,2,27,43156,56
2004-02-28,2004,2,28,89324,24
2004-02-29,2004,2,29,74425,25
2004-03-01,2004,3,1,87705,05
2004-03-02,2004,3,2,41387,87
2004-03-03,2004,3,3,32582,82
2004-03-04,2004,3,4,65502,02
2004-03-05,2004,3,5,60743,43
2004-03-06,2004,3,6,77153,53
2004-03-07,2004,3,7,38979,79
2004-03-08,2004,3,8,29760,60
2004-03-09,2004,3,9,49560,60
2004-03-10,2004,3,10,48929,29
2004-03-11,2004,3,11,94927,27
2004-03-12,2004,3,12,48456,56
2004-03-13,2004,3,13,74188,88
2004-03-14,2004,3,14,17163,63
2004-03-15,2004,3,15,54473,73
2004-03-16,2004,3,16,83461,61
2004-03-17,2004,3,17,67263,63
2004-03-18,2004,3,18,33101,01
2004-03-19,2004,3,19,45452,52
2004-03-20,2004,3,20,47330,30
2004-03-21,2004,3,21,90345,45
2004-03-22,2004,3,22,41217,17
2004-03-23,2004,3,23,33084,84
2004-03-24,2004,3,24,84236,36
2004-03-25,2004,3,25,91543,43
2004-03-26,2004,3,26,02026,26
2004-03-27,2004,3,27,79357,57
2004-03-28,2004,3,28,48859,59
2004-03-29,2004,3,29,49251,51
2004-03-30,2004,3,30,35981,81
2004-03-31,2004,3,31,94634,34
2004-04-01,2004,4,1,85650,50
2004-04-02,2004,4,2,60344,44
2004-04-03,2004,4,3,98103,03
2004-04-04,2004,4,4,45749,49
2004-04-05,2004,4,5,10471,71
2004-04-06,2004,4,6,73973,73
2004-04-07,2004,4,7,70896,96
2004-04-08,2004,4,8,84806,06
2004-04-09,2004,4,9,97898,98
2004-04-10,2004,4,10,82927,27
2004-04-11,2004,4,11,80201,01
2004-04-12,2004,4,12,17724,24
2004-04-13,2004,4,13,06074,74
2004-04-14,2004,4,14,89888,88
2004-04-15,2004,4,15,61344,44
2004-04-16,2004,4,16,50494,94
2004-04-17,2004,4,17,50027,27
2004-04-18,2004,4,18,02550,50
2004-04-19,2004,4,19,31788,88
2004-04-20,2004,4,20,77334,34
2004-04-21,2004,4,21,86865,65
2004-04-22,2004,4,22,55832,32
2004-04-23,2004,4,23,08097,97
2004-04-24,2004,4,24,85741,41
2004-04-25,2004,4,25,31671,71
2004-04-26,2004,4,26,83259,59
2004-04-27,2004,4,27,99824,24
2004-04-28,2004,4,28,20614,14
2004-04-29,2004,4,29,01964,64
2004-04-30,2004,4,30,28442,42
2004-05-01,2004,5,1,24307,07
2004-05-02,2004,5,2,94235,35
2004-05-03,2004,5,3,73571,71
2004-05-04,2004,5,4,88287,87
2004-05-05,2004,5,5,25179,79
2004-05-06,2004,5,6,91468,68
2004-05-07,2004,5,7,05155,55
2004-05-08,2004,5,8,27937,37
2004-05-09,2004,5,9,78937,37
2004-05-10,2004,5,10,46849,49
2004-05-11,2004,5,11,67712,12
2004-05-12,2004,5,12,52310,10
2004-05-13,2004,5,13,15188,88
2004-05-14,2004,5,14,88693,93
2004-05-15,2004,5,15,41090,90
2004-05-16,2004,5,16,27056,56
2004-05-17,2004,5,17,35845,45
2004-05-18,2004,5,18,87005,05
2004-05-19,2004,5,19,52605,05
2004-05-20,2004,5,20,84978,78
2004-05-21,2004,5,21,04708,08
2004-05-22,2004,5,22,51959,59
2004-05-23,2004,5,23,77203,03
2004-05-24,2004,5,24,02254,54
2004-05-25,2004,5,25,89827,27
2004-05-26,2004,5,26,14447,47
2004-05-27,2004,5,27,28765,65
2004-05-28,2004,5,28,65613,13
2004-05-29,2004,5,29,00957,57
2004-05-30,2004,5,30,86687,87
2004-05-31,2004,5,31,04781,81
2004-06-01,2004,6,1,93076,76
2004-06-02,2004,6,2,29770,70
2004-06-03,2004,6,3,09294,94
2004-06-04,2004,6,4,98168,68
2004-06-05,2004,6,5,41077,77
2004-06-06,2004,6,6,83300,00
2004-06-07,2004,6,7,39949,49
2004-06-08,2004,6,8,68286,86
2004-06-09,2004,6,9,05366,66
2004-06-10,2004,6,10,65713,13
2004-06-11,2004,6,11,42256,56
2004-06-12,2004,6,12,79018,18
2004-06-13,2004,6,13,70799,99
2004-06-14,2004,6,14,97819,19
2004-06-15,2004,6,15,82404,04
2004-06-16,2004,6,16,01801,01
2004-06-17,2004,6,17,93296,96
2004-06-18,2004,6,18,38396,96
2004-06-19,2004,6,19,02885,85
2004-06-20,2004,6,20,57193,93
2004-06-21,2004,6,21,18794,94
2004-06-22,2004,6,22,05694,94
2004-06-23,2004,6,23,13454,54
2004-06-24,2004,6,24,71380,80
2004-06-25,2004,6,25,00061,61
2004-06-26,2004,6,26,75382,82
2004-06-27,2004,6,27,33438,38
2004-06-28,2004,6,28,50931,31
2004-06-29,2004,6,29,85093,93
2004-06-30,2004,6,30,73105,05
2004-07-01,2004,7,1,29306,06
2004-07-02,2004,7,2,56703,03
2004-07-03,2004,7,3,88444,44
2004-07-04,2004,7,4,87736,36
2004-07-05,2004,7,5,00423,23
2004-07-06,2004,7,6,93259,59
2004-07-07,2004,7,7,11587,87
2004-07-08,2004,7,8,69223,23
2004-07-09,2004,7,9,26136,36
2004-07-10,2004,7,10,05527,27
2004-07-11,2004,7,11,69996,96
2004-07-12,2004,7,12,57580,80
2004-07-13,2004,7,13,39445,45
2004-07-14,2004,7,14,73495,95
2004-07-15,2004,7,15,88378,78
2004-07-16,2004,7,16,49665,65
2004-07-17,2004,7,17,73726,26
2004-07-18,2004,7,18,59948,48
2004-07-19,2004,7,19,30044,44
2004-07-20,2004,7,20,92513,13
2004-07-21,2004,7,21,55295,95
2004-07-22,2004,7,22,22119,19
2004-07-23,2004,7,23,86180,80
2004-07-24,2004,7,24,97021,21
2004-07-25,2004,7,25,24550,50
2004-07-26,2004,7,26,25579,79
2004-07-27,2004,7,27,33909,09
2004-07-28,2004,7,28,49680,80
2004-07-29,2004,7,29,73403,03
2004-07-30,2004,7,30,56121,21
2004-07-31,2004,7,31,23912,12
2004-08-01,2004,8,1,62060,60
2004-08-02,2004,8,2,59952,52
2004-08-03,2004,8,3,28209,09
2004-08-04,2004,8,4,12595,95
2004-08-05,2004,8,5,58355,55
2004-08-06,2004,8,6,26218,18
2004-08-07,2004,8,7,45076,76
2004-08-08,2004,8,8,24133,33
2004-08-09,2004,8,9,69133,33
2004-08-10,2004,8,10,83954,54
2004-08-11,2004,8,11,94668,68
2004-08-12,2004,8,12,85196,96
2004-08-13,2004,8,13,33019,19
2004-08-14,2004,8,14,84502,02
2004-08-15,2004,8,15,16560,60
2004-08-16,2004,8,16,50311,11
2004-08-17,2004,8,17,55347,47
2004-08-18,2004,8,18,56111,11
2004-08-19,2004,8,19,68304,04
2004-08-20,2004,8,20,27577,77
2004-08-21,2004,8,21,78114,14
2004-08-22,2004,8,22,06492,92
2004-08-23,2004,8,23,92800,00
2004-08-24,2004,8,24,71234,34
2004-08-25,2004,8,25,40172,72
2004-08-26,2004,8,26,49454,54
2004-08-27,2004,8,27,88848,48
2004-08-28,2004,8,28,08537,37
2004-08-29,2004,8,29,91507,07
2004-08-30,2004,8,30,38884,84
2004-08-31,2004,8,31,39968,68
2004-09-01,2004,9,1,92273,73
2004-09-02,2004,9,2,78429,29
2004-09-03,2004,9,3,69517,17
2004-09-04,2004,9,4,93340,40
2004-09-05,2004,9,5,67894,94
2004-09-06,2004,9,6,05216,16
2004-09-07,2004,9,7,94114,14
2004-09-08,2004,9,8,59377,77
2004-09-09,2004,9,9,41130,30
2004-09-10,2004,9,10,11988,88
2004-09-11,2004,9,11,37144,44
2004-09-12,2004,9,12,15249,49
2004-09-13,2004,9,13,70169,69
2004-09-14,2004,9,14,94518,18
2004-09-15,2004,9,15,99518,18
2004-09-16,2004,9,16,42964,64
2004-09-17,2004,9,17,62329,29
2004-09-18,2004,9,18,47909,09
2004-09-19,2004,9,19,42951,51
2004-09-20,2004,9,20,19491,91
2004-09-21,2004,9,21,97624,24
2004-09-22,2004,9,22,00309,09
2004-09-23,2004,9,23,99954,54
2004-09-24,2004,9,24,19438,38
2004-09-25,2004,9,25,36485,85
2004-09-26,2004,9,26,06884,84
2004-09-27,2004,9,27,36967,67
2004-09-28,2004,9,28,91329,29
2004-09-29,2004,9,29,92221,21
2004-09-30,2004,9,30,72913,13
2004-10-01,2004,10,1,70257,57
2004-10-02,2004,10,2,87881,81
2004-10-03,2004,10,3,19676,76
2004-10-04,2004,10,4,37347,47
2004-10-05,2004,10,5,66439,39
2004-10-06,2004,10,6,81021,21
2004-10-07,2004,10,7,83379,79
2004-10-08,2004,10,8,57930,30
2004-10-09,2004,10,9,48479,79
2004-10-10,2004,10,10,75469,69
2004-10-11,2004,10,11,14516,16
2004-10-12,2004,10,12,39609,09
2004-10-13,2004,10,13,05117,17
2004-10-14,2004,10,14,41045,45
2004-10-15,2004,10,15,76482,82
2004-10-16,2004,10,16,30860,60
2004-10-17,2004,10,17,95302,02
2004-10-18,2004,10,18,39434,34
2004-10-19,2004,10,19,07060,60
2004-10-20,2004,10,20,97338,38
2004-10-21,2004,10,21,38377,77
2004-10-22,2004,10,22,68900,00
2004-10-23,2004,10,23,76161,61
2004-10-24,2004,10,24,45218,18
2004-10-25,2004,10,25,16150,50
2004-10-26,2004,10,26,24558,58
2004-10-27,2004,10,27,45995,95
2004-10-28,2004,10,28,46984,84
2004-10-29,2004,10,29,98461,61
2004-10-30,2004,10,30,93997,97
2004-10-31,2004,10,31,69341,41
2004-11-01,2004,11,1,55142,42
2004-11-02,2004,11,2,39616,16
2004-11-03,2004,11,3,27373,73
2004-11-04,2004,11,4,95201,01
2004-11-05,2004,11,5,71136,36
2004-11-06,2004,11,6,16066,66
2004-11-07,2004,11,7,02549,49
2004-11-08,2004,11,8,73287,87
2004-11-09,2004,11,9,94178,78
2004-11-10,2004,11,10,67239,39
2004-11-11,2004,11,11,33767,67
2004-11-12,2004,11,12,09980,80
2004-11-13,2004,11,13,82714,14
2004-11-14,2004,11,14,16968,68
2004-11-15,2004,11,15,01651,51
2004-11-16,2004,11,16,22315,15
2004-11-17,2004,11,17,02950,50
2004-11-18,2004,11,18,14849,49
2004-11-19,2004,11,19,99148,48
2004-11-20,2004,11,20,35656,56
2004-11-21,2004,11,21,71781,81
2004-11-22,2004,11,22,17431,31
2004-11-23,2004,11,23,15482,82
2004-11-24,2004,11,24,21705,05
2004-11-25,2004,11,25,86280,80
2004-11-26,2004,11,26,90198,98
2004-11-27,2004,11,27,92382,82
2004-11-28,2004,11,28,71494,94
2004-11-29,2004,11,29,60864,64
2004-11-30,2004,11,30,45183,83
2004-12-01,2004,12,1,27115,15
2004-12-02,2004,12,2,77994,94
2004-12-03,2004,12,3,68584,84
2004-12-04,2004,12,4,05701,01
2004-12-05,2004,12,5,64893,93
2004-12-06,2004,12,6,11041,41
2004-12-07,2004,12,7,19290,90
2004-12-08,2004,12,8,70642,42
2004-12-09,2004,12,9,28332,32
2004-12-10,2004,12,10,02250,50
2004-12-11,2004,12,11,21489,89
2004-12-12,2004,12,12,09058,58
2004-12-13,2004,12,13,10125,25
2004-12-14,2004,12,14,72689,89
2004-12-15,2004,12,15,23280,80
2004-12-16,2004,12,16,51893,93
2004-12-17,2004,12,17,85272,72
2004-12-18,2004,12,18,43532,32
2004-12-19,2004,12,19,44675,75
2004-12-20,2004,12,20,08393,93
2004-12-21,2004,12,21,79276,76
2004-12-22,2004,12,22,14984,84
2004-12-23,2004,12,23,67661,61
2004-12-24,2004,12,24,44339,39
2004-12-25,2004,12,25,07919,19
2004-12-26,2004,12,26,02574,74
2004-12-27,2004,12,27,20790,90
2004-12-28,2004,12,28,51352,52
2004-12-29,2004,12,29,23626,26
2004-12-30,2004,12,30,62776,76
2004-12-31,2004,12,31,72730,30
2005-01-01,2005,1,1,81381,81
2005-01-02,2005,1,2,65629,29
2005-01-03,2005,1,3,36268,68
2005-01-04,2005,1,4,72253,53
2005-01-05,2005,1,5,28803,03
2005-01-06,2005,1,6,92955,55
2005-01-07,2005,1,7,39270,70
2005-01-08,2005,1,8,85415,15
2005-01-09,2005,1,9,32560,60
2005-01-10,2005,1,10,65730,30
2005-01-11,2005,1,11,05771,71
2005-01-12,2005,1,12,92353,53
2005-01-13,2005,1,13,99780,80
2005-01-14,2005,1,14,74604,04
2005-01-15,2005,1,15,99024,24
2005-01-16,2005,1,16,43592,92
2005-01-17,2005,1,17,22715,15
2005-01-18,2005,1,18,08569,69
2005-01-19,2005,1,19,49317,17
2005-01-20,2005,1,20,88619,19
2005-01-21,2005,1,21,95528,28
2005-01-22,2005,1,22,58495,95
2005-01-23,2005,1,23,94121,21
2005-01-24,2005,1,24,61083,83
2005-01-25,2005,1,25,34437,37
2005-01-26,2005,1,26,97368,68
2005-01-27,2005,1,27,72697,97
2005-01-28,2005,1,28,59143,43
2005-01-29,2005,1,29,15198,98
2005-01-30,2005,1,30,87832,32
2005-01-31,2005,1,31,70691,91
2005-02-01,2005,2,1,90185,85
2005-02-02,2005,2,2,35345,45
2005-02-03,2005,2,3,03928,28
2005-02-04,2005,2,4,12586,86
2005-02-05,2005,2,5,80123,23
2005-02-06,2005,2,6,07684,84
2005-02-07,2005,2,7,96574,74
2005-02-10,2005,2,10,17014,14
2005-02-11,2005,2,11,53776,76
2005-02-12,2005,2,12,42481,81
2005-02-13,2005,2,13,68920,20
2005-02-14,2005,2,14,06450,50
2005-02-15,2005,2,15,51681,81
2005-02-16,2005,2,16,53583,83
2005-02-17,2005,2,17,23506,06
2005-02-18,2005,2,18,70481,81
2005-02-19,2005,2,19,81916,16
2005-02-20,2005,2,20,04901,01
2005-02-21,2005,2,21,49502,02
2005-02-22,2005,2,22,22157,57
2005-02-23,2005,2,23,63235,35
2005-02-24,2005,2,24,97738,38
2005-02-25,2005,2,25,15581,81
2005-02-26,2005,2,26,53766,66
2005-02-27,2005,2,27,22221,21
2005-02-28,2005,2,28,64034,34
2005-03-01,2005,3,1,75427,27
2005-03-02,2005,3,2,86389,89
2005-03-03,2005,3,3,40507,07
2005-03-04,2005,3,4,27910,10
2005-03-05,2005,3,5,76753,53
2005-03-06,2005,3,6,21958,58
2005-03-07,2005,3,7,14142,42
2005-03-08,2005,3,8,06805,05
2005-03-09,2005,3,9,84376,76
2005-03-10,2005,3,10,29043,43
2005-03-11,2005,3,11,14880,80
2005-03-12,2005,3,12,75307,07
2005-03-13,2005,3,13,85755,55
2005-03-14,2005,3,14,54000,00
2005-03-15,2005,3,15,38085,85
2005-03-16,2005,3,16,65930,30
2005-03-17,2005,3,17,32625,25
2005-03-18,2005,3,18,29231,31
2005-03-19,2005,3,19,80701,01
2005-03-20,2005,3,20,25682,82
2005-03-21,2005,3,21,40375,75
2005-03-22,2005,3,22,06635,35
2005-03-23,2005,3,23,52191,91
2005-03-24,2005,3,24,06859,59
2005-03-25,2005,3,25,68710,10
2005-03-26,2005,3,26,35042,42
2005-03-27,2005,3,27,90861,61
2005-03-28,2005,3,28,38722,22
2005-03-29,2005,3,29,37916,16
2005-03-30,2005,3,30,81632,32
2005-03-31,2005,3,31,82356,56
2005-04-01,2005,4,1,64930,30
2005-04-02,2005,4,2,42868,68
2005-04-03,2005,4,3,59481,81
2005-04-04,2005,4,4,17333,33
2005-04-05,2005,4,5,62501,01
2005-04-06,2005,4,6,93103,03
2005-04-07,2005,4,7,99046,46
2005-04-08,2005,4,8,76253,53
2005-04-09,2005,4,9,96887,87
2005-04-10,2005,4,10,73014,14
2005-04-11,2005,4,11,98780,80
2005-04-12,2005,4,12,55882,82
2005-04-13,2005,4,13,45258,58
2005-04-14,2005,4,14,52885,85
2005-04-15,2005,4,15,47795,95
2005-04-16,2005,4,16,77010,10
2005-04-17,2005,4,17,38049,49
2005-04-18,2005,4,18,50951,51
2005-04-19,2005,4,19,68639,39
2005-04-20,2005,4,20,68889,89
2005-04-21,2005,4,21,42861,61
2005-04-22,2005,4,22,77245,45
2005-04-23,2005,4,23,34133,33
2005-04-24,2005,4,24,36852,52
2005-04-25,2005,4,25,44922,22
2005-04-26,2005,4,26,02020,20
2005-04-27,2005,4,27,15566,66
2005-04-28,2005,4,28,57568,68
2005-04-29,2005,4,29,22410,10
2005-04-30,2005,4,30,56306,06
2005-05-01,2005,5,1,00032,32
2005-05-02,2005,5,2,67119,19
2005-05-03,2005,5,3,00717,17
2005-05-04,2005,5,4,38916,16
2005-05-05,2005,5,5,64516,16
2005-05-06,2005,5,6,70375,75
2005-05-07,2005,5,7,38340,40
2005-05-08,2005,5,8,56514,14
2005-05-09,2005,5,9,24829,29
2005-05-10,2005,5,10,25355,55
2005-05-11,2005,5,11,31884,84
2005-05-12,2005,5,12,71400,00
2005-05-13,2005,5,13,14461,61
2005-05-14,2005,5,14,92098,98
2005-05-15,2005,5,15,94957,57
2005-05-16,2005,5,16,33242,42
2005-05-17,2005,5,17,11596,96
2005-05-18,2005,5,18,36139,39
2005-05-19,2005,5,19,44154,54
2005-05-20,2005,5,20,66311,11
2005-05-21,2005,5,21,28168,68
2005-05-22,2005,5,22,46837,37
2005-05-23,2005,5,23,96959,59
2005-05-24,2005,5,24,51489,89
2005-05-25,2005,5,25,66676,76
2005-05-26,2005,5,26,33943,43
2005-05-27,2005,5,27,97247,47
2005-05-28,2005,5,28,60401,01
2005-05-29,2005,5,29,33001,01
2005-05-30,2005,5,30,32453,53
2005-05-31,2005,5,31,25972,72
2005-06-01,2005,6,1,44950,50
2005-06-02,2005,6,2,74443,43
2005-06-03,2005,6,3,76063,63
2005-06-04,2005,6,4,43508,08
2005-06-05,2005,6,5,02303,03
2005-06-06,2005,6,6,05718,18
2005-06-07,2005,6,7,18539,39
2005-06-08,2005,6,8,87584,84
2005-06-09,2005,6,9,89332,32
2005-06-10,2005,6,10,39671,71
2005-06-11,2005,6,11,38401,01
2005-06-12,2005,6,12,20283,83
2005-06-13,2005,6,13,91448,48
2005-06-14,2005,6,14,07230,30
2005-06-15,2005,6,15,72458,58
2005-06-16,2005,6,16,04692,92
2005-06-17,2005,6,17,28645,45
2005-06-18,2005,6,18,05005,05
2005-06-19,2005,6,19,67132,32
2005-06-20,2005,6,20,44194,94
2005-06-21,2005,6,21,52742,42
2005-06-22,2005,6,22,49842,42
2005-06-23,2005,6,23,15455,55
2005-06-24,2005,6,24,54539,39
2005-06-25,2005,6,25,20482,82
2005-06-26,2005,6,26,29224,24
2005-06-27,2005,6,27,84396,96
2005-06-28,2005,6,28,31517,17
2005-06-29,2005,6,29,16786,86
2005-06-30,2005,6,30,20836,36
2005-07-01,2005,7,1,24722,22
2005-07-02,2005,7,2,14922,22
2005-07-03,2005,7,3,20546,46
2005-07-04,2005,7,4,93735,35
2005-07-05,2005,7,5,66581,81
2005-07-06,2005,7,6,07718,18
2005-07-07,2005,7,7,93591,91
2005-07-08,2005,7,8,00200,00
2005-07-09,2005,7,9,31073,73
2005-07-10,2005,7,10,63349,49
2005-07-11,2005,7,11,48345,45
2005-07-12,2005,7,12,99402,02
2005-07-13,2005,7,13,68065,65
2005-07-14,2005,7,14,90920,20
2005-07-15,2005,7,15,44961,61
2005-07-16,2005,7,16,21488,88
2005-07-17,2005,7,17,09464,64
2005-07-18,2005,7,18,68965,65
2005-07-19,2005,7,19,78993,93
2005-07-20,2005,7,20,54407,07
2005-07-21,2005,7,21,94274,74
2005-07-22,2005,7,22,52174,74
2005-07-23,2005,7,23,88609,09
2005-07-24,2005,7,24,80411,11
2005-07-25,2005,7,25,90260,60
2005-07-26,2005,7,26,06717,17
2005-07-27,2005,7,27,85994,94
2005-07-28,2005,7,28,99167,67
2005-07-29,2005,7,29,62963,63
2005-07-30,2005,7,30,66102,02
2005-07-31,2005,7,31,84370,70
2005-08-01,2005,8,1,33422,22
2005-08-02,2005,8,2,83214,14
2005-08-03,2005,8,3,96208,08
2005-08-04,2005,8,4,63867,67
2005-08-05,2005,8,5,37046,46
2005-08-06,2005,8,6,50047,47
2005-08-07,2005,8,7,22927,27
2005-08-08,2005,8,8,99926,26
2005-08-09,2005,8,9,00651,51
2005-08-10,2005,8,10,14405,05
2005-08-11,2005,8,11,11055,55
2005-08-12,2005,8,12,08878,78
2005-08-13,2005,8,13,59595,95
2005-08-14,2005,8,14,92519,19
2005-08-15,2005,8,15,99092,92
2005-08-16,2005,8,16,99656,56
2005-08-17,2005,8,17,11369,69
2005-08-18,2005,8,18,97617,17
2005-08-19,2005,8,19,25053,53
2005-08-20,2005,8,20,47449,49
2005-08-21,2005,8,21,42373,73
2005-08-22,2005,8,22,69114,14
2005-08-23,2005,8,23,22888,88
2005-08-24,2005,8,24,69773,73
2005-08-25,2005,8,25,15025,25
2005-08-26,2005,8,26,33518,18
2005-08-27,2005,8,27,07288,88
2005-08-28,2005,8,28,83404,04
2005-08-29,2005,8,29,13927,27
2005-08-30,2005,8,30,85382,82
2005-08-31,2005,8,31,55162,62
2005-09-01,2005,9,1,17856,56
2005-09-02,2005,9,2,79853,53
2005-09-03,2005,9,3,23095,95
2005-09-04,2005,9,4,64267,67
2005-09-05,2005,9,5,52554,54
2005-09-06,2005,9,6,02993,93
2005-09-07,2005,9,7,84338,38
2005-09-08,2005,9,8,67483,83
2005-09-09,2005,9,9,57658,58
2005-09-10,2005,9,10,36300,00
2005-09-11,2005,9,11,23516,16
2005-09-12,2005,9,12,37192,92
2005-09-13,2005,9,13,69796,96
2005-09-14,2005,9,14,76956,56
2005-09-15,2005,9,15,19971,71
2005-09-16,2005,9,16,33106,06
2005-09-17,2005,9,17,12477,77
2005-09-18,2005,9,18,07621,21
2005-09-19,2005,9,19,42218,18
2005-09-20,2005,9,20,27098,98
2005-09-21,2005,9,21,35710,10
2005-09-22,2005,9,22,12647,47
2005-09-23,2005,9,23,57263,63
2005-09-24,2005,9,24,86514,14
2005-09-25,2005,9,25,65907,07
2005-09-26,2005,9,26,89241,41
2005-09-27,2005,9,27,47279,79
2005-09-28,2005,9,28,71607,07
2005-09-29,2005,9,29,95964,64
2005-09-30,2005,9,30,62571,71
2005-10-01,2005,10,1,34584,84
2005-10-02,2005,10,2,50058,58
2005-10-03,2005,10,3,46814,14
2005-10-04,2005,10,4,32563,63
2005-10-05,2005,10,5,09852,52
2005-10-06,2005,10,6,35371,71
2005-10-07,2005,10,7,95380,80
2005-10-08,2005,10,8,45626,26
2005-10-09,2005,10,9,12393,93
2005-10-10,2005,10,10,75293,93
2005-10-11,2005,10,11,00966,66
2005-10-12,2005,10,12,18862,62
2005-10-13,2005,10,13,38426,26
2005-10-14,2005,10,14,78896,96
2005-10-15,2005,10,15,58920,20
2005-10-16,2005,10,16,31335,35
2005-10-17,2005,10,17,49408,08
2005-10-18,2005,10,18,99663,63
2005-10-19,2005,10,19,86332,32
2005-10-20,2005,10,20,04269,69
2005-10-21,2005,10,21,59403,03
2005-10-22,2005,10,22,08310,10
2005-10-23,2005,10,23,69886,86
2005-10-24,2005,10,24,07114,14
2005-10-25,2005,10,25,25734,34
2005-10-26,2005,10,26,31791,91
2005-10-27,2005,10,27,79406,06
2005-10-28,2005,10,28,54238,38
2005-10-29,2005,10,29,27483,83
2005-10-30,2005,10,30,78585,85
2005-10-31,2005,10,31,23764,64
2005-11-01,2005,11,1,09946,46
2005-11-02,2005,11,2,47678,78
2005-11-03,2005,11,3,46216,16
2005-11-04,2005,11,4,06615,15
2005-11-05,2005,11,5,60256,56
2005-11-06,2005,11,6,84464,64
2005-11-07,2005,11,7,24795,95
2005-11-08,2005,11,8,84860,60
2005-11-09,2005,11,9,43990,90
2005-11-10,2005,11,10,72718,18
2005-11-11,2005,11,11,77533,33
2005-11-12,2005,11,12,85287,87
2005-11-13,2005,11,13,28979,79
2005-11-14,2005,11,14,83519,19
2005-11-15,2005,11,15,57506,06
2005-11-16,2005,11,16,13114,14
2005-11-17,2005,11,17,74793,93
2005-11-18,2005,11,18,94294,94
2005-11-19,2005,11,19,10230,30
2005-11-20,2005,11,20,22003,03
2005-11-21,2005,11,21,74081,81
2005-11-22,2005,11,22,34300,00
2005-11-23,2005,11,23,95008,08
2005-11-24,2005,11,24,74258,58
2005-11-25,2005,11,25,03464,64
2005-11-26,2005,11,26,09008,08
2005-11-27,2005,11,27,67471,71
2005-11-28,2005,11,28,89348,48
2005-11-29,2005,11,29,09824,24
2005-11-30,2005,11,30,74087,87
2005-12-01,2005,12,1,15508,08
2005-12-02,2005,12,2,19624,24
2005-12-03,2005,12,3,29411,11
2005-12-04,2005,12,4,80004,04
2005-12-05,2005,12,5,75026,26
2005-12-06,2005,12,6,75343,43
2005-12-07,2005,12,7,83110,10
2005-12-08,2005,12,8,72225,25
2005-12-09,2005,12,9,61217,17
2005-12-10,2005,12,10,91298,98
2005-12-11,2005,12,11,45352,52
2005-12-12,2005,12,12,55418,18
2005-12-13,2005,12,13,14938,38
2005-12-14,2005,12,14,17124,24
2005-12-15,2005,12,15,24605,05
2005-12-16,2005,12,16,28448,48
2005-12-17,2005,12,17,36066,66
2005-12-18,2005,12,18,95323,23
2005-12-19,2005,12,19,93886,86
2005-12-20,2005,12,20,35292,92
2005-12-21,2005,12,21,45087,87
2005-12-22,2005,12,22,76127,27
2005-12-23,2005,12,23,21345,45
2005-12-24,2005,12,24,65520,20
2005-12-25,2005,12,25,41252,52
2005-12-26,2005,12,26,44991,91
2005-12-27,2005,12,27,09778,78
2005-12-28,2005,12,28,64632,32
2005-12-29,2005,12,29,99368,68
2005-12-30,2005,12,30,48190,90
2005-12-31,2005,12,31,84069,69
2006-01-01,2006,1,1,26850,50
2006-01-02,2006,1,2,99465,65
2006-01-03,2006,1,3,66962,62
2006-01-04,2006,1,4,67400,00
2006-01-05,2006,1,5,23748,48
2006-01-06,2006,1,6,45172,72
2006-01-07,2006,1,7,51647,47
2006-01-08,2006,1,8,30779,79
2006-01-09,2006,1,9,25322,22
2006-01-10,2006,1,10,26491,91
2006-01-11,2006,1,11,46333,33
2006-01-12,2006,1,12,65327,27
2006-01-13,2006,1,13,03188,88
2006-01-14,2006,1,14,98421,21
2006-01-15,2006,1,15,48258,58
2006-01-16,2006,1,16,19007,07
2006-01-17,2006,1,17,58265,65
2006-01-18,2006,1,18,54174,74
2006-01-19,2006,1,19,96100,00
2006-01-20,2006,1,20,10418,18
2006-01-21,2006,1,21,99791,91
2006-01-22,2006,1,22,46312,12
2006-01-23,2006,1,23,46512,12
2006-01-24,2006,1,24,46319,19
2006-01-25,2006,1,25,10303,03
2006-01-26,2006,1,26,37516,16
2006-01-27,2006,1,27,96885,85
2006-01-30,2006,1,30,13128,28
2006-01-31,2006,1,31,94868,68
2006-02-01,2006,2,1,70134,34
2006-02-02,2006,2,2,12607,07
2006-02-03,2006,2,3,90538,38
2006-02-04,2006,2,4,89913,13
2006-02-05,2006,2,5,58189,89
2006-02-06,2006,2,6,55857,57
2006-02-07,2006,2,7,25681,81
2006-02-08,2006,2,8,52808,08
2006-02-09,2006,2,9,97239,39
2006-02-10,2006,2,10,61803,03
2006-02-11,2006,2,11,30760,60
2006-02-12,2006,2,12,78278,78
2006-02-13,2006,2,13,13103,03
2006-02-14,2006,2,14,04643,43
2006-02-15,2006,2,15,58730,30
2006-02-16,2006,2,16,00426,26
2006-02-17,2006,2,17,18932,32
2006-02-18,2006,2,18,72766,66
2006-02-19,2006,2,19,61777,77
2006-02-20,2006,2,20,67700,00
2006-02-21,2006,2,21,92091,91
2006-02-22,2006,2,22,24165,65
2006-02-23,2006,2,23,15758,58
2006-02-24,2006,2,24,17805,05
2006-02-25,2006,2,25,91484,84
2006-02-26,2006,2,26,61779,79
2006-02-27,2006,2,27,66912,12
2006-02-28,2006,2,28,04909,09
2006-03-01,2006,3,1,12705,05
2006-03-02,2006,3,2,26526,26
2006-03-03,2006,3,3,24024,24
2006-03-04,2006,3,4,85160,60
2006-03-05,2006,3,5,16356,56
2006-03-06,2006,3,6,71676,76
2006-03-07,2006,3,7,64242,42
2006-03-08,2006,3,8,94246,46
2006-03-09,2006,3,9,45201,01
2006-03-10,2006,3,10,73410,10
2006-03-11,2006,3,11,68629,29
2006-03-12,2006,3,12,06903,03
2006-03-13,2006,3,13,70509,09
2006-03-14,2006,3,14,78556,56
2006-03-15,2006,3,15,73428,28
2006-03-16,2006,3,16,42919,19
2006-03-17,2006,3,17,37670,70
2006-03-18,2006,3,18,75045,45
2006-03-19,2006,3,19,03744,44
2006-03-20,2006,3,20,84630,30
2006-03-21,2006,3,21,04008,08
2006-03-22,2006,3,22,79248,48
2006-03-23,2006,3,23,37844,44
2006-03-24,2006,3,24,54200,00
2006-03-25,2006,3,25,25443,43
2006-03-26,2006,3,26,16846,46
2006-03-27,2006,3,27,28952,52
2006-03-28,2006,3,28,83043,43
2006-03-29,2006,3,29,17011,11
2006-03-30,2006,3,30,87530,30
2006-03-31,2006,3,31,77592,92
2006-04-01,2006,4,1,21042,42
2006-04-02,2006,4,2,06163,63
2006-04-03,2006,4,3,24385,85
2006-04-04,2006,4,4,67216,16
2006-04-05,2006,4,5,46685,85
2006-04-06,2006,4,6,08483,83
2006-04-07,2006,4,7,17185,85
2006-04-08,2006,4,8,82006,06
2006-04-09,2006,4,9,13369,69
2006-04-10,2006,4,10,96977,77
2006-04-11,2006,4,11,89477,77
2006-04-12,2006,4,12,47370,70
2006-04-13,2006,4,13,16762,62
2006-04-14,2006,4,14,40744,44
2006-04-15,2006,4,15,53647,47
2006-04-16,2006,4,16,55238,38
2006-04-17,2006,4,17,92132,32
2006-04-18,2006,4,18,99015,15
2006-04-19,2006,4,19,57407,07
2006-04-20,2006,4,20,01114,14
2006-04-21,2006,4,21,14746,46
2006-04-22,2006,4,22,93342,42
2006-04-23,2006,4,23,71701,01
2006-04-24,2006,4,24,70954,54
2006-04-25,2006,4,25,76394,94
2006-04-26,2006,4,26,73273,73
2006-04-27,2006,4,27,22169,69
2006-04-28,2006,4,28,68910,10
2006-04-29,2006,4,29,67890,90
2006-04-30,2006,4,30,54381,81
2006-05-01,2006,5,1,60285,85
2006-05-02,2006,5,2,75683,83
2006-05-03,2006,5,3,85112,12
2006-05-04,2006,5,4,34152,52
2006-05-05,2006,5,5,40201,01
2006-05-06,2006,5,6,45046,46
2006-05-07,2006,5,7,37445,45
2006-05-08,2006,5,8,13509,09
2006-05-09,2006,5,9,77934,34
2006-05-10,2006,5,10,46759,59
2006-05-11,2006,5,11,44170,70
2006-05-12,2006,5,12,59782,82
2006-05-13,2006,5,13,79467,67
2006-05-14,2006,5,14,05441,41
2006-05-15,2006,5,15,63784,84
2006-05-16,2006,5,16,23982,82
2006-05-17,2006,5,17,42520,20
2006-05-18,2006,5,18,51235,35
2006-05-19,2006,5,19,12524,24
2006-05-20,2006,5,20,04877,77
2006-05-21,2006,5,21,20802,02
2006-05-22,2006,5,22,82533,33
2006-05-23,2006,5,23,01641,41
2006-05-24,2006,5,24,77563,63
2006-05-25,2006,5,25,98555,55
2006-05-26,2006,5,26,29464,64
2006-05-27,2006,5,27,29581,81
2006-05-28,2006,5,28,19308,08
2006-05-29,2006,5,29,40283,83
2006-05-30,2006,5,30,15905,05
2006-05-31,2006,5,31,73083,83
2006-06-01,2006,6,1,96500,00
2006-06-02,2006,6,2,22580,80
2006-06-03,2006,6,3,23542,42
2006-06-04,2006,6,4,09760,60
2006-06-05,2006,6,5,11189,89
2006-06-06,2006,6,6,68751,51
2006-06-07,2006,6,7,05593,93
2006-06-08,2006,6,8,92871,71
2006-06-09,2006,6,9,39211,11
2006-06-10,2006,6,10,05160,60
2006-06-11,2006,6,11,41492,92
2006-06-12,2006,6,12,52292,92
2006-06-13,2006,6,13,33402,02
2006-06-14,2006,6,14,14877,77
2006-06-15,2006,6,15,83932,32
2006-06-16,2006,6,16,75552,52
2006-06-17,2006,6,17,10978,78
2006-06-18,2006,6,18,36654,54
2006-06-19,2006,6,19,20501,01
2006-06-20,2006,6,20,74514,14
2006-06-21,2006,6,21,21386,86
2006-06-22,2006,6,22,33873,73
2006-06-23,2006,6,23,85429,29
2006-06-24,2006,6,24,83410,10
2006-06-25,2006,6,25,49126,26
2006-06-26,2006,6,26,97844,44
2006-06-27,2006,6,27,84753,53
2006-06-28,2006,6,28,25029,29
2006-06-29,2006,6,29,84695,95
2006-06-30,2006,6,30,59067,67
2006-07-01,2006,7,1,80526,26
2006-07-02,2006,7,2,59455,55
2006-07-03,2006,7,3,47925,25
2006-07-04,2006,7,4,99704,04
2006-07-05,2006,7,5,92067,67
2006-07-06,2006,7,6,93542,42
2006-07-07,2006,7,7,95196,96
2006-07-08,2006,7,8,83823,23
2006-07-09,2006,7,9,61902,02
2006-07-10,2006,7,10,18829,29
2006-07-11,2006,7,11,55332,32
2006-07-12,2006,7,12,75686,86
2006-07-13,2006,7,13,63680,80
2006-07-14,2006,7,14,93760,60
2006-07-15,2006,7,15,16504,04
2006-07-16,2006,7,16,25048,48
2006-07-17,2006,7,17,98153,53
2006-07-18,2006,7,18,80541,41
2006-07-19,2006,7,19,83073,73
2006-07-20,2006,7,20,96754,54
2006-07-21,2006,7,21,07210,10
2006-07-22,2006,7,22,61227,27
2006-07-23,2006,7,23,49657,57
2006-07-24,2006,7,24,62385,85
2006-07-25,2006,7,25,68361,61
2006-07-26,2006,7,26,08890,90
2006-07-27,2006,7,27,11405,05
2006-07-28,2006,7,28,34371,71
2006-07-29,2006,7,29,32031,31
2006-07-30,2006,7,30,77153,53
2006-07-31,2006,7,31,62094,94
2006-08-01,2006,8,1,10502,02
2006-08-02,2006,8,2,92354,54
2006-08-03,2006,8,3,12765,65
2006-08-04,2006,8,4,91448,48
2006-08-05,2006,8,5,38172,72
2006-08-06,2006,8,6,84582,82
2006-08-07,2006,8,7,46066,66
2006-08-08,2006,8,8,06813,13
2006-08-09,2006,8,9,67967,67
2006-08-10,2006,8,10,42008,08
2006-08-11,2006,8,11,51661,61
2006-08-12,2006,8,12,14547,47
2006-08-13,2006,8,13,80707,07
2006-08-14,2006,8,14,84546,46
2006-08-15,2006,8,15,54084,84
2006-08-16,2006,8,16,61469,69
2006-08-17,2006,8,17,84688,88
2006-08-18,2006,8,18,74016,16
2006-08-19,2006,8,19,56889,89
2006-08-20,2006,8,20,29753,53
2006-08-21,2006,8,21,02144,44
2006-08-22,2006,8,22,10540,40
2006-08-23,2006,8,23,63951,51
2006-08-24,2006,8,24,83190,90
2006-08-25,2006,8,25,72934,34
2006-08-26,2006,8,26,82328,28
2006-08-27,2006,8,27,59623,23
2006-08-28,2006,8,28,21999,99
2006-08-29,2006,8,29,22965,65
2006-08-30,2006,8,30,67985,85
2006-08-31,2006,8,31,02239,39
2006-09-01,2006,9,1,95335,35
2006-09-02,2006,9,2,68413,13
2006-09-03,2006,9,3,48979,79
2006-09-04,2006,9,4,72620,20
2006-09-05,2006,9,5,59626,26
2006-09-06,2006,9,6,14413,13
2006-09-07,2006,9,7,47814,14
2006-09-08,2006,9,8,55728,28
2006-09-09,2006,9,9,88323,23
2006-09-10,2006,9,10,54601,01
2006-09-11,2006,9,11,98084,84
2006-09-12,2006,9,12,03501,01
2006-09-13,2006,9,13,83000,00
2006-09-14,2006,9,14,91532,32
2006-09-15,2006,9,15,95339,39
2006-09-16,2006,9,16,38599,99
2006-09-17,2006,9,17,16469,69
2006-09-18,2006,9,18,81576,76
2006-09-19,2006,9,19,64130,30
2006-09-20,2006,9,20,00173,73
2006-09-21,2006,9,21,62197,97
2006-09-22,2006,9,22,20723,23
2006-09-23,2006,9,23,80385,85
2006-09-24,2006,9,24,70510,10
2006-09-25,2006,9,25,00537,37
2006-09-26,2006,9,26,81476,76
2006-09-27,2006,9,27,80442,42
2006-09-28,2006,9,28,03636,36
2006-09-29,2006,9,29,05384,84
2006-09-30,2006,9,30,53949,49
2006-10-01,2006,10,1,45009,09
2006-10-02,2006,10,2,67627,27
2006-10-03,2006,10,3,65679,79
2006-10-04,2006,10,4,79270,70
2006-10-05,2006,10,5,96351,51
2006-10-06,2006,10,6,31897,97
2006-10-07,2006,10,7,97751,51
2006-10-08,2006,10,8,89221,21
2006-10-09,2006,10,9,62953,53
2006-10-10,2006,10,10,67322,22
2006-10-11,2006,10,11,39447,47
2006-10-12,2006,10,12,73180,80
2006-10-13,2006,10,13,27652,52
2006-10-14,2006,10,14,93101,01
2006-10-15,2006,10,15,03712,12
2006-10-16,2006,10,16,13131,31
2006-10-17,2006,10,17,57300,00
2006-10-18,2006,10,18,09584,84
2006-10-19,2006,10,19,76712,12
2006-10-20,2006,10,20,96088,88
2006-10-21,2006,10,21,66453,53
2006-10-22,2006,10,22,78021,21
2006-10-23,2006,10,23,36004,04
2006-10-24,2006,10,24,31624,24
2006-10-25,2006,10,25,59673,73
2006-10-26,2006,10,26,40501,01
2006-10-27,2006,10,27,57013,13
2006-10-28,2006,10,28,79554,54
2006-10-29,2006,10,29,37996,96
2006-10-30,2006,10,30,48575,75
2006-10-31,2006,10,31,11291,91
2006-11-01,2006,11,1,94962,62
2006-11-02,2006,11,2,14977,77
2006-11-03,2006,11,3,05060,60
2006-11-04,2006,11,4,37716,16
2006-11-05,2006,11,5,22762,62
2006-11-06,2006,11,6,99608,08
2006-11-07,2006,11,7,33769,69
2006-11-08,2006,11,8,63724,24
2006-11-09,2006,11,9,62558,58
2006-11-10,2006,11,10,47384,84
2006-11-11,2006,11,11,54315,15
2006-11-12,2006,11,12,37573,73
2006-11-13,2006,11,13,23679,79
2006-11-14,2006,11,14,16421,21
2006-11-15,2006,11,15,34175,75
2006-11-16,2006,11,16,16549,49
2006-11-17,2006,11,17,66298,98
2006-11-18,2006,11,18,58698,98
2006-11-19,2006,11,19,38653,53
2006-11-20,2006,11,20,35221,21
2006-11-21,2006,11,21,36231,31
2006-11-22,2006,11,22,97735,35
2006-11-23,2006,11,23,08080,80
2006-11-24,2006,11,24,14425,25
2006-11-25,2006,11,25,21173,73
2006-11-26,2006,11,26,67156,56
2006-11-27,2006,11,27,30381,81
2006-11-28,2006,11,28,73371,71
2006-11-29,2006,11,29,71436,36
2006-11-30,2006,11,30,22634,34
2006-12-01,2006,12,1,79762,62
2006-12-02,2006,12,2,43841,41
2006-12-03,2006,12,3,36112,12
2006-12-04,2006,12,4,17279,79
2006-12-05,2006,12,5,35755,55
2006-12-06,2006,12,6,54859,59
2006-12-07,2006,12,7,82046,46
2006-12-08,2006,12,8,45239,39
2006-12-09,2006,12,9,84204,04
2006-12-10,2006,12,10,90771,71
2006-12-11,2006,12,11,85883,83
2006-12-12,2006,12,12,51970,70
2006-12-13,2006,12,13,90457,57
2006-12-14,2006,12,14,74153,53
2006-12-15,2006,12,15,25685,85
2006-12-16,2006,12,16,40494,94
2006-12-17,2006,12,17,08122,22
2006-12-18,2006,12,18,38828,28
2006-12-19,2006,12,19,87027,27
2006-12-20,2006,12,20,27908,08
2006-12-21,2006,12,21,47085,85
2006-12-22,2006,12,22,00412,12
2006-12-23,2006,12,23,30807,07
2006-12-24,2006,12,24,50396,96
2006-12-25,2006,12,25,10066,66
2006-12-26,2006,12,26,05542,42
2006-12-27,2006,12,27,36766,66
2006-12-28,2006,12,28,00798,98
2006-12-29,2006,12,29,72183,83
2006-12-30,2006,12,30,02207,07
2006-12-31,2006,12,31,64837,37
2007-01-01,2007,1,1,78376,76
2007-01-02,2007,1,2,83859,59
2007-01-03,2007,1,3,85678,78
2007-01-04,2007,1,4,37839,39
2007-01-05,2007,1,5,75224,24
2007-01-06,2007,1,6,46576,76
2007-01-07,2007,1,7,61516,16
2007-01-08,2007,1,8,58087,87
2007-01-09,2007,1,9,55967,67
2007-01-10,2007,1,10,72984,84
2007-01-11,2007,1,11,18955,55
2007-01-12,2007,1,12,31651,51
2007-01-13,2007,1,13,64869,69
2007-01-14,2007,1,14,28564,64
2007-01-15,2007,1,15,83926,26
2007-01-16,2007,1,16,56308,08
2007-01-17,2007,1,17,62218,18
2007-01-18,2007,1,18,55434,34
2007-01-19,2007,1,19,74826,26
2007-01-20,2007,1,20,35640,40
2007-01-21,2007,1,21,14478,78
2007-01-22,2007,1,22,82377,77
2007-01-23,2007,1,23,49963,63
2007-01-24,2007,1,24,64182,82
2007-01-25,2007,1,25,93191,91
2007-01-26,2007,1,26,18540,40
2007-01-27,2007,1,27,50521,21
2007-01-28,2007,1,28,98340,40
2007-01-29,2007,1,29,74382,82
2007-01-30,2007,1,30,83203,03
2007-01-31,2007,1,31,76850,50
2007-02-01,2007,2,1,72670,70
2007-02-02,2007,2,2,83419,19
2007-02-03,2007,2,3,48134,34
2007-02-04,2007,2,4,68493,93
2007-02-05,2007,2,5,40131,31
2007-02-06,2007,2,6,44875,75
2007-02-07,2007,2,7,33278,78
2007-02-08,2007,2,8,18836,36
2007-02-09,2007,2,9,11610,10
2007-02-10,2007,2,10,61955,55
2007-02-11,2007,2,11,96297,97
2007-02-12,2007,2,12,10326,26
2007-02-13,2007,2,13,00681,81
2007-02-14,2007,2,14,44844,44
2007-02-15,2007,2,15,09714,14
2007-02-18,2007,2,18,52447,47
2007-02-19,2007,2,19,33855,55
2007-02-20,2007,2,20,11200,00
2007-02-21,2007,2,21,58536,36
2007-02-22,2007,2,22,92106,06
2007-02-23,2007,2,23,50487,87
2007-02-24,2007,2,24,47053,53
2007-02-25,2007,2,25,24690,90
2007-02-26,2007,2,26,72713,13
2007-02-27,2007,2,27,73059,59
2007-02-28,2007,2,28,44722,22
2007-03-01,2007,3,1,17232,32
2007-03-02,2007,3,2,46102,02
2007-03-03,2007,3,3,44847,47
2007-03-04,2007,3,4,76258,58
2007-03-05,2007,3,5,32033,33
2007-03-06,2007,3,6,92355,55
2007-03-07,2007,3,7,33057,57
2007-03-08,2007,3,8,31918,18
2007-03-09,2007,3,9,24623,23
2007-03-10,2007,3,10,95392,92
2007-03-11,2007,3,11,00100,00
2007-03-12,2007,3,12,06424,24
2007-03-13,2007,3,13,42891,91
2007-03-14,2007,3,14,56895,95
2007-03-15,2007,3,15,57794,94
2007-03-16,2007,3,16,75934,34
2007-03-17,2007,3,17,21918,18
2007-03-18,2007,3,18,76180,80
2007-03-19,2007,3,19,37378,78
2007-03-20,2007,3,20,76612,12
2007-03-21,2007,3,21,79092,92
2007-03-22,2007,3,22,66387,87
2007-03-23,2007,3,23,41400,00
2007-03-24,2007,3,24,26681,81
2007-03-25,2007,3,25,22815,15
2007-03-26,2007,3,26,89725,25
2007-03-27,2007,3,27,79663,63
2007-03-28,2007,3,28,05784,84
2007-03-29,2007,3,29,07220,20
2007-03-30,2007,3,30,45472,72
2007-03-31,2007,3,31,93734,34
2007-04-01,2007,4,1,31059,59
2007-04-02,2007,4,2,71700,00
2007-04-03,2007,4,3,18372,72
2007-04-04,2007,4,4,61778,78
2007-04-05,2007,4,5,37206,06
2007-04-06,2007,4,6,28557,57
2007-04-07,2007,4,7,61301,01
2007-04-08,2007,4,8,49311,11
2007-04-09,2007,4,9,09692,92
2007-04-10,2007,4,10,11780,80
2007-04-11,2007,4,11,03463,63
2007-04-12,2007,4,12,00517,17
2007-04-13,2007,4,13,62455,55
2007-04-14,2007,4,14,53289,89
2007-04-15,2007,4,15,32336,36
2007-04-16,2007,4,16,70590,90
2007-04-17,2007,4,17,51043,43
2007-04-18,2007,4,18,00474,74
2007-04-19,2007,4,19,38997,97
2007-04-20,2007,4,20,10329,29
2007-04-21,2007,4,21,17647,47
2007-04-22,2007,4,22,25373,73
2007-04-23,2007,4,23,54330,30
2007-04-24,2007,4,24,47271,71
2007-04-25,2007,4,25,85270,70
2007-04-26,2007,4,26,52138,38
2007-04-27,2007,4,27,24402,02
2007-04-28,2007,4,28,24776,76
2007-04-29,2007,4,29,06993,93
2007-04-30,2007,4,30,46099,99
2007-05-01,2007,5,1,18971,71
2007-05-02,2007,5,2,59389,89
2007-05-03,2007,5,3,30766,66
2007-05-04,2007,5,4,73536,36
2007-05-05,2007,5,5,43134,34
2007-05-06,2007,5,6,08485,85
2007-05-07,2007,5,7,94066,66
2007-05-08,2007,5,8,29911,11
2007-05-09,2007,5,9,97775,75
2007-05-10,2007,5,10,77635,35
2007-05-11,2007,5,11,04344,44
2007-05-12,2007,5,12,71015,15
2007-05-13,2007,5,13,76981,81
2007-05-14,2007,5,14,27438,38
2007-05-15,2007,5,15,83693,93
2007-05-16,2007,5,16,24258,58
2007-05-17,2007,5,17,06135,35
2007-05-18,2007,5,18,79394,94
2007-05-19,2007,5,19,63029,29
2007-05-20,2007,5,20,85164,64
2007-05-21,2007,5,21,64759,59
2007-05-22,2007,5,22,22244,44
2007-05-23,2007,5,23,08767,67
2007-05-24,2007,5,24,46025,25
2007-05-25,2007,5,25,48727,27
2007-05-26,2007,5,26,39292,92
2007-05-27,2007,5,27,61412,12
2007-05-28,2007,5,28,15684,84
2007-05-29,2007,5,29,47321,21
2007-05-30,2007,5,30,21753,53
2007-05-31,2007,5,31,41948,48
2007-06-01,2007,6,1,93489,89
2007-06-02,2007,6,2,65323,23
2007-06-03,2007,6,3,96111,11
2007-06-04,2007,6,4,92554,54
2007-06-05,2007,6,5,46714,14
2007-06-06,2007,6,6,30362,62
2007-06-07,2007,6,7,82109,09
2007-06-08,2007,6,8,65370,70
2007-06-09,2007,6,9,99879,79
2007-06-10,2007,6,10,51785,85
2007-06-11,2007,6,11,72502,02
2007-06-12,2007,6,12,11370,70
2007-06-13,2007,6,13,10494,94
2007-06-14,2007,6,14,22099,99
2007-06-15,2007,6,15,79335,35
2007-06-16,2007,6,16,28865,65
2007-06-17,2007,6,17,59409,09
2007-06-18,2007,6,18,86936,36
2007-06-19,2007,6,19,68615,15
2007-06-20,2007,6,20,60499,99
2007-06-21,2007,6,21,91366,66
2007-06-22,2007,6,22,57101,01
2007-06-23,2007,6,23,82886,86
2007-06-24,2007,6,24,99301,01
2007-06-25,2007,6,25,97323,23
2007-06-26,2007,6,26,74863,63
2007-06-27,2007,6,27,12426,26
2007-06-28,2007,6,28,83561,61
2007-06-29,2007,6,29,67885,85
2007-06-30,2007,6,30,06293,93
2007-07-01,2007,7,1,94817,17
2007-07-02,2007,7,2,25067,67
2007-07-03,2007,7,3,95154,54
2007-07-04,2007,7,4,03997,97
2007-07-05,2007,7,5,83226,26
2007-07-06,2007,7,6,91345,45
2007-07-07,2007,7,7,71554,54
2007-07-08,2007,7,8,39508,08
2007-07-09,2007,7,9,76546,46
2007-07-10,2007,7,10,72925,25
2007-07-11,2007,7,11,48123,23
2007-07-12,2007,7,12,84363,63
2007-07-13,2007,7,13,84906,06
2007-07-14,2007,7,14,53853,53
2007-07-15,2007,7,15,80834,34
2007-07-16,2007,7,16,79194,94
2007-07-17,2007,7,17,03869,69
2007-07-18,2007,7,18,22036,36
2007-07-19,2007,7,19,61475,75
2007-07-20,2007,7,20,14516,16
2007-07-21,2007,7,21,81505,05
2007-07-22,2007,7,22,87834,34
2007-07-23,2007,7,23,71718,18
2007-07-24,2007,7,24,10062,62
2007-07-25,2007,7,25,22050,50
2007-07-26,2007,7,26,18728,28
2007-07-27,2007,7,27,92003,03
2007-07-28,2007,7,28,91681,81
2007-07-29,2007,7,29,76809,09
2007-07-30,2007,7,30,34749,49
2007-07-31,2007,7,31,29487,87
2007-08-01,2007,8,1,38217,17
2007-08-02,2007,8,2,54652,52
2007-08-03,2007,8,3,56655,55
2007-08-04,2007,8,4,19490,90
2007-08-05,2007,8,5,96374,74
2007-08-06,2007,8,6,80484,84
2007-08-07,2007,8,7,14545,45
2007-08-08,2007,8,8,95227,27
2007-08-09,2007,8,9,94836,36
2007-08-10,2007,8,10,18202,02
2007-08-11,2007,8,11,97796,96
2007-08-12,2007,8,12,16452,52
2007-08-13,2007,8,13,55163,63
2007-08-14,2007,8,14,82982,82
2007-08-15,2007,8,15,26149,49
2007-08-16,2007,8,16,82714,14
2007-08-17,2007,8,17,25511,11
2007-08-18,2007,8,18,55605,05
2007-08-19,2007,8,19,51451,51
2007-08-20,2007,8,20,54609,09
2007-08-21,2007,8,21,58458,58
2007-08-22,2007,8,22,55482,82
2007-08-23,2007,8,23,61299,99
2007-08-24,2007,8,24,02982,82
2007-08-25,2007,8,25,09159,59
2007-08-26,2007,8,26,78924,24
2007-08-27,2007,8,27,63271,71
2007-08-28,2007,8,28,25560,60
2007-08-29,2007,8,29,60356,56
2007-08-30,2007,8,30,25693,93
2007-08-31,2007,8,31,42117,17
2007-09-01,2007,9,1,52886,86
2007-09-02,2007,9,2,82636,36
2007-09-03,2007,9,3,42386,86
2007-09-04,2007,9,4,43255,55
2007-09-05,2007,9,5,54379,79
2007-09-06,2007,9,6,57954,54
2007-09-07,2007,9,7,75770,70
2007-09-08,2007,9,8,51364,64
2007-09-09,2007,9,9,67801,01
2007-09-10,2007,9,10,35300,00
2007-09-11,2007,9,11,07605,05
2007-09-12,2007,9,12,46867,67
2007-09-13,2007,9,13,90251,51
2007-09-14,2007,9,14,18727,27
2007-09-15,2007,9,15,38423,23
2007-09-16,2007,9,16,22292,92
2007-09-17,2007,9,17,11055,55
2007-09-18,2007,9,18,36594,94
2007-09-19,2007,9,19,64554,54
2007-09-20,2007,9,20,21815,15
2007-09-21,2007,9,21,08155,55
2007-09-22,2007,9,22,85726,26
2007-09-23,2007,9,23,54225,25
2007-09-24,2007,9,24,86136,36
2007-09-25,2007,9,25,88590,90
2007-09-26,2007,9,26,08300,00
2007-09-27,2007,9,27,41025,25
2007-09-28,2007,9,28,04548,48
2007-09-29,2007,9,29,89549,49
2007-09-30,2007,9,30,90678,78
2007-10-01,2007,10,1,74360,60
2007-10-02,2007,10,2,69866,66
2007-10-03,2007,10,3,15934,34
2007-10-04,2007,10,4,87939,39
2007-10-05,2007,10,5,09314,14
2007-10-06,2007,10,6,14516,16
2007-10-07,2007,10,7,22207,07
2007-10-08,2007,10,8,43773,73
2007-10-09,2007,10,9,72306,06
2007-10-10,2007,10,10,17445,45
2007-10-11,2007,10,11,56659,59
2007-10-12,2007,10,12,51912,12
2007-10-13,2007,10,13,05937,37
2007-10-14,2007,10,14,62214,14
2007-10-15,2007,10,15,27454,54
2007-10-16,2007,10,16,62646,46
2007-10-17,2007,10,17,31066,66
2007-10-18,2007,10,18,86293,93
2007-10-19,2007,10,19,30795,95
2007-10-20,2007,10,20,57085,85
2007-10-21,2007,10,21,56695,95
2007-10-22,2007,10,22,71365,65
2007-10-23,2007,10,23,50888,88
2007-10-24,2007,10,24,38915,15
2007-10-25,2007,10,25,84921,21
2007-10-26,2007,10,26,53010,10
2007-10-27,2007,10,27,05972,72
2007-10-28,2007,10,28,37337,37
2007-10-29,2007,10,29,95878,78
2007-10-30,2007,10,30,97652,52
2007-10-31,2007,10,31,70956,56
2007-11-01,2007,11,1,80884,84
2007-11-02,2007,11,2,36054,54
2007-11-03,2007,11,3,48891,91
2007-11-04,2007,11,4,46460,60
2007-11-05,2007,11,5,33106,06
2007-11-06,2007,11,6,22289,89
2007-11-07,2007,11,7,65197,97
2007-11-08,2007,11,8,08842,42
2007-11-09,2007,11,9,41751,51
2007-11-10,2007,11,10,43817,17
2007-11-11,2007,11,11,45499,99
2007-11-12,2007,11,12,04947,47
2007-11-13,2007,11,13,28448,48
2007-11-14,2007,11,14,69576,76
2007-11-15,2007,11,15,89934,34
2007-11-16,2007,11,16,24510,10
2007-11-17,2007,11,17,48510,10
2007-11-18,2007,11,18,31195,95
2007-11-19,2007,11,19,41002,02
2007-11-20,2007,11,20,85617,17
2007-11-21,2007,11,21,04666,66
2007-11-22,2007,11,22,04583,83
2007-11-23,2007,11,23,36524,24
2007-11-24,2007,11,24,77074,74
2007-11-25,2007,11,25,80843,43
2007-11-26,2007,11,26,22314,14
2007-11-27,2007,11,27,45130,30
2007-11-28,2007,11,28,42509,09
2007-11-29,2007,11,29,80126,26
2007-11-30,2007,11,30,34722,22
2007-12-01,2007,12,1,09926,26
2007-12-02,2007,12,2,60442,42
2007-12-03,2007,12,3,75036,36
2007-12-04,2007,12,4,16867,67
2007-12-05,2007,12,5,90611,11
2007-12-06,2007,12,6,31917,17
2007-12-07,2007,12,7,27761,61
2007-12-08,2007,12,8,48613,13
2007-12-09,2007,12,9,30766,66
2007-12-10,2007,12,10,71267,67
2007-12-11,2007,12,11,63675,75
2007-12-12,2007,12,12,57910,10
2007-12-13,2007,12,13,55421,21
2007-12-14,2007,12,14,85247,47
2007-12-15,2007,12,15,21266,66
2007-12-16,2007,12,16,36432,32
2007-12-17,2007,12,17,45560,60
2007-12-18,2007,12,18,62781,81
2007-12-19,2007,12,19,42387,87
2007-12-20,2007,12,20,97510,10
2007-12-21,2007,12,21,30084,84
2007-12-22,2007,12,22,19627,27
2007-12-23,2007,12,23,76092,92
2007-12-24,2007,12,24,36142,42
2007-12-25,2007,12,25,85700,00
2007-12-26,2007,12,26,15555,55
2007-12-27,2007,12,27,56983,83
2007-12-28,2007,12,28,46375,75
2007-12-29,2007,12,29,32565,65
2007-12-30,2007,12,30,11025,25
2007-12-31,2007,12,31,22894,94
2008-01-01,2008,1,1,80263,63
2008-01-02,2008,1,2,83743,43
2008-01-03,2008,1,3,45560,60
2008-01-04,2008,1,4,20337,37
2008-01-05,2008,1,5,71559,59
2008-01-06,2008,1,6,00172,72
2008-01-07,2008,1,7,28909,09
2008-01-08,2008,1,8,33756,56
2008-01-09,2008,1,9,49197,97
2008-01-10,2008,1,10,59221,21
2008-01-11,2008,1,11,41827,27
2008-01-12,2008,1,12,41093,93
2008-01-13,2008,1,13,36566,66
2008-01-14,2008,1,14,69275,75
2008-01-15,2008,1,15,31710,10
2008-01-16,2008,1,16,92500,00
2008-01-17,2008,1,17,26998,98
2008-01-18,2008,1,18,47630,30
2008-01-19,2008,1,19,39798,98
2008-01-20,2008,1,20,81713,13
2008-01-21,2008,1,21,69922,22
2008-01-22,2008,1,22,21893,93
2008-01-23,2008,1,23,62698,98
2008-01-24,2008,1,24,11664,64
2008-01-25,2008,1,25,20031,31
2008-01-26,2008,1,26,44538,38
2008-01-27,2008,1,27,85694,94
2008-01-28,2008,1,28,81960,60
2008-01-29,2008,1,29,84188,88
2008-01-30,2008,1,30,36074,74
2008-01-31,2008,1,31,48499,99
2008-02-01,2008,2,1,13478,78
2008-02-02,2008,2,2,01549,49
2008-02-03,2008,2,3,89979,79
2008-02-04,2008,2,4,40558,58
2008-02-05,2008,2,5,28425,25
2008-02-08,2008,2,8,30288,88
2008-02-09,2008,2,9,96348,48
2008-02-10,2008,2,10,74164,64
2008-02-11,2008,2,11,62202,02
2008-02-12,2008,2,12,06095,95
2008-02-13,2008,2,13,35506,06
2008-02-14,2008,2,14,51945,45
2008-02-15,2008,2,15,11173,73
2008-02-16,2008,2,16,19300,00
2008-02-17,2008,2,17,87223,23
2008-02-18,2008,2,18,41494,94
2008-02-19,2008,2,19,16765,65
2008-02-20,2008,2,20,39127,27
2008-02-21,2008,2,21,63259,59
2008-02-22,2008,2,22,34735,35
2008-02-23,2008,2,23,93992,92
2008-02-24,2008,2,24,92131,31
2008-02-25,2008,2,25,75406,06
2008-02-26,2008,2,26,43982,82
2008-02-27,2008,2,27,83401,01
2008-02-28,2008,2,28,29942,42
2008-02-29,2008,2,29,05108,08
2008-03-01,2008,3,1,47438,38
2008-03-02,2008,3,2,07147,47
2008-03-03,2008,3,3,62351,51
2008-03-04,2008,3,4,62616,16
2008-03-05,2008,3,5,33446,46
2008-03-06,2008,3,6,50910,10
2008-03-07,2008,3,7,92503,03
2008-03-08,2008,3,8,66280,80
2008-03-09,2008,3,9,72691,91
2008-03-10,2008,3,10,89079,79
2008-03-11,2008,3,11,43191,91
2008-03-12,2008,3,12,96994,94
2008-03-13,2008,3,13,86246,46
2008-03-14,2008,3,14,82050,50
2008-03-15,2008,3,15,61118,18
2008-03-16,2008,3,16,95017,17
2008-03-17,2008,3,17,17464,64
2008-03-18,2008,3,18,06299,99
2008-03-19,2008,3,19,02180,80
2008-03-20,2008,3,20,13697,97
2008-03-21,2008,3,21,40905,05
2008-03-22,2008,3,22,00913,13
2008-03-23,2008,3,23,04384,84
2008-03-24,2008,3,24,07882,82
2008-03-25,2008,3,25,33401,01
2008-03-26,2008,3,26,01632,32
2008-03-27,2008,3,27,79660,60
2008-03-28,2008,3,28,27208,08
2008-03-29,2008,3,29,12608,08
2008-03-30,2008,3,30,99935,35
2008-03-31,2008,3,31,65636,36
2008-04-01,2008,4,1,56141,41
2008-04-02,2008,4,2,34202,02
2008-04-03,2008,4,3,00272,72
2008-04-04,2008,4,4,37702,02
2008-04-05,2008,4,5,83087,87
2008-04-06,2008,4,6,54804,04
2008-04-07,2008,4,7,18983,83
2008-04-08,2008,4,8,99688,88
2008-04-09,2008,4,9,34400,00
2008-04-10,2008,4,10,31677,77
2008-04-11,2008,4,11,54560,60
2008-04-12,2008,4,12,14275,75
2008-04-13,2008,4,13,23216,16
2008-04-14,2008,4,14,86045,45
2008-04-15,2008,4,15,87616,16
2008-04-16,2008,4,16,83937,37
2008-04-17,2008,4,17,84878,78
2008-04-18,2008,4,18,72101,01
2008-04-19,2008,4,19,26010,10
2008-04-20,2008,4,20,65540,40
2008-04-21,2008,4,21,06128,28
2008-04-22,2008,4,22,09503,03
2008-04-23,2008,4,23,88061,61
2008-04-24,2008,4,24,97133,33
2008-04-25,2008,4,25,48444,44
2008-04-26,2008,4,26,02964,64
2008-04-27,2008,4,27,80701,01
2008-04-28,2008,4,28,53633,33
2008-04-29,2008,4,29,06562,62
2008-04-30,2008,4,30,61670,70
2008-05-01,2008,5,1,38368,68
2008-05-02,2008,5,2,88698,98
2008-05-03,2008,5,3,86343,43
2008-05-04,2008,5,4,66552,52
2008-05-05,2008,5,5,65809,09
2008-05-06,2008,5,6,10436,36
2008-05-07,2008,5,7,63955,55
2008-05-08,2008,5,8,87688,88
2008-05-09,2008,5,9,47082,82
2008-05-10,2008,5,10,40177,77
2008-05-11,2008,5,11,93509,09
2008-05-12,2008,5,12,06061,61
2008-05-13,2008,5,13,90732,32
2008-05-14,2008,5,14,30329,29
2008-05-15,2008,5,15,38970,70
2008-05-16,2008,5,16,00352,52
2008-05-17,2008,5,17,48412,12
2008-05-18,2008,5,18,59522,22
2008-05-19,2008,5,19,99368,68
2008-05-20,2008,5,20,18844,44
2008-05-21,2008,5,21,05762,62
2008-05-22,2008,5,22,33601,01
2008-05-23,2008,5,23,69034,34
2008-05-24,2008,5,24,83623,23
2008-05-25,2008,5,25,68587,87
2008-05-26,2008,5,26,49205,05
2008-05-27,2008,5,27,29708,08
2008-05-28,2008,5,28,46635,35
2008-05-29,2008,5,29,28916,16
2008-05-30,2008,5,30,11787,87
2008-05-31,2008,5,31,08906,06
2008-06-01,2008,6,1,42718,18
2008-06-02,2008,6,2,90906,06
2008-06-03,2008,6,3,69107,07
2008-06-04,2008,6,4,40113,13
2008-06-05,2008,6,5,23226,26
2008-06-06,2008,6,6,48469,69
2008-06-07,2008,6,7,12486,86
2008-06-08,2008,6,8,70571,71
2008-06-09,2008,6,9,83736,36
2008-06-10,2008,6,10,95197,97
2008-06-11,2008,6,11,82957,57
2008-06-12,2008,6,12,93620,20
2008-06-13,2008,6,13,58191,91
2008-06-14,2008,6,14,40303,03
2008-06-15,2008,6,15,30454,54
2008-06-16,2008,6,16,41460,60
2008-06-17,2008,6,17,49277,77
2008-06-18,2008,6,18,28318,18
2008-06-19,2008,6,19,71951,51
2008-06-20,2008,6,20,50844,44
2008-06-21,2008,6,21,22166,66
2008-06-22,2008,6,22,88299,99
2008-06-23,2008,6,23,51917,17
2008-06-24,2008,6,24,02968,68
2008-06-25,2008,6,25,29366,66
2008-06-26,2008,6,26,12630,30
2008-06-27,2008,6,27,82682,82
2008-06-28,2008,6,28,96695,95
2008-06-29,2008,6,29,52142,42
2008-06-30,2008,6,30,24808,08
2008-07-01,2008,7,1,64122,22
2008-07-02,2008,7,2,37726,26
2008-07-03,2008,7,3,61759,59
2008-07-04,2008,7,4,70010,10
2008-07-05,2008,7,5,64558,58
2008-07-06,2008,7,6,42454,54
2008-07-07,2008,7,7,80894,94
2008-07-08,2008,7,8,96370,70
2008-07-09,2008,7,9,71537,37
2008-07-10,2008,7,10,56259,59
2008-07-11,2008,7,11,65113,13
2008-07-12,2008,7,12,94266,66
2008-07-13,2008,7,13,93450,50
2008-07-14,2008,7,14,41511,11
2008-07-15,2008,7,15,67106,06
2008-07-16,2008,7,16,04583,83
2008-07-17,2008,7,17,87328,28
2008-07-18,2008,7,18,49648,48
2008-07-19,2008,7,19,26764,64
2008-07-20,2008,7,20,79218,18
2008-07-21,2008,7,21,29365,65
2008-07-22,2008,7,22,66958,58
2008-07-23,2008,7,23,15151,51
2008-07-24,2008,7,24,30496,96
2008-07-25,2008,7,25,90298,98
2008-07-26,2008,7,26,77529,29
2008-07-27,2008,7,27,22585,85
2008-07-28,2008,7,28,96206,06
2008-07-29,2008,7,29,72459,59
2008-07-30,2008,7,30,24287,87
2008-07-31,2008,7,31,36524,24
2008-08-01,2008,8,1,56696,96
2008-08-02,2008,8,2,69618,18
2008-08-03,2008,8,3,53186,86
2008-08-04,2008,8,4,27984,84
2008-08-05,2008,8,5,54478,78
2008-08-06,2008,8,6,01219,19
2008-08-07,2008,8,7,35256,56
2008-08-08,2008,8,8,32895,95
2008-08-09,2008,8,9,96458,58
2008-08-10,2008,8,10,11981,81
2008-08-11,2008,8,11,31070,70
2008-08-12,2008,8,12,73274,74
2008-08-13,2008,8,13,09107,07
2008-08-14,2008,8,14,52559,59
2008-08-15,2008,8,15,97957,57
2008-08-16,2008,8,16,07304,04
2008-08-17,2008,8,17,20221,21
2008-08-18,2008,8,18,39613,13
2008-08-19,2008,8,19,83438,38
2008-08-20,2008,8,20,09609,09
2008-08-21,2008,8,21,23027,27
2008-08-22,2008,8,22,72033,33
2008-08-23,2008,8,23,09820,20
2008-08-24,2008,8,24,92495,95
2008-08-25,2008,8,25,55175,75
2008-08-26,2008,8,26,39515,15
2008-08-27,2008,8,27,46027,27
2008-08-28,2008,8,28,24956,56
2008-08-29,2008,8,29,57750,50
2008-08-30,2008,8,30,17629,29
2008-08-31,2008,8,31,50483,83
2008-09-01,2008,9,1,26860,60
2008-09-02,2008,9,2,35425,25
2008-09-03,2008,9,3,13258,58
2008-09-04,2008,9,4,43122,22
2008-09-05,2008,9,5,32978,78
2008-09-06,2008,9,6,24438,38
2008-09-07,2008,9,7,25511,11
2008-09-08,2008,9,8,17326,26
2008-09-09,2008,9,9,71052,52
2008-09-10,2008,9,10,85414,14
2008-09-11,2008,9,11,40698,98
2008-09-12,2008,9,12,15784,84
2008-09-13,2008,9,13,03844,44
2008-09-14,2008,9,14,07439,39
2008-09-15,2008,9,15,58432,32
2008-09-16,2008,9,16,73122,22
2008-09-17,2008,9,17,99506,06
2008-09-18,2008,9,18,34978,78
2008-09-19,2008,9,19,63554,54
2008-09-20,2008,9,20,38301,01
2008-09-21,2008,9,21,63727,27
2008-09-22,2008,9,22,08610,10
2008-09-23,2008,9,23,96668,68
2008-09-24,2008,9,24,05110,10
2008-09-25,2008,9,25,92073,73
2008-09-26,2008,9,26,50798,98
2008-09-27,2008,9,27,64032,32
2008-09-28,2008,9,28,95510,10
2008-09-29,2008,9,29,25102,02
2008-09-30,2008,9,30,02952,52
2008-10-01,2008,10,1,39458,58
2008-10-02,2008,10,2,09199,99
2008-10-03,2008,10,3,48720,20
2008-10-04,2008,10,4,77527,27
2008-10-05,2008,10,5,26263,63
2008-10-06,2008,10,6,69196,96
2008-10-07,2008,10,7,49363,63
2008-10-08,2008,10,8,17324,24
2008-10-09,2008,10,9,63397,97
2008-10-10,2008,10,10,52844,44
2008-10-11,2008,10,11,97852,52
2008-10-12,2008,10,12,31507,07
2008-10-13,2008,10,13,52970,70
2008-10-14,2008,10,14,33865,65
2008-10-15,2008,10,15,46739,39
2008-10-16,2008,10,16,98561,61
2008-10-17,2008,10,17,06177,77
2008-10-18,2008,10,18,75458,58
2008-10-19,2008,10,19,82142,42
2008-10-20,2008,10,20,75620,20
2008-10-21,2008,10,21,36872,72
2008-10-22,2008,10,22,56617,17
2008-10-23,2008,10,23,30764,64
2008-10-24,2008,10,24,58415,15
2008-10-25,2008,10,25,66286,86
2008-10-26,2008,10,26,64076,76
2008-10-27,2008,10,27,46577,77
2008-10-28,2008,10,28,76007,07
2008-10-29,2008,10,29,71155,55
2008-10-30,2008,10,30,88111,11
2008-10-31,2008,10,31,01405,05
2008-11-01,2008,11,1,62071,71
2008-11-02,2008,11,2,66358,58
2008-11-03,2008,11,3,54231,31
2008-11-04,2008,11,4,79381,81
2008-11-05,2008,11,5,42610,10
2008-11-06,2008,11,6,95491,91
2008-11-07,2008,11,7,89661,61
2008-11-08,2008,11,8,29445,45
2008-11-09,2008,11,9,65182,82
2008-11-10,2008,11,10,62771,71
2008-11-11,2008,11,11,25452,52
2008-11-12,2008,11,12,73924,24
2008-11-13,2008,11,13,55196,96
2008-11-14,2008,11,14,59837,37
2008-11-15,2008,11,15,26289,89
2008-11-16,2008,11,16,37835,35
2008-11-17,2008,11,17,86537,37
2008-11-18,2008,11,18,53362,62
2008-11-19,2008,11,19,19020,20
2008-11-20,2008,11,20,22949,49
2008-11-21,2008,11,21,13876,76
2008-11-22,2008,11,22,28434,34
2008-11-23,2008,11,23,21688,88
2008-11-24,2008,11,24,57531,31
2008-11-25,2008,11,25,04019,19
2008-11-26,2008,11,26,35991,91
2008-11-27,2008,11,27,89636,36
2008-11-28,2008,11,28,43141,41
2008-11-29,2008,11,29,54469,69
2008-11-30,2008,11,30,40178,78
2008-12-01,2008,12,1,52375,75
2008-12-02,2008,12,2,08757,57
2008-12-03,2008,12,3,38533,33
2008-12-04,2008,12,4,33092,92
2008-12-05,2008,12,5,61506,06
2008-12-06,2008,12,6,69203,03
2008-12-07,2008,12,7,66419,19
2008-12-08,2008,12,8,34937,37
2008-12-09,2008,12,9,14317,17
2008-12-10,2008,12,10,25036,36
2008-12-11,2008,12,11,53205,05
2008-12-12,2008,12,12,90532,32
2008-12-13,2008,12,13,66130,30
2008-12-14,2008,12,14,85903,03
2008-12-15,2008,12,15,75746,46
2008-12-16,2008,12,16,89454,54
2008-12-17,2008,12,17,57581,81
2008-12-18,2008,12,18,31658,58
2008-12-19,2008,12,19,85678,78
2008-12-20,2008,12,20,78747,47
2008-12-21,2008,12,21,97904,04
2008-12-22,2008,12,22,95330,30
2008-12-23,2008,12,23,29871,71
2008-12-24,2008,12,24,57951,51
2008-12-25,2008,12,25,48175,75
2008-12-26,2008,12,26,32027,27
2008-12-27,2008,12,27,00616,16
2008-12-28,2008,12,28,09926,26
2008-12-29,2008,12,29,98173,73
2008-12-30,2008,12,30,31214,14
2008-12-31,2008,12,31,72837,37
2009-01-01,2009,1,1,30872,72
2009-01-02,2009,1,2,66665,65
2009-01-03,2009,1,3,63582,82
2009-01-04,2009,1,4,50610,10
2009-01-05,2009,1,5,56496,96
2009-01-06,2009,1,6,97817,17
2009-01-07,2009,1,7,77615,15
2009-01-08,2009,1,8,21524,24
2009-01-09,2009,1,9,67140,40
2009-01-10,2009,1,10,42732,32
2009-01-11,2009,1,11,61082,82
2009-01-12,2009,1,12,20757,57
2009-01-13,2009,1,13,32223,23
2009-01-14,2009,1,14,30287,87
2009-01-15,2009,1,15,27090,90
2009-01-16,2009,1,16,68046,46
2009-01-17,2009,1,17,04690,90
2009-01-18,2009,1,18,51146,46
2009-01-19,2009,1,19,76036,36
2009-01-20,2009,1,20,57566,66
2009-01-21,2009,1,21,36184,84
2009-01-22,2009,1,22,82565,65
2009-01-23,2009,1,23,46481,81
2009-01-24,2009,1,24,08245,45
2009-01-27,2009,1,27,07523,23
2009-01-28,2009,1,28,42218,18
2009-01-29,2009,1,29,78528,28
2009-01-30,2009,1,30,54268,68
2009-01-31,2009,1,31,04657,57
2009-02-01,2009,2,1,85898,98
2009-02-02,2009,2,2,33794,94
2009-02-03,2009,2,3,93822,22
2009-02-04,2009,2,4,06762,62
2009-02-05,2009,2,5,65503,03
2009-02-06,2009,2,6,98716,16
2009-02-07,2009,2,7,49420,20
2009-02-08,2009,2,8,01864,64
2009-02-09,2009,2,9,58424,24
2009-02-10,2009,2,10,46686,86
2009-02-11,2009,2,11,97156,56
2009-02-12,2009,2,12,83456,56
2009-02-13,2009,2,13,10978,78
2009-02-14,2009,2,14,26482,82
2009-02-15,2009,2,15,38303,03
2009-02-16,2009,2,16,76639,39
2009-02-17,2009,2,17,25079,79
2009-02-18,2009,2,18,40250,50
2009-02-19,2009,2,19,52150,50
2009-02-20,2009,2,20,74652,52
2009-02-21,2009,2,21,59322,22
2009-02-22,2009,2,22,66997,97
2009-02-23,2009,2,23,22483,83
2009-02-24,2009,2,24,35910,10
2009-02-25,2009,2,25,32583,83
2009-02-26,2009,2,26,90207,07
2009-02-27,2009,2,27,28575,75
2009-02-28,2009,2,28,41626,26
2009-03-01,2009,3,1,83834,34
2009-03-02,2009,3,2,40415,15
2009-03-03,2009,3,3,97068,68
2009-03-04,2009,3,4,44496,96
2009-03-05,2009,3,5,38414,14
2009-03-06,2009,3,6,40590,90
2009-03-07,2009,3,7,62752,52
2009-03-08,2009,3,8,20013,13
2009-03-09,2009,3,9,39052,52
2009-03-10,2009,3,10,49447,47
2009-03-11,2009,3,11,10341,41
2009-03-12,2009,3,12,65405,05
2009-03-13,2009,3,13,88615,15
2009-03-14,2009,3,14,42403,03
2009-03-15,2009,3,15,99069,69
2009-03-16,2009,3,16,01621,21
2009-03-17,2009,3,17,28743,43
2009-03-18,2009,3,18,34716,16
2009-03-19,2009,3,19,34732,32
2009-03-20,2009,3,20,96567,67
2009-03-21,2009,3,21,91406,06
2009-03-22,2009,3,22,67043,43
2009-03-23,2009,3,23,85422,22
2009-03-24,2009,3,24,11713,13
2009-03-25,2009,3,25,09810,10
2009-03-26,2009,3,26,92450,50
2009-03-27,2009,3,27,81606,06
2009-03-28,2009,3,28,20456,56
2009-03-29,2009,3,29,52205,05
2009-03-30,2009,3,30,55845,45
2009-03-31,2009,3,31,03161,61
2009-04-01,2009,4,1,67696,96
2009-04-02,2009,4,2,02305,05
2009-04-03,2009,4,3,33394,94
2009-04-04,2009,4,4,97301,01
2009-04-05,2009,4,5,65370,70
2009-04-06,2009,4,6,24335,35
2009-04-07,2009,4,7,38074,74
2009-04-08,2009,4,8,45800,00
2009-04-09,2009,4,9,03412,12
2009-04-10,2009,4,10,89202,02
2009-04-11,2009,4,11,11857,57
2009-04-12,2009,4,12,41172,72
2009-04-13,2009,4,13,70695,95
2009-04-14,2009,4,14,56954,54
2009-04-15,2009,4,15,05358,58
2009-04-16,2009,4,16,97836,36
2009-04-17,2009,4,17,56399,99
2009-04-18,2009,4,18,71534,34
2009-04-19,2009,4,19,52968,68
2009-04-20,2009,4,20,83437,37
2009-04-21,2009,4,21,98141,41
2009-04-22,2009,4,22,99309,09
2009-04-23,2009,4,23,93250,50
2009-04-24,2009,4,24,61842,42
2009-04-25,2009,4,25,24856,56
2009-04-26,2009,4,26,19010,10
2009-04-27,2009,4,27,02571,71
2009-04-28,2009,4,28,11889,89
2009-04-29,2009,4,29,44610,10
2009-04-30,2009,4,30,06382,82
2009-05-01,2009,5,1,46257,57
2009-05-02,2009,5,2,16234,34
2009-05-03,2009,5,3,88409,09
2009-05-04,2009,5,4,37172,72
2009-05-05,2009,5,5,54165,65
2009-05-06,2009,5,6,94491,91
2009-05-07,2009,5,7,82514,14
2009-05-08,2009,5,8,77297,97
2009-05-09,2009,5,9,11859,59
2009-05-10,2009,5,10,10218,18
2009-05-11,2009,5,11,38110,10
2009-05-12,2009,5,12,55263,63
2009-05-13,2009,5,13,16457,57
2009-05-14,2009,5,14,19558,58
2009-05-15,2009,5,15,51699,99
2009-05-16,2009,5,16,37457,57
2009-05-17,2009,5,17,61952,52
2009-05-18,2009,5,18,25312,12
2009-05-19,2009,5,19,38459,59
2009-05-20,2009,5,20,09276,76
2009-05-21,2009,5,21,39547,47
2009-05-22,2009,5,22,02092,92
2009-05-23,2009,5,23,93302,02
2009-05-24,2009,5,24,57618,18
2009-05-25,2009,5,25,91529,29
2009-05-26,2009,5,26,62222,22
2009-05-27,2009,5,27,06713,13
2009-05-28,2009,5,28,47348,48
2009-05-29,2009,5,29,18084,84
2009-05-30,2009,5,30,89645,45
2009-05-31,2009,5,31,69651,51
2009-06-01,2009,6,1,58731,31
2009-06-02,2009,6,2,87228,28
2009-06-03,2009,6,3,61516,16
2009-06-04,2009,6,4,39305,05
2009-06-05,2009,6,5,33009,09
2009-06-06,2009,6,6,64633,33
2009-06-07,2009,6,7,27150,50
2009-06-08,2009,6,8,78937,37
2009-06-09,2009,6,9,84202,02
2009-06-10,2009,6,10,61194,94
2009-06-11,2009,6,11,45864,64
2009-06-12,2009,6,12,55085,85
2009-06-13,2009,6,13,69872,72
2009-06-14,2009,6,14,73256,56
2009-06-15,2009,6,15,06223,23
2009-06-16,2009,6,16,22167,67
2009-06-17,2009,6,17,77764,64
2009-06-18,2009,6,18,64090,90
2009-06-19,2009,6,19,59302,02
2009-06-20,2009,6,20,14325,25
2009-06-21,2009,6,21,55953,53
2009-06-22,2009,6,22,31796,96
2009-06-23,2009,6,23,78886,86
2009-06-24,2009,6,24,84164,64
2009-06-25,2009,6,25,88683,83
2009-06-26,2009,6,26,76162,62
2009-06-27,2009,6,27,88118,18
2009-06-28,2009,6,28,93395,95
2009-06-29,2009,6,29,47965,65
2009-06-30,2009,6,30,33096,96
2009-07-01,2009,7,1,92550,50
2009-07-02,2009,7,2,37386,86
2009-07-03,2009,7,3,77016,16
2009-07-04,2009,7,4,94167,67
2009-07-05,2009,7,5,33500,00
2009-07-06,2009,7,6,88958,58
2009-07-07,2009,7,7,24923,23
2009-07-08,2009,7,8,73429,29
2009-07-09,2009,7,9,67315,15
2009-07-10,2009,7,10,22639,39
2009-07-11,2009,7,11,91848,48
2009-07-12,2009,7,12,71750,50
2009-07-13,2009,7,13,17518,18
2009-07-14,2009,7,14,22474,74
2009-07-15,2009,7,15,81098,98
2009-07-16,2009,7,16,60466,66
2009-07-17,2009,7,17,35643,43
2009-07-18,2009,7,18,78046,46
2009-07-19,2009,7,19,47027,27
2009-07-20,2009,7,20,54179,79
2009-07-21,2009,7,21,07396,96
2009-07-22,2009,7,22,32399,99
2009-07-23,2009,7,23,65943,43
2009-07-24,2009,7,24,29050,50
2009-07-25,2009,7,25,06732,32
2009-07-26,2009,7,26,76545,45
2009-07-27,2009,7,27,72205,05
2009-07-28,2009,7,28,70282,82
2009-07-29,2009,7,29,32371,71
2009-07-30,2009,7,30,83812,12
2009-07-31,2009,7,31,99738,38
2009-08-01,2009,8,1,52236,36
2009-08-02,2009,8,2,35119,19
2009-08-03,2009,8,3,87332,32
2009-08-04,2009,8,4,61244,44
2009-08-05,2009,8,5,03875,75
2009-08-06,2009,8,6,08709,09
2009-08-07,2009,8,7,92218,18
2009-08-08,2009,8,8,04617,17
2009-08-09,2009,8,9,23913,13
2009-08-10,2009,8,10,25076,76
2009-08-11,2009,8,11,12692,92
2009-08-12,2009,8,12,80814,14
2009-08-13,2009,8,13,33989,89
2009-08-14,2009,8,14,91914,14
2009-08-15,2009,8,15,72483,83
2009-08-16,2009,8,16,93924,24
2009-08-17,2009,8,17,95574,74
2009-08-18,2009,8,18,61131,31
2009-08-19,2009,8,19,83467,67
2009-08-20,2009,8,20,69577,77
2009-08-21,2009,8,21,02566,66
2009-08-22,2009,8,22,58947,47
2009-08-23,2009,8,23,33443,43
2009-08-24,2009,8,24,83188,88
2009-08-25,2009,8,25,68840,40
2009-08-26,2009,8,26,92594,94
2009-08-27,2009,8,27,67655,55
2009-08-28,2009,8,28,88306,06
2009-08-29,2009,8,29,03069,69
2009-08-30,2009,8,30,22191,91
2009-08-31,2009,8,31,67508,08
2009-09-01,2009,9,1,35847,47
2009-09-02,2009,9,2,25442,42
2009-09-03,2009,9,3,95428,28
2009-09-04,2009,9,4,53302,02
2009-09-05,2009,9,5,33115,15
2009-09-06,2009,9,6,99703,03
2009-09-07,2009,9,7,15152,52
2009-09-08,2009,9,8,43382,82
2009-09-09,2009,9,9,38989,89
2009-09-10,2009,9,10,69074,74
2009-09-11,2009,9,11,93124,24
2009-09-12,2009,9,12,04525,25
2009-09-13,2009,9,13,93546,46
2009-09-14,2009,9,14,34439,39
2009-09-15,2009,9,15,53621,21
2009-09-16,2009,9,16,40002,02
2009-09-17,2009,9,17,16555,55
2009-09-18,2009,9,18,96996,96
2009-09-19,2009,9,19,93561,61
2009-09-20,2009,9,20,64053,53
2009-09-21,2009,9,21,87262,62
2009-09-22,2009,9,22,20356,56
2009-09-23,2009,9,23,07466,66
2009-09-24,2009,9,24,83610,10
2009-09-25,2009,9,25,02248,48
2009-09-26,2009,9,26,20801,01
2009-09-27,2009,9,27,50666,66
2009-09-28,2009,9,28,54897,97
2009-09-29,2009,9,29,66147,47
2009-09-30,2009,9,30,13173,73
2009-10-01,2009,10,1,75304,04
2009-10-02,2009,10,2,80975,75
2009-10-03,2009,10,3,80188,88
2009-10-04,2009,10,4,76770,70
2009-10-05,2009,10,5,54960,60
2009-10-06,2009,10,6,26725,25
2009-10-07,2009,10,7,90579,79
2009-10-08,2009,10,8,66803,03
2009-10-09,2009,10,9,39750,50
2009-10-10,2009,10,10,28801,01
2009-10-11,2009,10,11,01708,08
2009-10-12,2009,10,12,17188,88
2009-10-13,2009,10,13,25517,17
2009-10-14,2009,10,14,32040,40
2009-10-15,2009,10,15,00411,11
2009-10-16,2009,10,16,02112,12
2009-10-17,2009,10,17,86822,22
2009-10-18,2009,10,18,66421,21
2009-10-19,2009,10,19,51328,28
2009-10-20,2009,10,20,29066,66
2009-10-21,2009,10,21,02091,91
2009-10-22,2009,10,22,32868,68
2009-10-23,2009,10,23,54473,73
2009-10-24,2009,10,24,11660,60
2009-10-25,2009,10,25,20664,64
2009-10-26,2009,10,26,15386,86
2009-10-27,2009,10,27,98899,99
2009-10-28,2009,10,28,65989,89
2009-10-29,2009,10,29,17112,12
2009-10-30,2009,10,30,96556,56
2009-10-31,2009,10,31,50385,85
2009-11-01,2009,11,1,50320,20
2009-11-02,2009,11,2,13357,57
2009-11-03,2009,11,3,12177,77
2009-11-04,2009,11,4,51323,23
2009-11-05,2009,11,5,07855,55
2009-11-06,2009,11,6,75510,10
2009-11-07,2009,11,7,75781,81
2009-11-08,2009,11,8,23967,67
2009-11-09,2009,11,9,36143,43
2009-11-10,2009,11,10,85563,63
2009-11-11,2009,11,11,40830,30
2009-11-12,2009,11,12,42871,71
2009-11-13,2009,11,13,53099,99
2009-11-14,2009,11,14,86668,68
2009-11-15,2009,11,15,79977,77
2009-11-16,2009,11,16,71200,00
2009-11-17,2009,11,17,47662,62
2009-11-18,2009,11,18,99266,66
2009-11-19,2009,11,19,82422,22
2009-11-20,2009,11,20,01608,08
2009-11-21,2009,11,21,69666,66
2009-11-22,2009,11,22,18716,16
2009-11-23,2009,11,23,63739,39
2009-11-24,2009,11,24,49465,65
2009-11-25,2009,11,25,16165,65
2009-11-26,2009,11,26,58252,52
2009-11-27,2009,11,27,85460,60
2009-11-28,2009,11,28,15541,41
2009-11-29,2009,11,29,29874,74
2009-11-30,2009,11,30,81793,93
2009-12-01,2009,12,1,43102,02
2009-12-02,2009,12,2,42737,37
2009-12-03,2009,12,3,30415,15
2009-12-04,2009,12,4,52849,49
2009-12-05,2009,12,5,84497,97
2009-12-06,2009,12,6,98049,49
2009-12-07,2009,12,7,58376,76
2009-12-08,2009,12,8,42844,44
2009-12-09,2009,12,9,40945,45
2009-12-10,2009,12,10,14429,29
2009-12-11,2009,12,11,34023,23
2009-12-12,2009,12,12,82436,36
2009-12-13,2009,12,13,39415,15
2009-12-14,2009,12,14,00094,94
2009-12-15,2009,12,15,73634,34
2009-12-16,2009,12,16,59691,91
2009-12-17,2009,12,17,23936,36
2009-12-18,2009,12,18,88997,97
2009-12-19,2009,12,19,28467,67
2009-12-20,2009,12,20,14895,95
2009-12-21,2009,12,21,76997,97
2009-12-22,2009,12,22,62099,99
2009-12-23,2009,12,23,33807,07
2009-12-24,2009,12,24,50804,04
2009-12-25,2009,12,25,36074,74
2009-12-26,2009,12,26,50891,91
2009-12-27,2009,12,27,96782,82
2009-12-28,2009,12,28,21666,66
2009-12-29,2009,12,29,04088,88
2009-12-30,2009,12,30,47193,93
2009-12-31,2009,12,31,70849,49
2010-01-01,2010,1,1,37754,54
2010-01-02,2010,1,2,22732,32
2010-01-03,2010,1,3,44591,91
2010-01-04,2010,1,4,79226,26
2010-01-05,2010,1,5,65882,82
2010-01-06,2010,1,6,07150,50
2010-01-07,2010,1,7,86471,71
2010-01-08,2010,1,8,85726,26
2010-01-09,2010,1,9,86595,95
2010-01-10,2010,1,10,48345,45
2010-01-11,2010,1,11,65443,43
2010-01-12,2010,1,12,18902,02
2010-01-13,2010,1,13,34725,25
2010-01-14,2010,1,14,80204,04
2010-01-15,2010,1,15,24011,11
2010-01-16,2010,1,16,71916,16
2010-01-17,2010,1,17,71915,15
2010-01-18,2010,1,18,73782,82
2010-01-19,2010,1,19,77424,24
2010-01-20,2010,1,20,14691,91
2010-01-21,2010,1,21,95748,48
2010-01-22,2010,1,22,91336,36
2010-01-23,2010,1,23,52965,65
2010-01-24,2010,1,24,50863,63
2010-01-25,2010,1,25,78124,24
2010-01-26,2010,1,26,16904,04
2010-01-27,2010,1,27,83647,47
2010-01-28,2010,1,28,66996,96
2010-01-29,2010,1,29,22470,70
2010-01-30,2010,1,30,98330,30
2010-01-31,2010,1,31,79354,54
2010-02-01,2010,2,1,47426,26
2010-02-02,2010,2,2,38762,62
2010-02-03,2010,2,3,21900,00
2010-02-04,2010,2,4,69054,54
2010-02-05,2010,2,5,75330,30
2010-02-06,2010,2,6,46065,65
2010-02-07,2010,2,7,79100,00
2010-02-08,2010,2,8,15214,14
2010-02-09,2010,2,9,58358,58
2010-02-10,2010,2,10,56732,32
2010-02-11,2010,2,11,15172,72
2010-02-12,2010,2,12,91818,18
2010-02-17,2010,2,17,54925,25
2010-02-18,2010,2,18,25970,70
2010-02-19,2010,2,19,57806,06
2010-02-20,2010,2,20,52009,09
2010-02-21,2010,2,21,93187,87
2010-02-22,2010,2,22,33953,53
2010-02-23,2010,2,23,21038,38
2010-02-24,2010,2,24,81579,79
2010-02-25,2010,2,25,43504,04
2010-02-26,2010,2,26,72122,22
2010-02-27,2010,2,27,25632,32
2010-02-28,2010,2,28,11636,36
2010-03-01,2010,3,1,62514,14
2010-03-02,2010,3,2,55514,14
2010-03-03,2010,3,3,68272,72
2010-03-04,2010,3,4,99149,49
2010-03-05,2010,3,5,69805,05
2010-03-06,2010,3,6,41632,32
2010-03-07,2010,3,7,16764,64
2010-03-08,2010,3,8,44974,74
2010-03-09,2010,3,9,69900,00
2010-03-10,2010,3,10,79139,39
2010-03-11,2010,3,11,02904,04
2010-03-12,2010,3,12,60467,67
2010-03-13,2010,3,13,71826,26
2010-03-14,2010,3,14,53494,94
2010-03-15,2010,3,15,35806,06
2010-03-16,2010,3,16,43816,16
2010-03-17,2010,3,17,39208,08
2010-03-18,2010,3,18,14899,99
2010-03-19,2010,3,19,45948,48
2010-03-20,2010,3,20,16224,24
2010-03-21,2010,3,21,43311,11
2010-03-22,2010,3,22,43156,56
2010-03-23,2010,3,23,97190,90
2010-03-24,2010,3,24,21664,64
2010-03-25,2010,3,25,46289,89
2010-03-26,2010,3,26,04564,64
2010-03-27,2010,3,27,54438,38
2010-03-28,2010,3,28,16170,70
2010-03-29,2010,3,29,90097,97
2010-03-30,2010,3,30,06735,35
2010-03-31,2010,3,31,79815,15
2010-04-01,2010,4,1,50055,55
2010-04-02,2010,4,2,96948,48
2010-04-03,2010,4,3,99456,56
2010-04-04,2010,4,4,43059,59
2010-04-05,2010,4,5,69438,38
2010-04-06,2010,4,6,25923,23
2010-04-07,2010,4,7,93957,57
2010-04-08,2010,4,8,81192,92
2010-04-09,2010,4,9,45855,55
2010-04-10,2010,4,10,81754,54
2010-04-11,2010,4,11,78143,43
2010-04-12,2010,4,12,88407,07
2010-04-13,2010,4,13,09811,11
2010-04-14,2010,4,14,87595,95
2010-04-15,2010,4,15,60656,56
2010-04-16,2010,4,16,68609,09
2010-04-17,2010,4,17,81175,75
2010-04-18,2010,4,18,05253,53
2010-04-19,2010,4,19,49435,35
2010-04-20,2010,4,20,82120,20
2010-04-21,2010,4,21,31530,30
2010-04-22,2010,4,22,49117,17
2010-04-23,2010,4,23,27716,16
2010-04-24,2010,4,24,94758,58
2010-04-25,2010,4,25,46414,14
2010-04-26,2010,4,26,65170,70
2010-04-27,2010,4,27,50884,84
2010-04-28,2010,4,28,73376,76
2010-04-29,2010,4,29,55509,09
2010-04-30,2010,4,30,58533,33
2010-05-01,2010,5,1,06233,33
2010-05-02,2010,5,2,54420,20
2010-05-03,2010,5,3,55870,70
2010-05-04,2010,5,4,27931,31
2010-05-05,2010,5,5,49835,35
2010-05-06,2010,5,6,87824,24
2010-05-07,2010,5,7,29573,73
2010-05-08,2010,5,8,44892,92
2010-05-09,2010,5,9,39067,67
2010-05-10,2010,5,10,25634,34
2010-05-11,2010,5,11,06238,38
2010-05-12,2010,5,12,95739,39
2010-05-13,2010,5,13,41015,15
2010-05-14,2010,5,14,43817,17
2010-05-15,2010,5,15,73913,13
2010-05-16,2010,5,16,56325,25
2010-05-17,2010,5,17,07002,02
2010-05-18,2010,5,18,90598,98
2010-05-19,2010,5,19,21498,98
2010-05-20,2010,5,20,71147,47
2010-05-21,2010,5,21,92095,95
2010-05-22,2010,5,22,65496,96
2010-05-23,2010,5,23,25008,08
2010-05-24,2010,5,24,44960,60
2010-05-25,2010,5,25,10875,75
2010-05-26,2010,5,26,38344,44
2010-05-27,2010,5,27,44930,30
2010-05-28,2010,5,28,14388,88
2010-05-29,2010,5,29,45333,33
2010-05-30,2010,5,30,90063,63
2010-05-31,2010,5,31,80643,43
2010-06-01,2010,6,1,81063,63
2010-06-02,2010,6,2,04254,54
2010-06-03,2010,6,3,60338,38
2010-06-04,2010,6,4,63537,37
2010-06-05,2010,6,5,74699,99
2010-06-06,2010,6,6,69934,34
2010-06-07,2010,6,7,41555,55
2010-06-08,2010,6,8,69800,00
2010-06-09,2010,6,9,80624,24
2010-06-10,2010,6,10,61804,04
2010-06-11,2010,6,11,60593,93
2010-06-12,2010,6,12,87219,19
2010-06-13,2010,6,13,45939,39
2010-06-14,2010,6,14,38938,38
2010-06-15,2010,6,15,62401,01
2010-06-16,2010,6,16,86985,85
2010-06-17,2010,6,17,23049,49
2010-06-18,2010,6,18,79622,22
2010-06-19,2010,6,19,77048,48
2010-06-20,2010,6,20,20316,16
2010-06-21,2010,6,21,67499,99
2010-06-22,2010,6,22,92628,28
2010-06-23,2010,6,23,54492,92
2010-06-24,2010,6,24,15091,91
2010-06-25,2010,6,25,84894,94
2010-06-26,2010,6,26,06306,06
2010-06-27,2010,6,27,14627,27
2010-06-28,2010,6,28,60474,74
2010-06-29,2010,6,29,45246,46
2010-06-30,2010,6,30,51503,03
2010-07-01,2010,7,1,29605,05
2010-07-02,2010,7,2,12519,19
2010-07-03,2010,7,3,20823,23
2010-07-04,2010,7,4,40036,36
2010-07-05,2010,7,5,03190,90
2010-07-06,2010,7,6,76284,84
2010-07-07,2010,7,7,44284,84
2010-07-08,2010,7,8,12120,20
2010-07-09,2010,7,9,29988,88
2010-07-10,2010,7,10,68944,44
2010-07-11,2010,7,11,19446,46
2010-07-12,2010,7,12,14975,75
2010-07-13,2010,7,13,00127,27
2010-07-14,2010,7,14,63218,18
2010-07-15,2010,7,15,70673,73
2010-07-16,2010,7,16,92395,95
2010-07-17,2010,7,17,47615,15
2010-07-18,2010,7,18,02640,40
2010-07-19,2010,7,19,02020,20
2010-07-20,2010,7,20,16971,71
2010-07-21,2010,7,21,65615,15
2010-07-22,2010,7,22,02000,00
2010-07-23,2010,7,23,12996,96
2010-07-24,2010,7,24,16141,41
2010-07-25,2010,7,25,00484,84
2010-07-26,2010,7,26,99883,83
2010-07-27,2010,7,27,77759,59
2010-07-28,2010,7,28,34963,63
2010-07-29,2010,7,29,86960,60
2010-07-30,2010,7,30,70732,32
2010-07-31,2010,7,31,21261,61
2010-08-01,2010,8,1,05924,24
2010-08-02,2010,8,2,43812,12
2010-08-03,2010,8,3,01080,80
2010-08-04,2010,8,4,64110,10
2010-08-05,2010,8,5,63583,83
2010-08-06,2010,8,6,48817,17
2010-08-07,2010,8,7,31507,07
2010-08-08,2010,8,8,10532,32
2010-08-09,2010,8,9,08451,51
2010-08-10,2010,8,10,23391,91
2010-08-11,2010,8,11,56527,27
2010-08-12,2010,8,12,19639,39
2010-08-13,2010,8,13,30147,47
2010-08-14,2010,8,14,81187,87
2010-08-15,2010,8,15,67787,87
2010-08-16,2010,8,16,18017,17
2010-08-17,2010,8,17,67884,84
2010-08-18,2010,8,18,21988,88
2010-08-19,2010,8,19,84383,83
2010-08-20,2010,8,20,96332,32
2010-08-21,2010,8,21,19510,10
2010-08-22,2010,8,22,02378,78
2010-08-23,2010,8,23,11083,83
2010-08-24,2010,8,24,11410,10
2010-08-25,2010,8,25,02197,97
2010-08-26,2010,8,26,91262,62
2010-08-27,2010,8,27,39603,03
2010-08-28,2010,8,28,83754,54
2010-08-29,2010,8,29,98103,03
2010-08-30,2010,8,30,16336,36
2010-08-31,2010,8,31,30029,29
2010-09-01,2010,9,1,91206,06
2010-09-02,2010,9,2,66462,62
2010-09-03,2010,9,3,37739,39
2010-09-04,2010,9,4,33602,02
2010-09-05,2010,9,5,72060,60
2010-09-06,2010,9,6,47636,36
2010-09-07,2010,9,7,47799,99
2010-09-08,2010,9,8,16308,08
2010-09-09,2010,9,9,84973,73
2010-09-10,2010,9,10,38807,07
2010-09-11,2010,9,11,30920,20
2010-09-12,2010,9,12,81000,00
2010-09-13,2010,9,13,68872,72
2010-09-14,2010,9,14,28258,58
2010-09-15,2010,9,15,94005,05
2010-09-16,2010,9,16,46292,92
2010-09-17,2010,9,17,73045,45
2010-09-18,2010,9,18,83100,00
2010-09-19,2010,9,19,36272,72
2010-09-20,2010,9,20,85865,65
2010-09-21,2010,9,21,28192,92
2010-09-22,2010,9,22,75824,24
2010-09-23,2010,9,23,32187,87
2010-09-24,2010,9,24,42793,93
2010-09-25,2010,9,25,77066,66
2010-09-26,2010,9,26,41119,19
2010-09-27,2010,9,27,60640,40
2010-09-28,2010,9,28,75197,97
2010-09-29,2010,9,29,37192,92
2010-09-30,2010,9,30,96964,64
2010-10-01,2010,10,1,44023,23
2010-10-02,2010,10,2,88289,89
2010-10-03,2010,10,3,86340,40
2010-10-04,2010,10,4,42326,26
2010-10-05,2010,10,5,17711,11
2010-10-06,2010,10,6,82779,79
2010-10-07,2010,10,7,91737,37
2010-10-08,2010,10,8,06908,08
2010-10-09,2010,10,9,55079,79
2010-10-10,2010,10,10,50321,21
2010-10-11,2010,10,11,32933,33
2010-10-12,2010,10,12,99178,78
2010-10-13,2010,10,13,52552,52
2010-10-14,2010,10,14,00429,29
2010-10-15,2010,10,15,23365,65
2010-10-16,2010,10,16,55458,58
2010-10-17,2010,10,17,88917,17
2010-10-18,2010,10,18,28683,83
2010-10-19,2010,10,19,57037,37
2010-10-20,2010,10,20,69149,49
2010-10-21,2010,10,21,00458,58
2010-10-22,2010,10,22,92443,43
2010-10-23,2010,10,23,89193,93
2010-10-24,2010,10,24,92355,55
2010-10-25,2010,10,25,78869,69
2010-10-26,2010,10,26,81395,95
2010-10-27,2010,10,27,61211,11
2010-10-28,2010,10,28,35931,31
2010-10-29,2010,10,29,45739,39
2010-10-30,2010,10,30,07954,54
2010-10-31,2010,10,31,53127,27
2010-11-01,2010,11,1,98499,99
2010-11-02,2010,11,2,38907,07
2010-11-03,2010,11,3,57496,96
2010-11-04,2010,11,4,81637,37
2010-11-05,2010,11,5,97183,83
2010-11-06,2010,11,6,95510,10
2010-11-07,2010,11,7,92115,15
2010-11-08,2010,11,8,11718,18
2010-11-09,2010,11,9,76972,72
2010-11-10,2010,11,10,50317,17
2010-11-11,2010,11,11,33010,10
2010-11-12,2010,11,12,15813,13
2010-11-13,2010,11,13,47262,62
2010-11-14,2010,11,14,00336,36
2010-11-15,2010,11,15,44149,49
2010-11-16,2010,11,16,77763,63
2010-11-17,2010,11,17,68531,31
2010-11-18,2010,11,18,36931,31
2010-11-19,2010,11,19,38480,80
2010-11-20,2010,11,20,43352,52
2010-11-21,2010,11,21,22173,73
2010-11-22,2010,11,22,88368,68
2010-11-23,2010,11,23,44808,08
2010-11-24,2010,11,24,92598,98
2010-11-25,2010,11,25,37043,43
2010-11-26,2010,11,26,54143,43
2010-11-27,2010,11,27,38551,51
2010-11-28,2010,11,28,27008,08
2010-11-29,2010,11,29,13541,41
2010-11-30,2010,11,30,77297,97
2010-12-01,2010,12,1,43815,15
2010-12-02,2010,12,2,94106,06
2010-12-03,2010,12,3,96313,13
2010-12-04,2010,12,4,95653,53
2010-12-05,2010,12,5,50715,15
2010-12-06,2010,12,6,31030,30
2010-12-07,2010,12,7,26215,15
2010-12-08,2010,12,8,86854,54
2010-12-09,2010,12,9,80458,58
2010-12-10,2010,12,10,45639,39
2010-12-11,2010,12,11,68769,69
2010-12-12,2010,12,12,42557,57
2010-12-13,2010,12,13,42359,59
2010-12-14,2010,12,14,60494,94
2010-12-15,2010,12,15,75178,78
2010-12-16,2010,12,16,03711,11
2010-12-17,2010,12,17,16509,09
2010-12-18,2010,12,18,92963,63
2010-12-19,2010,12,19,80502,02
2010-12-20,2010,12,20,84203,03
2010-12-21,2010,12,21,41741,41
2010-12-22,2010,12,22,96593,93
2010-12-23,2010,12,23,26395,95
2011-01-01,2011,1,1,24028,28
2011-01-02,2011,1,2,41927,27
2011-01-03,2011,1,3,05424,24
2011-01-04,2011,1,4,53882,82
2011-01-05,2011,1,5,61942,42
2011-01-06,2011,1,6,35003,03
2011-01-07,2011,1,7,99307,07
2011-01-08,2011,1,8,00865,65
2011-01-09,2011,1,9,51294,94
2011-01-10,2011,1,10,07641,41
2011-01-11,2011,1,11,34785,85
2011-01-12,2011,1,12,09925,25
2011-01-13,2011,1,13,16322,22
2011-01-14,2011,1,14,63970,70
2011-01-15,2011,1,15,77030,30
2011-01-16,2011,1,16,01543,43
2011-01-17,2011,1,17,52688,88
2011-01-18,2011,1,18,57235,35
2011-01-19,2011,1,19,48117,17
2011-01-20,2011,1,20,02685,85
2011-01-21,2011,1,21,59090,90
2011-01-22,2011,1,22,73445,45
2011-01-23,2011,1,23,73957,57
2011-01-24,2011,1,24,69613,13
2011-01-25,2011,1,25,33590,90
2011-01-26,2011,1,26,46566,66
2011-01-27,2011,1,27,83971,71
2011-01-28,2011,1,28,64051,51
2011-01-29,2011,1,29,20589,89
2011-01-30,2011,1,30,14506,06
2011-01-31,2011,1,31,05598,98
2011-02-01,2011,2,1,39956,56
2011-02-06,2011,2,6,15526,26
2011-02-07,2011,2,7,43758,58
2011-02-08,2011,2,8,67723,23
2011-02-09,2011,2,9,79899,99
2011-02-10,2011,2,10,59300,00
2011-02-11,2011,2,11,54557,57
2011-02-12,2011,2,12,09850,50
2011-02-13,2011,2,13,98026,26
2011-02-14,2011,2,14,78923,23
2011-02-15,2011,2,15,81838,38
2011-02-16,2011,2,16,53305,05
2011-02-17,2011,2,17,16076,76
2011-02-18,2011,2,18,71683,83
2011-02-19,2011,2,19,90670,70
2011-02-20,2011,2,20,75599,99
2011-02-21,2011,2,21,61338,38
2011-02-22,2011,2,22,54198,98
2011-02-23,2011,2,23,54923,23
2011-02-24,2011,2,24,26002,02
2011-02-25,2011,2,25,92401,01
2011-02-26,2011,2,26,25866,66
2011-02-27,2011,2,27,06517,17
2011-02-28,2011,2,28,48688,88
2011-03-01,2011,3,1,57722,22
2011-03-02,2011,3,2,65257,57
2011-03-03,2011,3,3,61827,27
2011-03-04,2011,3,4,69186,86
2011-03-05,2011,3,5,93891,91
2011-03-06,2011,3,6,30065,65
2011-03-07,2011,3,7,43977,77
2011-03-08,2011,3,8,15941,41
2011-03-09,2011,3,9,09502,02
2011-03-10,2011,3,10,25665,65
2011-03-11,2011,3,11,09485,85
2011-03-12,2011,3,12,29191,91
2011-03-13,2011,3,13,67827,27
2011-03-14,2011,3,14,23749,49
2011-03-15,2011,3,15,65398,98
2011-03-16,2011,3,16,24339,39
2011-03-17,2011,3,17,32685,85
2011-03-18,2011,3,18,31257,57
2011-03-19,2011,3,19,71822,22
2011-03-20,2011,3,20,82939,39
2011-03-21,2011,3,21,11722,22
2011-03-22,2011,3,22,70406,06
2011-03-23,2011,3,23,19737,37
2011-03-24,2011,3,24,05436,36
2011-03-25,2011,3,25,54393,93
2011-03-26,2011,3,26,13319,19
2011-03-27,2011,3,27,46549,49
2011-03-28,2011,3,28,41718,18
2011-03-29,2011,3,29,96797,97
2011-03-30,2011,3,30,82073,73
2011-03-31,2011,3,31,16749,49
2011-04-01,2011,4,1,00771,71
2011-04-02,2011,4,2,29995,95
2011-04-03,2011,4,3,61085,85
2011-04-04,2011,4,4,68505,05
2011-04-05,2011,4,5,24633,33
2011-04-06,2011,4,6,76460,60
2011-04-07,2011,4,7,26570,70
2011-04-08,2011,4,8,82033,33
2011-04-09,2011,4,9,18970,70
2011-04-10,2011,4,10,18520,20
2011-04-11,2011,4,11,73964,64
2011-04-12,2011,4,12,29261,61
2011-04-13,2011,4,13,61495,95
2011-04-14,2011,4,14,82680,80
2011-04-15,2011,4,15,29442,42
2011-04-16,2011,4,16,81055,55
2011-04-17,2011,4,17,76870,70
2011-04-18,2011,4,18,13729,29
2011-04-19,2011,4,19,58731,31
2011-04-20,2011,4,20,05691,91
2011-04-21,2011,4,21,54966,66
2011-04-22,2011,4,22,59436,36
2011-04-23,2011,4,23,63208,08
2011-04-24,2011,4,24,95442,42
2011-04-25,2011,4,25,65188,88
2011-04-26,2011,4,26,16142,42
2011-04-27,2011,4,27,12856,56
2011-04-28,2011,4,28,78237,37
2011-04-29,2011,4,29,60991,91
2011-04-30,2011,4,30,86883,83
2011-05-01,2011,5,1,64082,82
2011-05-02,2011,5,2,76630,30
2011-05-03,2011,5,3,43819,19
2011-05-04,2011,5,4,55471,71
2011-05-05,2011,5,5,21494,94
2011-05-06,2011,5,6,64832,32
2011-05-07,2011,5,7,08030,30
2011-05-08,2011,5,8,08493,93
2011-05-09,2011,5,9,69349,49
2011-05-10,2011,5,10,30069,69
2011-05-11,2011,5,11,78309,09
2011-05-12,2011,5,12,59701,01
2011-05-13,2011,5,13,95713,13
2011-05-14,2011,5,14,47224,24
2011-05-15,2011,5,15,22817,17
2011-05-16,2011,5,16,07634,34
2011-05-17,2011,5,17,21975,75
2011-05-18,2011,5,18,29621,21
2011-05-19,2011,5,19,14560,60
2011-05-20,2011,5,20,42696,96
2011-05-21,2011,5,21,78256,56
2011-05-22,2011,5,22,81356,56
2011-05-23,2011,5,23,52980,80
2011-05-24,2011,5,24,29698,98
2011-05-25,2011,5,25,84144,44
2011-05-26,2011,5,26,76823,23
2011-05-27,2011,5,27,49870,70
2011-05-28,2011,5,28,11595,95
2011-05-29,2011,5,29,54914,14
2011-05-30,2011,5,30,04594,94
2011-05-31,2011,5,31,25166,66
2011-06-01,2011,6,1,61113,13
2011-06-02,2011,6,2,41841,41
2011-06-03,2011,6,3,55164,64
2011-06-04,2011,6,4,80053,53
2011-06-05,2011,6,5,30710,10
2011-06-06,2011,6,6,93442,42
2011-06-07,2011,6,7,43838,38
2011-06-08,2011,6,8,47421,21
2011-06-09,2011,6,9,24268,68
2011-06-10,2011,6,10,89705,05
2011-06-11,2011,6,11,55062,62
2011-06-12,2011,6,12,94652,52
2011-06-13,2011,6,13,75894,94
2011-06-14,2011,6,14,91651,51
2011-06-15,2011,6,15,21544,44
2011-06-16,2011,6,16,01641,41
2011-06-17,2011,6,17,86954,54
2011-06-18,2011,6,18,31868,68
2011-06-19,2011,6,19,04168,68
2011-06-20,2011,6,20,19936,36
2011-06-21,2011,6,21,54108,08
2011-06-22,2011,6,22,58700,00
2011-06-23,2011,6,23,23400,00
2011-06-24,2011,6,24,35738,38
2011-06-25,2011,6,25,60579,79
2011-06-26,2011,6,26,00135,35
2011-06-27,2011,6,27,05473,73
2011-06-28,2011,6,28,51231,31
2011-06-29,2011,6,29,05378,78
2011-06-30,2011,6,30,55127,27
2011-07-01,2011,7,1,38728,28
2011-07-02,2011,7,2,41742,42
2011-07-03,2011,7,3,24644,44
2011-07-04,2011,7,4,57056,56
2011-07-05,2011,7,5,15167,67
2011-07-06,2011,7,6,52458,58
2011-07-07,2011,7,7,87962,62
2011-07-08,2011,7,8,16303,03
2011-07-09,2011,7,9,29252,52
2011-07-10,2011,7,10,12572,72
2011-07-11,2011,7,11,64206,06
2011-07-12,2011,7,12,09719,19
2011-07-13,2011,7,13,05730,30
2011-07-14,2011,7,14,14996,96
2011-07-15,2011,7,15,55290,90
2011-07-16,2011,7,16,83777,77
2011-07-17,2011,7,17,73429,29
2011-07-18,2011,7,18,09265,65
2011-07-19,2011,7,19,78259,59
2011-07-20,2011,7,20,31900,00
2011-07-21,2011,7,21,10103,03
2011-07-22,2011,7,22,93618,18
2011-07-23,2011,7,23,35070,70
2011-07-24,2011,7,24,59635,35
2011-07-25,2011,7,25,19804,04
2011-07-26,2011,7,26,60018,18
2011-07-27,2011,7,27,53567,67
2011-07-28,2011,7,28,97647,47
2011-07-29,2011,7,29,85288,88
2011-07-30,2011,7,30,72414,14
2011-07-31,2011,7,31,41960,60
2011-08-01,2011,8,1,26054,54
2011-08-02,2011,8,2,56666,66
2011-08-03,2011,8,3,45174,74
2011-08-04,2011,8,4,07580,80
2011-08-05,2011,8,5,85608,08
2011-08-06,2011,8,6,23415,15
2011-08-07,2011,8,7,78663,63
2011-08-08,2011,8,8,49053,53
2011-08-09,2011,8,9,72803,03
2011-08-10,2011,8,10,38959,59
2011-08-11,2011,8,11,11013,13
2011-08-12,2011,8,12,73231,31
2011-08-13,2011,8,13,51066,66
2011-08-14,2011,8,14,32343,43
2011-08-15,2011,8,15,94022,22
2011-08-16,2011,8,16,26949,49
2011-08-17,2011,8,17,24396,96
2011-08-18,2011,8,18,51373,73
2011-08-19,2011,8,19,65912,12
2011-08-20,2011,8,20,32193,93
2011-08-21,2011,8,21,86173,73
2011-08-22,2011,8,22,15034,34
2011-08-23,2011,8,23,27548,48
2011-08-24,2011,8,24,59425,25
2011-08-25,2011,8,25,56074,74
2011-08-26,2011,8,26,78588,88
2011-08-27,2011,8,27,71491,91
2011-08-28,2011,8,28,09822,22
2011-08-29,2011,8,29,41470,70
2011-08-30,2011,8,30,07051,51
2011-08-31,2011,8,31,20433,33
2011-09-01,2011,9,1,94392,92
2011-09-02,2011,9,2,26844,44
2011-09-03,2011,9,3,62326,26
2011-09-04,2011,9,4,16584,84
2011-09-05,2011,9,5,07463,63
2011-09-06,2011,9,6,87497,97
2011-09-07,2011,9,7,55485,85
2011-09-08,2011,9,8,54446,46
2011-09-09,2011,9,9,38335,35
2011-09-10,2011,9,10,07959,59
2011-09-11,2011,9,11,80285,85
2011-09-12,2011,9,12,35221,21
2011-09-13,2011,9,13,56462,62
2011-09-14,2011,9,14,48722,22
2011-09-15,2011,9,15,18659,59
2011-09-16,2011,9,16,21205,05
2011-09-17,2011,9,17,38972,72
2011-09-18,2011,9,18,02959,59
2011-09-19,2011,9,19,95219,19
2011-09-20,2011,9,20,71463,63
2011-09-21,2011,9,21,04644,44
2011-09-22,2011,9,22,67072,72
2011-09-23,2011,9,23,27664,64
2011-09-24,2011,9,24,92365,65
2011-09-25,2011,9,25,30803,03
2011-09-26,2011,9,26,76474,74
2011-09-27,2011,9,27,59586,86
2011-09-28,2011,9,28,57617,17
2011-09-29,2011,9,29,17425,25
2011-09-30,2011,9,30,93960,60
2011-10-01,2011,10,1,51611,11
2011-10-02,2011,10,2,25831,31
2011-10-03,2011,10,3,05527,27
2011-10-04,2011,10,4,01365,65
2011-10-05,2011,10,5,26053,53
2011-10-06,2011,10,6,56528,28
2011-10-07,2011,10,7,48236,36
2011-10-08,2011,10,8,69236,36
2011-10-09,2011,10,9,54589,89
2011-10-10,2011,10,10,16882,82
2011-10-11,2011,10,11,72636,36
2011-10-12,2011,10,12,00917,17
2011-10-13,2011,10,13,63834,34
2011-10-14,2011,10,14,00175,75
2011-10-15,2011,10,15,88803,03
2011-10-16,2011,10,16,93522,22
2011-10-17,2011,10,17,02856,56
2011-10-18,2011,10,18,70196,96
2011-10-19,2011,10,19,29760,60
2011-10-20,2011,10,20,21505,05
2011-10-21,2011,10,21,18903,03
2011-10-22,2011,10,22,37172,72
2011-10-23,2011,10,23,05468,68
2011-10-24,2011,10,24,67989,89
2011-10-25,2011,10,25,12660,60
2011-10-26,2011,10,26,49044,44
2011-10-27,2011,10,27,33511,11
2011-10-28,2011,10,28,35536,36
2011-10-29,2011,10,29,19751,51
2011-10-30,2011,10,30,78170,70
2011-10-31,2011,10,31,10064,64
2011-11-01,2011,11,1,12232,32
2011-11-02,2011,11,2,37842,42
2011-11-03,2011,11,3,21001,01
2011-11-04,2011,11,4,66501,01
2011-11-05,2011,11,5,65012,12
2011-11-06,2011,11,6,32504,04
2011-11-07,2011,11,7,63169,69
2011-11-08,2011,11,8,27467,67
2011-11-09,2011,11,9,02862,62
2011-11-10,2011,11,10,64556,56
2011-11-11,2011,11,11,46346,46
2011-11-12,2011,11,12,83004,04
2011-11-13,2011,11,13,69843,43
2011-11-14,2011,11,14,79218,18
2011-11-15,2011,11,15,61503,03
2011-11-16,2011,11,16,62554,54
2011-11-17,2011,11,17,74716,16
2011-11-18,2011,11,18,02023,23
2011-11-19,2011,11,19,83255,55
2011-11-20,2011,11,20,22704,04
2011-11-21,2011,11,21,92397,97
2011-11-22,2011,11,22,27625,25
2011-11-23,2011,11,23,12753,53
2011-11-24,2011,11,24,77887,87
2011-11-25,2011,11,25,65880,80
2011-11-26,2011,11,26,12409,09
2011-11-27,2011,11,27,74832,32
2011-11-28,2011,11,28,11334,34
2011-11-29,2011,11,29,93574,74
2011-11-30,2011,11,30,01057,57
2011-12-01,2011,12,1,83962,62
2011-12-02,2011,12,2,35009,09
2011-12-03,2011,12,3,50005,05
2011-12-04,2011,12,4,99560,60
2011-12-05,2011,12,5,31486,86
2011-12-06,2011,12,6,24045,45
2011-12-07,2011,12,7,22005,05
2011-12-08,2011,12,8,01256,56
2011-12-09,2011,12,9,21119,19
2011-12-10,2011,12,10,82470,70
2011-12-11,2011,12,11,60324,24
2011-12-12,2011,12,12,95304,04
2011-12-13,2011,12,13,02023,23
2011-12-14,2011,12,14,88602,02
2011-12-15,2011,12,15,88208,08
2011-12-16,2011,12,16,83127,27
2011-12-17,2011,12,17,51370,70
2011-12-18,2011,12,18,81892,92
2011-12-19,2011,12,19,98682,82
2011-12-20,2011,12,20,85495,95
2011-12-21,2011,12,21,70139,39
2011-12-22,2011,12,22,74123,23
2011-12-23,2011,12,23,29377,77
2011-12-24,2011,12,24,18527,27
2011-12-25,2011,12,25,63513,13
2011-12-26,2011,12,26,56788,88
2011-12-27,2011,12,27,34207,07
2011-12-28,2011,12,28,74125,25
2011-12-29,2011,12,29,34404,04
2011-12-30,2011,12,30,38407,07
2011-12-31,2011,12,31,94078,78
2012-01-01,2012,1,1,41998,98
2012-01-02,2012,1,2,45315,15
2012-01-03,2012,1,3,62755,55
2012-01-04,2012,1,4,53209,09
2012-01-05,2012,1,5,59944,44
2012-01-06,2012,1,6,02193,93
2012-01-07,2012,1,7,24260,60
2012-01-08,2012,1,8,12506,06
2012-01-09,2012,1,9,02367,67
2012-01-10,2012,1,10,65170,70
2012-01-11,2012,1,11,32980,80
2012-01-12,2012,1,12,16273,73
2012-01-13,2012,1,13,01940,40
2012-01-14,2012,1,14,91517,17
2012-01-15,2012,1,15,02971,71
2012-01-16,2012,1,16,65991,91
2012-01-17,2012,1,17,96231,31
2012-01-18,2012,1,18,34978,78
2012-01-19,2012,1,19,01761,61
2012-01-20,2012,1,20,39699,99
2012-01-21,2012,1,21,25750,50
2012-01-26,2012,1,26,18780,80
2012-01-27,2012,1,27,98241,41
2012-01-28,2012,1,28,68877,77
2012-01-29,2012,1,29,32455,55
2012-01-30,2012,1,30,13526,26
2012-01-31,2012,1,31,91802,02
2012-02-01,2012,2,1,06427,27
2012-02-02,2012,2,2,72315,15
2012-02-03,2012,2,3,43217,17
2012-02-04,2012,2,4,34522,22
2012-02-05,2012,2,5,31384,84
2012-02-06,2012,2,6,92299,99
2012-02-07,2012,2,7,30097,97
2012-02-08,2012,2,8,75051,51
2012-02-09,2012,2,9,19590,90
2012-02-10,2012,2,10,71959,59
2012-02-11,2012,2,11,21989,89
2012-02-12,2012,2,12,44385,85
2012-02-13,2012,2,13,67819,19
2012-02-14,2012,2,14,41384,84
2012-02-15,2012,2,15,67286,86
2012-02-16,2012,2,16,08375,75
2012-02-17,2012,2,17,61931,31
2012-02-18,2012,2,18,18175,75
2012-02-19,2012,2,19,23590,90
2012-02-20,2012,2,20,26155,55
2012-02-21,2012,2,21,09766,66
2012-02-22,2012,2,22,74710,10
2012-02-23,2012,2,23,90053,53
2012-02-24,2012,2,24,40948,48
2012-02-25,2012,2,25,41674,74
2012-02-26,2012,2,26,90875,75
2012-02-27,2012,2,27,88299,99
2012-02-28,2012,2,28,23587,87
2012-02-29,2012,2,29,93318,18
2012-03-01,2012,3,1,40908,08
2012-03-02,2012,3,2,72941,41
2012-03-03,2012,3,3,72483,83
2012-03-04,2012,3,4,96968,68
2012-03-05,2012,3,5,99914,14
2012-03-06,2012,3,6,73599,99
2012-03-07,2012,3,7,99806,06
2012-03-08,2012,3,8,51110,10
2012-03-09,2012,3,9,16081,81
2012-03-10,2012,3,10,69675,75
2012-03-11,2012,3,11,98049,49
2012-03-12,2012,3,12,81692,92
2012-03-13,2012,3,13,12912,12
2012-03-14,2012,3,14,87007,07
2012-03-15,2012,3,15,68441,41
2012-03-16,2012,3,16,22477,77
2012-03-17,2012,3,17,18844,44
2012-03-18,2012,3,18,66019,19
2012-03-19,2012,3,19,54436,36
2012-03-20,2012,3,20,08236,36
2012-03-21,2012,3,21,30078,78
2012-03-22,2012,3,22,46180,80
2012-03-23,2012,3,23,47455,55
2012-03-24,2012,3,24,38800,00
2012-03-25,2012,3,25,68410,10
2012-03-26,2012,3,26,65289,89
2012-03-27,2012,3,27,02476,76
2012-03-28,2012,3,28,45306,06
2012-03-29,2012,3,29,20456,56
2012-03-30,2012,3,30,78815,15
2012-03-31,2012,3,31,10668,68
2012-04-01,2012,4,1,35970,70
2012-04-02,2012,4,2,62760,60
2012-04-03,2012,4,3,27131,31
2012-04-04,2012,4,4,59317,17
2012-04-05,2012,4,5,98976,76
2012-04-06,2012,4,6,28993,93
2012-04-07,2012,4,7,53823,23
2012-04-08,2012,4,8,45564,64
2012-04-09,2012,4,9,57148,48
2012-04-10,2012,4,10,50321,21
2012-04-11,2012,4,11,77582,82
2012-04-12,2012,4,12,13641,41
2012-04-13,2012,4,13,32203,03
2012-04-14,2012,4,14,86517,17
2012-04-15,2012,4,15,54473,73
2012-04-16,2012,4,16,41591,91
2012-04-17,2012,4,17,54166,66
2012-04-18,2012,4,18,13490,90
2012-04-19,2012,4,19,53089,89
2012-04-20,2012,4,20,45299,99
2012-04-21,2012,4,21,68885,85
2012-04-22,2012,4,22,64083,83
2012-04-23,2012,4,23,47166,66
2012-04-24,2012,4,24,63726,26
2012-04-25,2012,4,25,58547,47
2012-04-26,2012,4,26,78460,60
2012-04-27,2012,4,27,44035,35
2012-04-28,2012,4,28,21766,66
2012-04-29,2012,4,29,14572,72
2012-04-30,2012,4,30,50886,86
2012-05-01,2012,5,1,99390,90
2012-05-02,2012,5,2,49051,51
2012-05-03,2012,5,3,87274,74
2012-05-04,2012,5,4,90435,35
2012-05-05,2012,5,5,53045,45
2012-05-06,2012,5,6,71421,21
2012-05-07,2012,5,7,91229,29
2012-05-08,2012,5,8,45644,44
2012-05-09,2012,5,9,62990,90
2012-05-10,2012,5,10,68360,60
2012-05-11,2012,5,11,02893,93
2012-05-12,2012,5,12,33176,76
2012-05-13,2012,5,13,71190,90
2012-05-14,2012,5,14,08377,77
2012-05-15,2012,5,15,80265,65
2012-05-16,2012,5,16,64435,35
2012-05-17,2012,5,17,64207,07
2012-05-18,2012,5,18,64770,70
2012-05-19,2012,5,19,08281,81
2012-05-20,2012,5,20,10839,39
2012-05-21,2012,5,21,75839,39
2012-05-22,2012,5,22,81494,94
2012-05-23,2012,5,23,75086,86
2012-05-24,2012,5,24,12701,01
2012-05-25,2012,5,25,80696,96
2012-05-26,2012,5,26,88567,67
2012-05-27,2012,5,27,75205,05
2012-05-28,2012,5,28,27110,10
2012-05-29,2012,5,29,34221,21
2012-05-30,2012,5,30,69939,39
2012-05-31,2012,5,31,75997,97
2012-06-01,2012,6,1,49343,43
2012-06-02,2012,6,2,09704,04
2012-06-03,2012,6,3,98641,41
2012-06-04,2012,6,4,36742,42
2012-06-05,2012,6,5,82009,09
2012-06-06,2012,6,6,85725,25
2012-06-07,2012,6,7,06606,06
2012-06-08,2012,6,8,86206,06
2012-06-09,2012,6,9,76691,91
2012-06-10,2012,6,10,00580,80
2012-06-11,2012,6,11,04089,89
2012-06-12,2012,6,12,10837,37
2012-06-13,2012,6,13,97665,65
2012-06-14,2012,6,14,93656,56
2012-06-15,2012,6,15,83901,01
2012-06-16,2012,6,16,21606,06
2012-06-17,2012,6,17,07437,37
2012-06-18,2012,6,18,63692,92
2012-06-19,2012,6,19,80625,25
2012-06-20,2012,6,20,85173,73
2012-06-21,2012,6,21,81382,82
2012-06-22,2012,6,22,55915,15
2012-06-23,2012,6,23,83071,71
2012-06-24,2012,6,24,57260,60
2012-06-25,2012,6,25,67340,40
2012-06-26,2012,6,26,38860,60
2012-06-27,2012,6,27,45023,23
2012-06-28,2012,6,28,14169,69
2012-06-29,2012,6,29,43681,81
2012-06-30,2012,6,30,82717,17
2012-07-01,2012,7,1,70234,34
2012-07-02,2012,7,2,15453,53
2012-07-03,2012,7,3,14165,65
2012-07-04,2012,7,4,92296,96
2012-07-05,2012,7,5,88705,05
2012-07-06,2012,7,6,28192,92
2012-07-07,2012,7,7,24485,85
2012-07-08,2012,7,8,65787,87
2012-07-09,2012,7,9,59759,59
2012-07-10,2012,7,10,38562,62
2012-07-11,2012,7,11,67926,26
2012-07-12,2012,7,12,16447,47
2012-07-13,2012,7,13,75535,35
2012-07-14,2012,7,14,41486,86
2012-07-15,2012,7,15,27641,41
2012-07-16,2012,7,16,88533,33
2012-07-17,2012,7,17,51007,07
2012-07-18,2012,7,18,60909,09
2012-07-19,2012,7,19,15943,43
2012-07-20,2012,7,20,71146,46
2012-07-21,2012,7,21,67703,03
2012-07-22,2012,7,22,40669,69
2012-07-23,2012,7,23,39424,24
2012-07-24,2012,7,24,09676,76
2012-07-25,2012,7,25,37818,18
2012-07-26,2012,7,26,69615,15
2012-07-27,2012,7,27,51819,19
2012-07-28,2012,7,28,11934,34
2012-07-29,2012,7,29,67776,76
2012-07-30,2012,7,30,03203,03
2012-07-31,2012,7,31,57830,30
2012-08-01,2012,8,1,60324,24
2012-08-02,2012,8,2,87297,97
2012-08-03,2012,8,3,76528,28
2012-08-04,2012,8,4,70700,00
2012-08-05,2012,8,5,93255,55
2012-08-06,2012,8,6,80272,72
2012-08-07,2012,8,7,91225,25
2012-08-08,2012,8,8,53851,51
2012-08-09,2012,8,9,28224,24
2012-08-10,2012,8,10,22907,07
2012-08-11,2012,8,11,07332,32
2012-08-12,2012,8,12,24729,29
2012-08-13,2012,8,13,54610,10
2012-08-14,2012,8,14,63305,05
2012-08-15,2012,8,15,02597,97
2012-08-16,2012,8,16,32917,17
2012-08-17,2012,8,17,78317,17
2012-08-18,2012,8,18,42933,33
2012-08-19,2012,8,19,40708,08
2012-08-20,2012,8,20,17171,71
2012-08-21,2012,8,21,60055,55
2012-08-22,2012,8,22,50353,53
2012-08-23,2012,8,23,56584,84
2012-08-24,2012,8,24,38877,77
2012-08-25,2012,8,25,72850,50
2012-08-26,2012,8,26,32198,98
2012-08-27,2012,8,27,41871,71
2012-08-28,2012,8,28,96446,46
2012-08-29,2012,8,29,35188,88
2012-08-30,2012,8,30,60106,06
2012-08-31,2012,8,31,39999,99
2012-09-01,2012,9,1,17223,23
2012-09-02,2012,9,2,36146,46
2012-09-03,2012,9,3,14271,71
2012-09-04,2012,9,4,73943,43
2012-09-05,2012,9,5,26558,58
2012-09-06,2012,9,6,09666,66
2012-09-07,2012,9,7,27841,41
2012-09-08,2012,9,8,65632,32
2012-09-09,2012,9,9,71932,32
2012-09-10,2012,9,10,52499,99
2012-09-11,2012,9,11,53809,09
2012-09-12,2012,9,12,61114,14
2012-09-13,2012,9,13,00460,60
2012-09-14,2012,9,14,72701,01
2012-09-15,2012,9,15,89215,15
2012-09-16,2012,9,16,48799,99
2012-09-17,2012,9,17,61498,98
2012-09-18,2012,9,18,57675,75
2012-09-19,2012,9,19,43850,50
2012-09-20,2012,9,20,50568,68
2012-09-21,2012,9,21,88774,74
2012-09-22,2012,9,22,47921,21
2012-09-23,2012,9,23,23673,73
2012-09-24,2012,9,24,89544,44
2012-09-25,2012,9,25,93919,19
2012-09-26,2012,9,26,83176,76
2012-09-27,2012,9,27,56836,36
2012-09-28,2012,9,28,45576,76
2012-09-29,2012,9,29,81518,18
2012-09-30,2012,9,30,93665,65
2012-10-01,2012,10,1,41277,77
2012-10-02,2012,10,2,70927,27
2012-10-03,2012,10,3,64412,12
2012-10-04,2012,10,4,50734,34
2012-10-05,2012,10,5,09260,60
2012-10-06,2012,10,6,66321,21
2012-10-07,2012,10,7,68818,18
2012-10-08,2012,10,8,91692,92
2012-10-09,2012,10,9,68128,28
2012-10-10,2012,10,10,61164,64
2012-10-11,2012,10,11,65557,57
2012-10-12,2012,10,12,75138,38
2012-10-13,2012,10,13,17172,72
2012-10-14,2012,10,14,80606,06
2012-10-15,2012,10,15,26044,44
2012-10-16,2012,10,16,33911,11
2012-10-17,2012,10,17,37944,44
2012-10-18,2012,10,18,69893,93
2012-10-19,2012,10,19,38339,39
2012-10-20,2012,10,20,36829,29
2012-10-21,2012,10,21,35693,93
2012-10-22,2012,10,22,35772,72
2012-10-23,2012,10,23,11372,72
2012-10-24,2012,10,24,25426,26
2012-10-25,2012,10,25,91649,49
2012-10-26,2012,10,26,19327,27
2012-10-27,2012,10,27,71037,37
2012-10-28,2012,10,28,47181,81
2012-10-29,2012,10,29,49425,25
2012-10-30,2012,10,30,61010,10
2012-10-31,2012,10,31,61061,61
2012-11-01,2012,11,1,92416,16
2012-11-02,2012,11,2,45396,96
2012-11-03,2012,11,3,33068,68
2012-11-04,2012,11,4,30790,90
2012-11-05,2012,11,5,52582,82
2012-11-06,2012,11,6,43188,88
2012-11-07,2012,11,7,25905,05
2012-11-08,2012,11,8,98685,85
2012-11-09,2012,11,9,73438,38
2012-11-10,2012,11,10,15582,82
2012-11-11,2012,11,11,86348,48
2012-11-12,2012,11,12,64639,39
2012-11-13,2012,11,13,78446,46
2012-11-14,2012,11,14,63783,83
2012-11-15,2012,11,15,68228,28
2012-11-16,2012,11,16,02637,37
2012-11-17,2012,11,17,77131,31
2012-11-18,2012,11,18,60548,48
2012-11-19,2012,11,19,25825,25
2012-11-20,2012,11,20,24966,66
2012-11-21,2012,11,21,72199,99
2012-11-22,2012,11,22,08000,00
2012-11-23,2012,11,23,97101,01
2012-11-24,2012,11,24,05629,29
2012-11-25,2012,11,25,57581,81
2012-11-26,2012,11,26,33594,94
2012-11-27,2012,11,27,45808,08
2012-11-28,2012,11,28,38837,37
2012-11-29,2012,11,29,59488,88
2012-11-30,2012,11,30,13907,07
2012-12-01,2012,12,1,57839,39
2012-12-02,2012,12,2,83424,24
2012-12-03,2012,12,3,10237,37
2012-12-04,2012,12,4,59048,48
2012-12-05,2012,12,5,61775,75
2012-12-06,2012,12,6,69975,75
2012-12-07,2012,12,7,59039,39
2012-12-08,2012,12,8,03166,66
2012-12-09,2012,12,9,48736,36
2012-12-10,2012,12,10,87258,58
2012-12-11,2012,12,11,54661,61
2012-12-12,2012,12,12,61124,24
2012-12-13,2012,12,13,44402,02
2012-12-14,2012,12,14,67147,47
2012-12-15,2012,12,15,85239,39
2012-12-16,2012,12,16,99691,91
2012-12-17,2012,12,17,22660,60
2012-12-18,2012,12,18,92199,99
2012-12-19,2012,12,19,49391,91
2012-12-20,2012,12,20,13260,60
2012-12-21,2012,12,21,74181,81
2012-12-22,2012,12,22,00633,33
2012-12-23,2012,12,23,49780,80
2012-12-24,2012,12,24,27429,29
2012-12-25,2012,12,25,72349,49
2012-12-26,2012,12,26,75059,59
2012-12-27,2012,12,27,88468,68
2012-12-28,2012,12,28,94686,86
2012-12-29,2012,12,29,01361,61
2012-12-30,2012,12,30,21505,05
2012-12-31,2012,12,31,63998,98
2013-01-01,2013,1,1,04278,78
2013-01-02,2013,1,2,10604,04
2013-01-03,2013,1,3,20781,81
2013-01-04,2013,1,4,82963,63
2013-01-05,2013,1,5,84326,26
2013-01-06,2013,1,6,62866,66
2013-01-07,2013,1,7,16934,34
2013-01-08,2013,1,8,90932,32
2013-01-09,2013,1,9,48625,25
2013-01-10,2013,1,10,43764,64
2013-01-11,2013,1,11,94789,89
2013-01-12,2013,1,12,62793,93
2013-01-13,2013,1,13,26415,15
2013-01-14,2013,1,14,83620,20
2013-01-15,2013,1,15,90137,37
2013-01-16,2013,1,16,76353,53
2013-01-17,2013,1,17,88407,07
2013-01-18,2013,1,18,57514,14
2013-01-19,2013,1,19,85374,74
2013-01-20,2013,1,20,00611,11
2013-01-21,2013,1,21,36311,11
2013-01-22,2013,1,22,07088,88
2013-01-23,2013,1,23,89406,06
2013-01-24,2013,1,24,55380,80
2013-01-25,2013,1,25,98856,56
2013-01-26,2013,1,26,73308,08
2013-01-27,2013,1,27,99085,85
2013-01-28,2013,1,28,06215,15
2013-01-29,2013,1,29,63532,32
2013-01-30,2013,1,30,42243,43
2013-01-31,2013,1,31,98944,44
2013-02-01,2013,2,1,88498,98
2013-02-02,2013,2,2,39204,04
2013-02-03,2013,2,3,48124,24
2013-02-04,2013,2,4,87155,55
2013-02-05,2013,2,5,23094,94
2013-02-06,2013,2,6,27690,90
2013-02-07,2013,2,7,47956,56
2013-02-08,2013,2,8,55678,78
2013-02-13,2013,2,13,50148,48
2013-02-14,2013,2,14,26439,39
2013-02-15,2013,2,15,96515,15
2013-02-16,2013,2,16,16254,54
2013-02-17,2013,2,17,02319,19
2013-02-18,2013,2,18,75593,93
2013-02-19,2013,2,19,41415,15
2013-02-20,2013,2,20,30016,16
2013-02-21,2013,2,21,10162,62
2013-02-22,2013,2,22,85283,83
2013-02-23,2013,2,23,67437,37
2013-02-24,2013,2,24,62370,70
2013-02-25,2013,2,25,65404,04
2013-02-26,2013,2,26,36545,45
2013-02-27,2013,2,27,83590,90
2013-02-28,2013,2,28,36897,97
2013-03-01,2013,3,1,66797,97
2013-03-02,2013,3,2,50109,09
2013-03-03,2013,3,3,13019,19
2013-03-04,2013,3,4,33982,82
2013-03-05,2013,3,5,91904,04
2013-03-06,2013,3,6,16998,98
2013-03-07,2013,3,7,29946,46
2013-03-08,2013,3,8,33629,29
2013-03-09,2013,3,9,97887,87
2013-03-10,2013,3,10,33433,33
2013-03-11,2013,3,11,83014,14
2013-03-12,2013,3,12,74237,37
2013-03-13,2013,3,13,48660,60
2013-03-14,2013,3,14,71225,25
2013-03-15,2013,3,15,90692,92
2013-03-16,2013,3,16,06544,44
2013-03-17,2013,3,17,08586,86
2013-03-18,2013,3,18,92160,60
2013-03-19,2013,3,19,10810,10
2013-03-20,2013,3,20,93974,74
2013-03-21,2013,3,21,75377,77
2013-03-22,2013,3,22,93958,58
2013-03-23,2013,3,23,89391,91
2013-03-24,2013,3,24,17715,15
2013-03-25,2013,3,25,44482,82
2013-03-26,2013,3,26,51492,92
2013-03-27,2013,3,27,45571,71
2013-03-28,2013,3,28,62540,40
2013-03-29,2013,3,29,44334,34
2013-03-30,2013,3,30,79398,98
2013-03-31,2013,3,31,28635,35
2013-04-01,2013,4,1,76416,16
2013-04-02,2013,4,2,23619,19
2013-04-03,2013,4,3,87670,70
2013-04-04,2013,4,4,51222,22
2013-04-05,2013,4,5,26909,09
2013-04-06,2013,4,6,88056,56
2013-04-07,2013,4,7,14307,07
2013-04-08,2013,4,8,49432,32
2013-04-09,2013,4,9,89411,11
2013-04-10,2013,4,10,00350,50
2013-04-11,2013,4,11,27626,26
2013-04-12,2013,4,12,58046,46
2013-04-13,2013,4,13,39985,85
2013-04-14,2013,4,14,62341,41
2013-04-15,2013,4,15,53517,17
2013-04-16,2013,4,16,25895,95
2013-04-17,2013,4,17,64261,61
2013-04-18,2013,4,18,53089,89
2013-04-19,2013,4,19,48048,48
2013-04-20,2013,4,20,13411,11
2013-04-21,2013,4,21,35616,16
2013-04-22,2013,4,22,52138,38
2013-04-23,2013,4,23,82447,47
2013-04-24,2013,4,24,13101,01
2013-04-25,2013,4,25,47030,30
2013-04-26,2013,4,26,30101,01
2013-04-27,2013,4,27,32639,39
2013-04-28,2013,4,28,46640,40
2013-04-29,2013,4,29,69043,43
2013-04-30,2013,4,30,13627,27
2013-05-01,2013,5,1,43000,00
2013-05-02,2013,5,2,29696,96
2013-05-03,2013,5,3,73306,06
2013-05-04,2013,5,4,54550,50
2013-05-05,2013,5,5,27857,57
2013-05-06,2013,5,6,84037,37
2013-05-07,2013,5,7,57145,45
2013-05-08,2013,5,8,72965,65
2013-05-09,2013,5,9,28777,77
2013-05-10,2013,5,10,15497,97
2013-05-11,2013,5,11,52003,03
2013-05-12,2013,5,12,82671,71
2013-05-13,2013,5,13,66287,87
2013-05-14,2013,5,14,26866,66
2013-05-15,2013,5,15,72642,42
2013-05-16,2013,5,16,98376,76
2013-05-17,2013,5,17,17701,01
2013-05-18,2013,5,18,28736,36
2013-05-19,2013,5,19,81517,17
2013-05-20,2013,5,20,61753,53
2013-05-21,2013,5,21,61334,34
2013-05-22,2013,5,22,18450,50
2013-05-23,2013,5,23,25852,52
2013-05-24,2013,5,24,19229,29
2013-05-25,2013,5,25,60011,11
2013-05-26,2013,5,26,29086,86
2013-05-27,2013,5,27,81344,44
2013-05-28,2013,5,28,05581,81
2013-05-29,2013,5,29,34437,37
2013-05-30,2013,5,30,64352,52
2013-05-31,2013,5,31,93713,13
2013-06-01,2013,6,1,48425,25
2013-06-02,2013,6,2,74829,29
2013-06-03,2013,6,3,51795,95
2013-06-04,2013,6,4,78098,98
2013-06-05,2013,6,5,86032,32
2013-06-06,2013,6,6,87636,36
2013-06-07,2013,6,7,42634,34
2013-06-08,2013,6,8,49579,79
2013-06-09,2013,6,9,99535,35
2013-06-10,2013,6,10,06373,73
2013-06-11,2013,6,11,77186,86
2013-06-12,2013,6,12,18643,43
2013-06-13,2013,6,13,38053,53
2013-06-14,2013,6,14,76614,14
2013-06-15,2013,6,15,87415,15
2013-06-16,2013,6,16,99073,73
2013-06-17,2013,6,17,02974,74
2013-06-18,2013,6,18,03805,05
2013-06-19,2013,6,19,54077,77
2013-06-20,2013,6,20,67475,75
2013-06-21,2013,6,21,61123,23
2013-06-22,2013,6,22,26305,05
2013-06-23,2013,6,23,53599,99
2013-06-24,2013,6,24,52324,24
2013-06-25,2013,6,25,90757,57
2013-06-26,2013,6,26,14734,34
2013-06-27,2013,6,27,39316,16
2013-06-28,2013,6,28,73028,28
2013-06-29,2013,6,29,26526,26
2013-06-30,2013,6,30,20888,88
2013-07-01,2013,7,1,13987,87
2013-07-02,2013,7,2,55195,95
2013-07-03,2013,7,3,91840,40
2013-07-04,2013,7,4,18981,81
2013-07-05,2013,7,5,55039,39
2013-07-06,2013,7,6,69625,25
2013-07-07,2013,7,7,84108,08
2013-07-08,2013,7,8,43734,34
2013-07-09,2013,7,9,84480,80
2013-07-10,2013,7,10,04315,15
2013-07-11,2013,7,11,62407,07
2013-07-12,2013,7,12,40316,16
2013-07-13,2013,7,13,71448,48
2013-07-14,2013,7,14,25509,09
2013-07-15,2013,7,15,81900,00
2013-07-16,2013,7,16,11391,91
2013-07-17,2013,7,17,69822,22
2013-07-18,2013,7,18,95963,63
2013-07-19,2013,7,19,13901,01
2013-07-20,2013,7,20,63052,52
2013-07-21,2013,7,21,59127,27
2013-07-22,2013,7,22,63833,33
2013-07-23,2013,7,23,34713,13
2013-07-24,2013,7,24,22865,65
2013-07-25,2013,7,25,08904,04
2013-07-26,2013,7,26,82009,09
2013-07-27,2013,7,27,46216,16
2013-07-28,2013,7,28,32219,19
2013-07-29,2013,7,29,08309,09
2013-07-30,2013,7,30,45579,79
2013-07-31,2013,7,31,66317,17
2013-08-01,2013,8,1,92413,13
2013-08-02,2013,8,2,91085,85
2013-08-03,2013,8,3,22537,37
2013-08-04,2013,8,4,18089,89
2013-08-05,2013,8,5,99951,51
2013-08-06,2013,8,6,61755,55
2013-08-07,2013,8,7,38906,06
2013-08-08,2013,8,8,84972,72
2013-08-09,2013,8,9,18961,61
2013-08-10,2013,8,10,20669,69
2013-08-11,2013,8,11,94198,98
2013-08-12,2013,8,12,81484,84
2013-08-13,2013,8,13,85368,68
2013-08-14,2013,8,14,40132,32
2013-08-15,2013,8,15,25771,71
2013-08-16,2013,8,16,45906,06
2013-08-17,2013,8,17,16802,02
2013-08-18,2013,8,18,81577,77
2013-08-19,2013,8,19,07902,02
2013-08-20,2013,8,20,16553,53
2013-08-21,2013,8,21,26059,59
2013-08-22,2013,8,22,55798,98
2013-08-23,2013,8,23,05768,68
2013-08-24,2013,8,24,78680,80
2013-08-25,2013,8,25,62303,03
2013-08-26,2013,8,26,87388,88
2013-08-27,2013,8,27,39494,94
2013-08-28,2013,8,28,63396,96
2013-08-29,2013,8,29,80662,62
2013-08-30,2013,8,30,53391,91
2013-08-31,2013,8,31,61544,44
2013-09-01,2013,9,1,71955,55
2013-09-02,2013,9,2,81661,61
2013-09-03,2013,9,3,07046,46
2013-09-04,2013,9,4,96157,57
2013-09-05,2013,9,5,31593,93
2013-09-06,2013,9,6,27101,01
2013-09-07,2013,9,7,42609,09
2013-09-08,2013,9,8,51200,00
2013-09-09,2013,9,9,22482,82
2013-09-10,2013,9,10,09079,79
2013-09-11,2013,9,11,04474,74
2013-09-12,2013,9,12,87404,04
2013-09-13,2013,9,13,97705,05
2013-09-14,2013,9,14,03950,50
2013-09-15,2013,9,15,93385,85
2013-09-16,2013,9,16,71286,86
2013-09-17,2013,9,17,71961,61
2013-09-18,2013,9,18,90428,28
2013-09-19,2013,9,19,63090,90
2013-09-20,2013,9,20,48439,39
2013-09-21,2013,9,21,59735,35
2013-09-22,2013,9,22,63978,78
2013-09-23,2013,9,23,82802,02
2013-09-24,2013,9,24,28251,51
2013-09-25,2013,9,25,68014,14
2013-09-26,2013,9,26,78741,41
2013-09-27,2013,9,27,08025,25
2013-09-28,2013,9,28,86810,10
2013-09-29,2013,9,29,27245,45
2013-09-30,2013,9,30,47648,48
2013-10-01,2013,10,1,38960,60
2013-10-02,2013,10,2,18234,34
2013-10-03,2013,10,3,99511,11
2013-10-04,2013,10,4,43333,33
2013-10-05,2013,10,5,25522,22
2013-10-06,2013,10,6,64372,72
2013-10-07,2013,10,7,05393,93
2013-10-08,2013,10,8,81438,38
2013-10-09,2013,10,9,63197,97
2013-10-10,2013,10,10,08711,11
2013-10-11,2013,10,11,63938,38
2013-10-12,2013,10,12,63255,55
2013-10-13,2013,10,13,31391,91
2013-10-14,2013,10,14,45484,84
2013-10-15,2013,10,15,20538,38
2013-10-16,2013,10,16,73595,95
2013-10-17,2013,10,17,56279,79
2013-10-18,2013,10,18,74506,06
2013-10-19,2013,10,19,35399,99
2013-10-20,2013,10,20,91284,84
2013-10-21,2013,10,21,18672,72
2013-10-22,2013,10,22,49189,89
2013-10-23,2013,10,23,10215,15
2013-10-24,2013,10,24,28128,28
2013-10-25,2013,10,25,87864,64
2013-10-26,2013,10,26,72845,45
2013-10-27,2013,10,27,27183,83
2013-10-28,2013,10,28,49752,52
2013-10-29,2013,10,29,28828,28
2013-10-30,2013,10,30,00571,71
2013-10-31,2013,10,31,57148,48
2013-11-01,2013,11,1,59628,28
2013-11-02,2013,11,2,89390,90
2013-11-03,2013,11,3,88072,72
2013-11-04,2013,11,4,42671,71
2013-11-05,2013,11,5,82367,67
2013-11-06,2013,11,6,56703,03
2013-11-07,2013,11,7,29933,33
2013-11-08,2013,11,8,75180,80
2013-11-09,2013,11,9,56559,59
2013-11-10,2013,11,10,33567,67
2013-11-11,2013,11,11,05959,59
2013-11-12,2013,11,12,56259,59
2013-11-13,2013,11,13,32135,35
2013-11-14,2013,11,14,22171,71
2013-11-15,2013,11,15,50194,94
2013-11-16,2013,11,16,54106,06
2013-11-17,2013,11,17,22598,98
2013-11-18,2013,11,18,38275,75
2013-11-19,2013,11,19,85746,46
2013-11-20,2013,11,20,15241,41
2013-11-21,2013,11,21,77572,72
2013-11-22,2013,11,22,12080,80
2013-11-23,2013,11,23,63183,83
2013-11-24,2013,11,24,69378,78
2013-11-25,2013,11,25,97429,29
2013-11-26,2013,11,26,24761,61
2013-11-27,2013,11,27,22634,34
2013-11-28,2013,11,28,61492,92
2013-11-29,2013,11,29,92748,48
2013-11-30,2013,11,30,22253,53
2013-12-01,2013,12,1,18932,32
2013-12-02,2013,12,2,71176,76
2013-12-03,2013,12,3,90676,76
2013-12-04,2013,12,4,90085,85
2013-12-05,2013,12,5,75842,42
2013-12-06,2013,12,6,25507,07
2013-12-07,2013,12,7,64314,14
2013-12-08,2013,12,8,50863,63
2013-12-09,2013,12,9,09006,06
2013-12-10,2013,12,10,44099,99
2013-12-11,2013,12,11,49375,75
2013-12-12,2013,12,12,22230,30
2013-12-13,2013,12,13,65877,77
2013-12-14,2013,12,14,13456,56
2013-12-15,2013,12,15,14903,03
2013-12-16,2013,12,16,03721,21
2013-12-17,2013,12,17,07673,73
2013-12-18,2013,12,18,53676,76
2013-12-19,2013,12,19,80942,42
2013-12-20,2013,12,20,19578,78
2013-12-21,2013,12,21,59421,21
2013-12-22,2013,12,22,21155,55
2013-12-23,2013,12,23,64738,38
2013-12-24,2013,12,24,88132,32
2013-12-25,2013,12,25,94322,22
2013-12-26,2013,12,26,42212,12
2013-12-27,2013,12,27,40974,74
2013-12-28,2013,12,28,18822,22
2013-12-29,2013,12,29,87887,87
2013-12-30,2013,12,30,09706,06
2013-12-31,2013,12,31,12422,22
2014-01-01,2014,1,1,49932,32
2014-01-02,2014,1,2,26757,57
2014-01-03,2014,1,3,42976,76
2014-01-04,2014,1,4,53329,29
2014-01-05,2014,1,5,87267,67
2014-01-06,2014,1,6,99257,57
2014-01-07,2014,1,7,54545,45
2014-01-08,2014,1,8,15791,91
2014-01-09,2014,1,9,60483,83
2014-01-10,2014,1,10,18714,14
2014-01-11,2014,1,11,14523,23
2014-01-12,2014,1,12,66472,72
2014-01-13,2014,1,13,06465,65
2014-01-14,2014,1,14,63674,74
2014-01-15,2014,1,15,14570,70
2014-01-16,2014,1,16,90626,26
2014-01-17,2014,1,17,55839,39
2014-01-18,2014,1,18,25665,65
2014-01-19,2014,1,19,37653,53
2014-01-20,2014,1,20,34098,98
2014-01-21,2014,1,21,18772,72
2014-01-22,2014,1,22,41958,58
2014-01-23,2014,1,23,22602,02
2014-01-24,2014,1,24,14951,51
2014-01-25,2014,1,25,19584,84
2014-01-26,2014,1,26,77158,58
2014-01-27,2014,1,27,85463,63
2014-01-28,2014,1,28,27662,62
2014-01-29,2014,1,29,13899,99
2014-02-03,2014,2,3,54416,16
2014-02-04,2014,2,4,53024,24
2014-02-05,2014,2,5,81966,66
2014-02-06,2014,2,6,66933,33
2014-02-07,2014,2,7,52114,14
2014-02-08,2014,2,8,66145,45
2014-02-09,2014,2,9,05148,48
2014-02-10,2014,2,10,63229,29
2014-02-11,2014,2,11,72501,01
2014-02-12,2014,2,12,74795,95
2014-02-13,2014,2,13,47208,08
2014-02-14,2014,2,14,11279,79
2014-02-15,2014,2,15,99536,36
2014-02-16,2014,2,16,39212,12
2014-02-17,2014,2,17,18696,96
2014-02-18,2014,2,18,91737,37
2014-02-19,2014,2,19,31764,64
2014-02-20,2014,2,20,76356,56
2014-02-21,2014,2,21,29789,89
2014-02-22,2014,2,22,32017,17
2014-02-23,2014,2,23,05214,14
2014-02-24,2014,2,24,47447,47
2014-02-25,2014,2,25,15342,42
2014-02-26,2014,2,26,06508,08
2014-02-27,2014,2,27,07448,48
2014-02-28,2014,2,28,67736,36
2014-03-01,2014,3,1,51215,15
2014-03-02,2014,3,2,51001,01
2014-03-03,2014,3,3,66679,79
2014-03-04,2014,3,4,45436,36
2014-03-05,2014,3,5,46682,82
2014-03-06,2014,3,6,82060,60
2014-03-07,2014,3,7,45290,90
2014-03-08,2014,3,8,48911,11
2014-03-09,2014,3,9,78825,25
2014-03-10,2014,3,10,66657,57
2014-03-11,2014,3,11,23630,30
2014-03-12,2014,3,12,67195,95
2014-03-13,2014,3,13,47934,34
2014-03-14,2014,3,14,18427,27
2014-03-15,2014,3,15,90065,65
2014-03-16,2014,3,16,46036,36
2014-03-17,2014,3,17,87385,85
2014-03-18,2014,3,18,38111,11
2014-03-19,2014,3,19,89858,58
2014-03-20,2014,3,20,65184,84
2014-03-21,2014,3,21,75253,53
2014-03-22,2014,3,22,64761,61
2014-03-23,2014,3,23,27894,94
2014-03-24,2014,3,24,98417,17
2014-03-25,2014,3,25,55788,88
2014-03-26,2014,3,26,45482,82
2014-03-27,2014,3,27,14235,35
2014-03-28,2014,3,28,59111,11
2014-03-29,2014,3,29,93922,22
2014-03-30,2014,3,30,50174,74
2014-03-31,2014,3,31,53984,84
2014-04-01,2014,4,1,71541,41
2014-04-02,2014,4,2,00767,67
2014-04-03,2014,4,3,69276,76
2014-04-04,2014,4,4,17893,93
2014-04-05,2014,4,5,04655,55
2014-04-06,2014,4,6,56709,09
2014-04-07,2014,4,7,41768,68
2014-04-08,2014,4,8,14312,12
2014-04-09,2014,4,9,33041,41
2014-04-10,2014,4,10,74674,74
2014-04-11,2014,4,11,95633,33
2014-04-12,2014,4,12,85634,34
2014-04-13,2014,4,13,35867,67
2014-04-14,2014,4,14,96573,73
2014-04-15,2014,4,15,86743,43
2014-04-16,2014,4,16,23906,06
2014-04-17,2014,4,17,09110,10
2014-04-18,2014,4,18,65471,71
2014-04-19,2014,4,19,84874,74
2014-04-20,2014,4,20,92108,08
2014-04-21,2014,4,21,31340,40
2014-04-22,2014,4,22,55155,55
2014-04-23,2014,4,23,09163,63
2014-04-24,2014,4,24,77969,69
2014-04-25,2014,4,25,36977,77
2014-04-26,2014,4,26,02561,61
2014-04-27,2014,4,27,72454,54
2014-04-28,2014,4,28,94678,78
2014-04-29,2014,4,29,75251,51
2014-04-30,2014,4,30,77368,68
2014-05-01,2014,5,1,89294,94
2014-05-02,2014,5,2,99852,52
2014-05-03,2014,5,3,97171,71
2014-05-04,2014,5,4,23309,09
2014-05-05,2014,5,5,90547,47
2014-05-06,2014,5,6,80448,48
2014-05-07,2014,5,7,96027,27
2014-05-08,2014,5,8,62885,85
2014-05-09,2014,5,9,18962,62
2014-05-10,2014,5,10,75042,42
2014-05-11,2014,5,11,03377,77
2014-05-12,2014,5,12,84703,03
2014-05-13,2014,5,13,88185,85
2014-05-14,2014,5,14,61511,11
2014-05-15,2014,5,15,79513,13
2014-05-16,2014,5,16,35053,53
2014-05-17,2014,5,17,73499,99
2014-05-18,2014,5,18,30547,47
2014-05-19,2014,5,19,44730,30
2014-05-20,2014,5,20,65500,00
2014-05-21,2014,5,21,97696,96
2014-05-22,2014,5,22,06529,29
2014-05-23,2014,5,23,65996,96
2014-05-24,2014,5,24,39454,54
2014-05-25,2014,5,25,11954,54
2014-05-26,2014,5,26,34345,45
2014-05-27,2014,5,27,45566,66
2014-05-28,2014,5,28,18197,97
2014-05-29,2014,5,29,01714,14
2014-05-30,2014,5,30,79122,22
2014-05-31,2014,5,31,19070,70
2014-06-01,2014,6,1,51233,33
2014-06-02,2014,6,2,70418,18
2014-06-03,2014,6,3,14006,06
2014-06-04,2014,6,4,61311,11
2014-06-05,2014,6,5,98598,98
2014-06-06,2014,6,6,08441,41
2014-06-07,2014,6,7,40639,39
2014-06-08,2014,6,8,20179,79
2014-06-09,2014,6,9,94160,60
2014-06-10,2014,6,10,18489,89
2014-06-11,2014,6,11,44151,51
2014-06-12,2014,6,12,57552,52
2014-06-13,2014,6,13,26285,85
2014-06-14,2014,6,14,97639,39
2014-06-15,2014,6,15,94239,39
2014-06-16,2014,6,16,00138,38
2014-06-17,2014,6,17,60863,63
2014-06-18,2014,6,18,97343,43
2014-06-19,2014,6,19,88244,44
2014-06-20,2014,6,20,94360,60
2014-06-21,2014,6,21,81412,12
2014-06-22,2014,6,22,49038,38
2014-06-23,2014,6,23,79142,42
2014-06-24,2014,6,24,43285,85
2014-06-25,2014,6,25,81557,57
2014-06-26,2014,6,26,11494,94
2014-06-27,2014,6,27,60240,40
2014-06-28,2014,6,28,41940,40
2014-06-29,2014,6,29,63731,31
2014-06-30,2014,6,30,86444,44
2014-07-01,2014,7,1,18133,33
2014-07-02,2014,7,2,29160,60
2014-07-03,2014,7,3,14696,96
2014-07-04,2014,7,4,77521,21
2014-07-05,2014,7,5,50815,15
2014-07-06,2014,7,6,85345,45
2014-07-07,2014,7,7,44050,50
2014-07-08,2014,7,8,09536,36
2014-07-09,2014,7,9,42534,34
2014-07-10,2014,7,10,10716,16
2014-07-11,2014,7,11,36252,52
2014-07-12,2014,7,12,13146,46
2014-07-13,2014,7,13,16482,82
2014-07-14,2014,7,14,65034,34
2014-07-15,2014,7,15,70181,81
2014-07-16,2014,7,16,57055,55
2014-07-17,2014,7,17,91216,16
2014-07-18,2014,7,18,87375,75
2014-07-19,2014,7,19,15841,41
2014-07-20,2014,7,20,31926,26
2014-07-21,2014,7,21,27778,78
2014-07-22,2014,7,22,36991,91
2014-07-23,2014,7,23,50864,64
2014-07-24,2014,7,24,40887,87
2014-07-25,2014,7,25,74199,99
2014-07-26,2014,7,26,32143,43
2014-07-27,2014,7,27,94263,63
2014-07-28,2014,7,28,73224,24
2014-07-29,2014,7,29,02228,28
2014-07-30,2014,7,30,86970,70
2014-07-31,2014,7,31,44282,82
2014-08-01,2014,8,1,10688,88
2014-08-02,2014,8,2,80945,45
2014-08-03,2014,8,3,28099,99
2014-08-04,2014,8,4,53604,04
2014-08-05,2014,8,5,24005,05
2014-08-06,2014,8,6,26004,04
2014-08-07,2014,8,7,98053,53
2014-08-08,2014,8,8,19927,27
2014-08-09,2014,8,9,85689,89
2014-08-10,2014,8,10,42313,13
2014-08-11,2014,8,11,12979,79
2014-08-12,2014,8,12,95361,61
2014-08-13,2014,8,13,38063,63
2014-08-14,2014,8,14,83192,92
2014-08-15,2014,8,15,61468,68
2014-08-16,2014,8,16,77362,62
2014-08-17,2014,8,17,67059,59
2014-08-18,2014,8,18,42470,70
2014-08-19,2014,8,19,05597,97
2014-08-20,2014,8,20,21864,64
2014-08-21,2014,8,21,96929,29
2014-08-22,2014,8,22,91788,88
2014-08-23,2014,8,23,54448,48
2014-08-24,2014,8,24,46782,82
2014-08-25,2014,8,25,43897,97
2014-08-26,2014,8,26,17870,70
2014-08-27,2014,8,27,63755,55
2014-08-28,2014,8,28,10260,60
2014-08-29,2014,8,29,45949,49
2014-08-30,2014,8,30,50554,54
2014-08-31,2014,8,31,98507,07
2014-09-01,2014,9,1,61809,09
2014-09-02,2014,9,2,71548,48
2014-09-03,2014,9,3,19342,42
2014-09-04,2014,9,4,86390,90
2014-09-05,2014,9,5,89997,97
2014-09-06,2014,9,6,14510,10
2014-09-07,2014,9,7,95004,04
2014-09-08,2014,9,8,70121,21
2014-09-09,2014,9,9,24077,77
2014-09-10,2014,9,10,75090,90
2014-09-11,2014,9,11,51987,87
2014-09-12,2014,9,12,23832,32
2014-09-13,2014,9,13,57052,52
2014-09-14,2014,9,14,42136,36
2014-09-15,2014,9,15,46745,45
2014-09-16,2014,9,16,22951,51
2014-09-17,2014,9,17,97389,89
2014-09-18,2014,9,18,39122,22
2014-09-19,2014,9,19,60804,04
2014-09-20,2014,9,20,23315,15
2014-09-21,2014,9,21,26443,43
2014-09-22,2014,9,22,03334,34
2014-09-23,2014,9,23,18320,20
2014-09-24,2014,9,24,75935,35
2014-09-25,2014,9,25,49293,93
2014-09-26,2014,9,26,08111,11
2014-09-27,2014,9,27,92386,86
2014-09-28,2014,9,28,14624,24
2014-09-29,2014,9,29,26001,01
2014-09-30,2014,9,30,50800,00
2014-10-01,2014,10,1,54396,96
2014-10-02,2014,10,2,45497,97
2014-10-03,2014,10,3,10491,91
2014-10-04,2014,10,4,41632,32
2014-10-05,2014,10,5,14165,65
2014-10-06,2014,10,6,86156,56
2014-10-07,2014,10,7,83139,39
2014-10-08,2014,10,8,92630,30
2014-10-09,2014,10,9,66759,59
2014-10-10,2014,10,10,11443,43
2014-10-11,2014,10,11,37766,66
2014-10-12,2014,10,12,38713,13
2014-10-13,2014,10,13,03839,39
2014-10-14,2014,10,14,96312,12
2014-10-15,2014,10,15,28583,83
2014-10-16,2014,10,16,89055,55
2014-10-17,2014,10,17,96621,21
2014-10-18,2014,10,18,84860,60
2014-10-19,2014,10,19,81372,72
2014-10-20,2014,10,20,03601,01
2014-10-21,2014,10,21,64906,06
2014-10-22,2014,10,22,86342,42
2014-10-23,2014,10,23,91254,54
2014-10-24,2014,10,24,41770,70
2014-10-25,2014,10,25,13256,56
2014-10-26,2014,10,26,62771,71
2014-10-27,2014,10,27,92384,84
2014-10-28,2014,10,28,99954,54
2014-10-29,2014,10,29,21089,89
2014-10-30,2014,10,30,25765,65
2014-10-31,2014,10,31,42851,51
2014-11-01,2014,11,1,81477,77
2014-11-02,2014,11,2,23411,11
2014-11-03,2014,11,3,42354,54
2014-11-04,2014,11,4,10896,96
2014-11-05,2014,11,5,38477,77
2014-11-06,2014,11,6,04225,25
2014-11-07,2014,11,7,55145,45
2014-11-08,2014,11,8,62292,92
2014-11-09,2014,11,9,37305,05
2014-11-10,2014,11,10,77706,06
2014-11-11,2014,11,11,98606,06
2014-11-12,2014,11,12,13038,38
2014-11-13,2014,11,13,15446,46
2014-11-14,2014,11,14,47897,97
2014-11-15,2014,11,15,73172,72
2014-11-16,2014,11,16,83219,19
2014-11-17,2014,11,17,77267,67
2014-11-18,2014,11,18,96154,54
2014-11-19,2014,11,19,78196,96
2014-11-20,2014,11,20,94868,68
2014-11-21,2014,11,21,83532,32
2014-11-22,2014,11,22,21736,36
2014-11-23,2014,11,23,70173,73
2014-11-24,2014,11,24,72851,51
2014-11-25,2014,11,25,30739,39
2014-11-26,2014,11,26,06810,10
2014-11-27,2014,11,27,36439,39
2014-11-28,2014,11,28,36219,19
2014-11-29,2014,11,29,21759,59
2014-11-30,2014,11,30,59763,63
2014-12-01,2014,12,1,10556,56
2014-12-02,2014,12,2,96781,81
2014-12-03,2014,12,3,76145,45
2014-12-04,2014,12,4,66465,65
2014-12-05,2014,12,5,29380,80
2014-12-06,2014,12,6,02187,87
2014-12-07,2014,12,7,16777,77
2014-12-08,2014,12,8,00396,96
2014-12-09,2014,12,9,53241,41
2014-12-10,2014,12,10,70782,82
2014-12-11,2014,12,11,20363,63
2014-12-12,2014,12,12,64123,23
2014-12-13,2014,12,13,81952,52
2014-12-14,2014,12,14,76442,42
2014-12-15,2014,12,15,17338,38
2014-12-16,2014,12,16,25952,52
2014-12-17,2014,12,17,52436,36
2014-12-18,2014,12,18,05919,19
2014-12-19,2014,12,19,98712,12
2014-12-20,2014,12,20,50270,70
2014-12-21,2014,12,21,79952,52
2014-12-22,2014,12,22,48853,53
2014-12-23,2014,12,23,08416,16
2014-12-24,2014,12,24,81561,61
2014-12-25,2014,12,25,23747,47
2014-12-26,2014,12,26,55659,59
2014-12-27,2014,12,27,95598,98
2014-12-28,2014,12,28,69212,12
2014-12-29,2014,12,29,18799,99
2014-12-30,2014,12,30,22297,97
2014-12-31,2014,12,31,23646,46
2015-01-01,2015,1,1,56276,76
2015-01-02,2015,1,2,84125,25
2015-01-03,2015,1,3,41864,64
2015-01-04,2015,1,4,91713,13
2015-01-05,2015,1,5,65001,01
2015-01-06,2015,1,6,21705,05
2015-01-07,2015,1,7,08008,08
2015-01-08,2015,1,8,98246,46
2015-01-09,2015,1,9,41262,62
2015-01-10,2015,1,10,43895,95
2015-01-11,2015,1,11,89443,43
2015-01-12,2015,1,12,02476,76
2015-01-13,2015,1,13,89091,91
2015-01-14,2015,1,14,62988,88
2015-01-15,2015,1,15,29806,06
2015-01-16,2015,1,16,72662,62
2015-01-17,2015,1,17,02191,91
2015-01-18,2015,1,18,65758,58
2015-01-19,2015,1,19,78933,33
2015-01-20,2015,1,20,64256,56
2015-01-21,2015,1,21,54831,31
2015-01-22,2015,1,22,24290,90
2015-01-23,2015,1,23,98700,00
2015-01-24,2015,1,24,59303,03
2015-01-25,2015,1,25,83725,25
2015-01-26,2015,1,26,25419,19
2015-01-27,2015,1,27,89188,88
2015-01-28,2015,1,28,43550,50
2015-01-29,2015,1,29,54556,56
2015-01-30,2015,1,30,71426,26
2015-01-31,2015,1,31,11084,84
2015-02-01,2015,2,1,76945,45
2015-02-02,2015,2,2,60649,49
2015-02-03,2015,2,3,84018,18
2015-02-04,2015,2,4,24285,85
2015-02-05,2015,2,5,48405,05
2015-02-06,2015,2,6,50971,71
2015-02-07,2015,2,7,97236,36
2015-02-08,2015,2,8,03607,07
2015-02-09,2015,2,9,69006,06
2015-02-10,2015,2,10,71083,83
2015-02-11,2015,2,11,27518,18
2015-02-12,2015,2,12,22545,45
2015-02-13,2015,2,13,81254,54
2015-02-14,2015,2,14,60459,59
2015-02-15,2015,2,15,59563,63
2015-02-16,2015,2,16,71638,38
2015-02-17,2015,2,17,29111,11
2015-02-22,2015,2,22,13812,12
2015-02-23,2015,2,23,01204,04
2015-02-24,2015,2,24,67313,13
2015-02-25,2015,2,25,15853,53
2015-02-26,2015,2,26,16291,91
2015-02-27,2015,2,27,48088,88
2015-02-28,2015,2,28,62393,93
2015-03-01,2015,3,1,58195,95
2015-03-02,2015,3,2,23297,97
2015-03-03,2015,3,3,34548,48
2015-03-04,2015,3,4,14455,55
2015-03-05,2015,3,5,89462,62
2015-03-06,2015,3,6,87585,85
2015-03-07,2015,3,7,31288,88
2015-03-08,2015,3,8,55427,27
2015-03-09,2015,3,9,80299,99
2015-03-10,2015,3,10,91950,50
2015-03-11,2015,3,11,36017,17
2015-03-12,2015,3,12,93207,07
2015-03-13,2015,3,13,72429,29
2015-03-14,2015,3,14,88301,01
2015-03-15,2015,3,15,78089,89
2015-03-16,2015,3,16,35489,89
2015-03-17,2015,3,17,28451,51
2015-03-18,2015,3,18,96033,33
2015-03-19,2015,3,19,83756,56
2015-03-20,2015,3,20,79872,72
2015-03-21,2015,3,21,49387,87
2015-03-22,2015,3,22,68603,03
2015-03-23,2015,3,23,93027,27
2015-03-24,2015,3,24,56781,81
2015-03-25,2015,3,25,31447,47
2015-03-26,2015,3,26,38024,24
2015-03-27,2015,3,27,25345,45
2015-03-28,2015,3,28,45057,57
2015-03-29,2015,3,29,20019,19
2015-03-30,2015,3,30,49471,71
2015-03-31,2015,3,31,04704,04
2015-04-01,2015,4,1,35200,00
2015-04-02,2015,4,2,51565,65
2015-04-03,2015,4,3,59199,99
2015-04-04,2015,4,4,45881,81
2015-04-05,2015,4,5,07686,86
2015-04-06,2015,4,6,53967,67
2015-04-07,2015,4,7,78652,52
2015-04-08,2015,4,8,93325,25
2015-04-09,2015,4,9,49175,75
2015-04-10,2015,4,10,35615,15
2015-04-11,2015,4,11,08712,12
2015-04-12,2015,4,12,72096,96
2015-04-13,2015,4,13,49813,13
2015-04-14,2015,4,14,11164,64
2015-04-15,2015,4,15,85815,15
2015-04-16,2015,4,16,38673,73
2015-04-17,2015,4,17,34848,48
2015-04-18,2015,4,18,89316,16
2015-04-19,2015,4,19,90672,72
2015-04-20,2015,4,20,38066,66
2015-04-21,2015,4,21,39768,68
2015-04-22,2015,4,22,19460,60
2015-04-23,2015,4,23,21551,51
2015-04-24,2015,4,24,95378,78
2015-04-25,2015,4,25,38176,76
2015-04-26,2015,4,26,14493,93
2015-04-27,2015,4,27,53429,29
2015-04-28,2015,4,28,48571,71
2015-04-29,2015,4,29,80669,69
2015-04-30,2015,4,30,07844,44
2015-05-01,2015,5,1,46431,31
2015-05-02,2015,5,2,92947,47
2015-05-03,2015,5,3,85415,15
2015-05-04,2015,5,4,56983,83
2015-05-05,2015,5,5,44820,20
2015-05-06,2015,5,6,84075,75
2015-05-07,2015,5,7,64210,10
2015-05-08,2015,5,8,30191,91
2015-05-09,2015,5,9,32907,07
2015-05-10,2015,5,10,58268,68
2015-05-11,2015,5,11,00620,20
2015-05-12,2015,5,12,68375,75
2015-05-13,2015,5,13,20310,10
2015-05-14,2015,5,14,44195,95
2015-05-15,2015,5,15,14199,99
2015-05-16,2015,5,16,93043,43
2015-05-17,2015,5,17,08062,62
2015-05-18,2015,5,18,20906,06
2015-05-19,2015,5,19,44920,20
2015-05-20,2015,5,20,76663,63
2015-05-21,2015,5,21,52200,00
2015-05-22,2015,5,22,23026,26
2015-05-23,2015,5,23,41469,69
2015-05-24,2015,5,24,47944,44
2015-05-25,2015,5,25,47246,46
2015-05-26,2015,5,26,16856,56
2015-05-27,2015,5,27,83155,55
2015-05-28,2015,5,28,16661,61
2015-05-29,2015,5,29,45518,18
2015-05-30,2015,5,30,18637,37
2015-05-31,2015,5,31,16739,39
2015-06-01,2015,6,1,02178,78
2015-06-02,2015,6,2,17132,32
2015-06-03,2015,6,3,40740,40
2015-06-04,2015,6,4,41878,78
2015-06-05,2015,6,5,23184,84
2015-06-06,2015,6,6,08420,20
2015-06-07,2015,6,7,53295,95
2015-06-08,2015,6,8,86884,84
2015-06-09,2015,6,9,62027,27
2015-06-10,2015,6,10,80802,02
2015-06-11,2015,6,11,19566,66
2015-06-12,2015,6,12,83329,29
2015-06-13,2015,6,13,24282,82
2015-06-14,2015,6,14,25731,31
2015-06-15,2015,6,15,86948,48
2015-06-16,2015,6,16,15122,22
2015-06-17,2015,6,17,49267,67
2015-06-18,2015,6,18,17191,91
2015-06-19,2015,6,19,53239,39
2015-06-20,2015,6,20,93136,36
2015-06-21,2015,6,21,80763,63
2015-06-22,2015,6,22,09120,20
2015-06-23,2015,6,23,19993,93
2015-06-24,2015,6,24,36770,70
2015-06-25,2015,6,25,83019,19
2015-06-26,2015,6,26,39900,00
2015-06-27,2015,6,27,02781,81
2015-06-28,2015,6,28,74862,62
2015-06-29,2015,6,29,66949,49
2015-06-30,2015,6,30,11703,03
2015-07-01,2015,7,1,70165,65
2015-07-02,2015,7,2,19387,87
2015-07-03,2015,7,3,74762,62
2015-07-04,2015,7,4,30754,54
2015-07-05,2015,7,5,21792,92
2015-07-06,2015,7,6,20484,84
2015-07-07,2015,7,7,07746,46
2015-07-08,2015,7,8,34665,65
2015-07-09,2015,7,9,10176,76
2015-07-10,2015,7,10,81556,56
2015-07-11,2015,7,11,48009,09
2015-07-12,2015,7,12,65874,74
2015-07-13,2015,7,13,16984,84
2015-07-14,2015,7,14,05900,00
2015-07-15,2015,7,15,85356,56
2015-07-16,2015,7,16,95814,14
2015-07-17,2015,7,17,46722,22
2015-07-18,2015,7,18,25540,40
2015-07-19,2015,7,19,94703,03
2015-07-20,2015,7,20,63820,20
2015-07-21,2015,7,21,52414,14
2015-07-22,2015,7,22,17590,90
2015-07-23,2015,7,23,98120,20
2015-07-24,2015,7,24,95488,88
2015-07-25,2015,7,25,15890,90
2015-07-26,2015,7,26,79675,75
2015-07-27,2015,7,27,14709,09
2015-07-28,2015,7,28,75879,79
2015-07-29,2015,7,29,07059,59
2015-07-30,2015,7,30,27896,96
2015-07-31,2015,7,31,21574,74
2015-08-01,2015,8,1,66443,43
2015-08-02,2015,8,2,15650,50
2015-08-03,2015,8,3,60895,95
2015-08-04,2015,8,4,63108,08
2015-08-05,2015,8,5,54930,30
2015-08-06,2015,8,6,68373,73
2015-08-07,2015,8,7,61782,82
2015-08-08,2015,8,8,21531,31
2015-08-09,2015,8,9,57536,36
2015-08-10,2015,8,10,04976,76
2015-08-11,2015,8,11,64908,08
2015-08-12,2015,8,12,80505,05
2015-08-13,2015,8,13,15389,89
2015-08-14,2015,8,14,21836,36
2015-08-15,2015,8,15,58421,21
2015-08-16,2015,8,16,26736,36
2015-08-17,2015,8,17,68631,31
2015-08-18,2015,8,18,65322,22
2015-08-19,2015,8,19,16718,18
2015-08-20,2015,8,20,83013,13
2015-08-21,2015,8,21,20073,73
2015-08-22,2015,8,22,43249,49
2015-08-23,2015,8,23,52880,80
2015-08-24,2015,8,24,34970,70
2015-08-25,2015,8,25,50519,19
2015-08-26,2015,8,26,83301,01
2015-08-27,2015,8,27,28658,58
2015-08-28,2015,8,28,57912,12
2015-08-29,2015,8,29,88290,90
2015-08-30,2015,8,30,50436,36
2015-08-31,2015,8,31,92122,22
2015-09-01,2015,9,1,10689,89
2015-09-02,2015,9,2,55897,97
2015-09-03,2015,9,3,86669,69
2015-09-04,2015,9,4,99001,01
2015-09-05,2015,9,5,40389,89
2015-09-06,2015,9,6,34803,03
2015-09-07,2015,9,7,20180,80
2015-09-08,2015,9,8,47743,43
2015-09-09,2015,9,9,81894,94
2015-09-10,2015,9,10,60043,43
2015-09-11,2015,9,11,39208,08
2015-09-12,2015,9,12,72771,71
2015-09-13,2015,9,13,87653,53
2015-09-14,2015,9,14,73292,92
2015-09-15,2015,9,15,36312,12
2015-09-16,2015,9,16,58642,42
2015-09-17,2015,9,17,80834,34
2015-09-18,2015,9,18,63514,14
2015-09-19,2015,9,19,26997,97
2015-09-20,2015,9,20,40031,31
2015-09-21,2015,9,21,08304,04
2015-09-22,2015,9,22,84120,20
2015-09-23,2015,9,23,20433,33
2015-09-24,2015,9,24,52117,17
2015-09-25,2015,9,25,67847,47
2015-09-26,2015,9,26,92987,87
2015-09-27,2015,9,27,49047,47
2015-09-28,2015,9,28,97561,61
2015-09-29,2015,9,29,94489,89
2015-09-30,2015,9,30,77432,32
2015-10-01,2015,10,1,71290,90
2015-10-02,2015,10,2,54201,01
2015-10-03,2015,10,3,23506,06
2015-10-04,2015,10,4,80339,39
2015-10-05,2015,10,5,75734,34
2015-10-06,2015,10,6,89780,80
2015-10-07,2015,10,7,35208,08
2015-10-08,2015,10,8,44655,55
2015-10-09,2015,10,9,34881,81
2015-10-10,2015,10,10,17590,90
2015-10-11,2015,10,11,18535,35
2015-10-12,2015,10,12,56873,73
2015-10-13,2015,10,13,73607,07
2015-10-14,2015,10,14,50685,85
2015-10-15,2015,10,15,89956,56
2015-10-16,2015,10,16,19413,13
2015-10-17,2015,10,17,78016,16
2015-10-18,2015,10,18,60472,72
2015-10-19,2015,10,19,83245,45
2015-10-20,2015,10,20,44745,45
2015-10-21,2015,10,21,93930,30
2015-10-22,2015,10,22,61669,69
2015-10-23,2015,10,23,62259,59
2015-10-24,2015,10,24,21494,94
2015-10-25,2015,10,25,76970,70
2015-10-26,2015,10,26,16894,94
2015-10-27,2015,10,27,72228,28
2015-10-28,2015,10,28,76946,46
2015-10-29,2015,10,29,52515,15
2015-10-30,2015,10,30,37538,38
2015-10-31,2015,10,31,08048,48
2015-11-01,2015,11,1,93476,76
2015-11-02,2015,11,2,52970,70
2015-11-03,2015,11,3,39435,35
2015-11-04,2015,11,4,26978,78
2015-11-05,2015,11,5,73424,24
2015-11-06,2015,11,6,30628,28
2015-11-07,2015,11,7,77915,15
2015-11-08,2015,11,8,35545,45
2015-11-09,2015,11,9,11322,22
2015-11-10,2015,11,10,13137,37
2015-11-11,2015,11,11,96056,56
2015-11-12,2015,11,12,75057,57
2015-11-13,2015,11,13,85791,91
2015-11-14,2015,11,14,27297,97
2015-11-15,2015,11,15,62831,31
2015-11-16,2015,11,16,58915,15
2015-11-17,2015,11,17,74639,39
2015-11-18,2015,11,18,80260,60
2015-11-19,2015,11,19,62931,31
2015-11-20,2015,11,20,63131,31
2015-11-21,2015,11,21,12809,09
2015-11-22,2015,11,22,23368,68
2015-11-23,2015,11,23,52781,81
2015-11-24,2015,11,24,56329,29
2015-11-25,2015,11,25,92396,96
2015-11-26,2015,11,26,60233,33
2015-11-27,2015,11,27,61591,91
2015-11-28,2015,11,28,52446,46
2015-11-29,2015,11,29,07314,14
2015-11-30,2015,11,30,20754,54
2015-12-01,2015,12,1,83078,78
2015-12-02,2015,12,2,90340,40
2015-12-03,2015,12,3,15390,90
2015-12-04,2015,12,4,83363,63
2015-12-05,2015,12,5,95736,36
2015-12-06,2015,12,6,94295,95
2015-12-07,2015,12,7,85725,25
2015-12-08,2015,12,8,49977,77
2015-12-09,2015,12,9,32853,53
2015-12-10,2015,12,10,97936,36
2015-12-11,2015,12,11,32825,25
2015-12-12,2015,12,12,09312,12
2015-12-13,2015,12,13,46605,05
2015-12-14,2015,12,14,48114,14
2015-12-15,2015,12,15,49712,12
2015-12-16,2015,12,16,82079,79
2015-12-17,2015,12,17,08386,86
2015-12-18,2015,12,18,83260,60
2015-12-19,2015,12,19,97935,35
2015-12-20,2015,12,20,58868,68
2015-12-21,2015,12,21,07742,42
2015-12-22,2015,12,22,37538,38
2015-12-23,2015,12,23,01309,09
2015-12-24,2015,12,24,62710,10
2015-12-25,2015,12,25,85140,40
2015-12-26,2015,12,26,23185,85
2015-12-27,2015,12,27,49017,17
2015-12-28,2015,12,28,46328,28
2015-12-29,2015,12,29,48196,96
2015-12-30,2015,12,30,59778,78
2015-12-31,2015,12,31,89356,56
2016-01-01,2016,1,1,52552,52
2016-01-02,2016,1,2,13142,42
2016-01-03,2016,1,3,97311,11
2016-01-04,2016,1,4,25261,61
2016-01-05,2016,1,5,89851,51
2016-01-06,2016,1,6,08627,27
2016-01-07,2016,1,7,03734,34
2016-01-08,2016,1,8,45018,18
2016-01-09,2016,1,9,57584,84
2016-01-10,2016,1,10,95772,72
2016-01-11,2016,1,11,12617,17
2016-01-12,2016,1,12,70514,14
2016-01-13,2016,1,13,71502,02
2016-01-14,2016,1,14,45552,52
2016-01-15,2016,1,15,30777,77
2016-01-16,2016,1,16,40987,87
2016-01-17,2016,1,17,79881,81
2016-01-18,2016,1,18,78706,06
2016-01-19,2016,1,19,82885,85
2016-01-20,2016,1,20,39941,41
2016-01-21,2016,1,21,38001,01
2016-01-22,2016,1,22,00157,57
2016-01-23,2016,1,23,20282,82
2016-01-24,2016,1,24,29150,50
2016-01-25,2016,1,25,11704,04
2016-01-26,2016,1,26,76605,05
2016-01-27,2016,1,27,11201,01
2016-01-28,2016,1,28,12792,92
2016-01-29,2016,1,29,76011,11
2016-01-30,2016,1,30,68158,58
2016-01-31,2016,1,31,46739,39
2016-02-01,2016,2,1,47619,19
2016-02-02,2016,2,2,72537,37
2016-02-03,2016,2,3,84175,75
2016-02-04,2016,2,4,31058,58
2016-02-05,2016,2,5,97783,83
2016-02-06,2016,2,6,90033,33
2016-02-11,2016,2,11,11181,81
2016-02-12,2016,2,12,05786,86
2016-02-13,2016,2,13,02105,05
2016-02-14,2016,2,14,14362,62
2016-02-15,2016,2,15,35632,32
2016-02-16,2016,2,16,56185,85
2016-02-17,2016,2,17,01788,88
2016-02-18,2016,2,18,31635,35
2016-02-19,2016,2,19,41543,43
2016-02-20,2016,2,20,31805,05
2016-02-21,2016,2,21,87489,89
2016-02-22,2016,2,22,33258,58
2016-02-23,2016,2,23,69465,65
2016-02-24,2016,2,24,48676,76
2016-02-25,2016,2,25,15452,52
2016-02-26,2016,2,26,33639,39
2016-02-27,2016,2,27,46409,09
2016-02-28,2016,2,28,46648,48
2016-02-29,2016,2,29,36733,33
2016-03-01,2016,3,1,47739,39
2016-03-02,2016,3,2,47167,67
2016-03-03,2016,3,3,59194,94
2016-03-04,2016,3,4,74704,04
2016-03-05,2016,3,5,61911,11
2016-03-06,2016,3,6,23296,96
2016-03-07,2016,3,7,82785,85
2016-03-08,2016,3,8,37566,66
2016-03-09,2016,3,9,26818,18
2016-03-10,2016,3,10,31091,91
2016-03-11,2016,3,11,26510,10
2016-03-12,2016,3,12,76090,90
2016-03-13,2016,3,13,78400,00
2016-03-14,2016,3,14,22142,42
2016-03-15,2016,3,15,90316,16
2016-03-16,2016,3,16,42093,93
2016-03-17,2016,3,17,98518,18
2016-03-18,2016,3,18,54125,25
2016-03-19,2016,3,19,14610,10
2016-03-20,2016,3,20,37344,44
2016-03-21,2016,3,21,59430,30
2016-03-22,2016,3,22,66350,50
2016-03-23,2016,3,23,98752,52
2016-03-24,2016,3,24,49896,96
2016-03-25,2016,3,25,85152,52
2016-03-26,2016,3,26,36982,82
2016-03-27,2016,3,27,00806,06
2016-03-28,2016,3,28,81751,51
2016-03-29,2016,3,29,40184,84
2016-03-30,2016,3,30,61692,92
2016-03-31,2016,3,31,44978,78
2016-04-01,2016,4,1,92332,32
2016-04-02,2016,4,2,79373,73
2016-04-03,2016,4,3,27895,95
2016-04-04,2016,4,4,57747,47
2016-04-05,2016,4,5,77541,41
2016-04-06,2016,4,6,56802,02
2016-04-07,2016,4,7,26188,88
2016-04-08,2016,4,8,93793,93
2016-04-09,2016,4,9,45423,23
2016-04-10,2016,4,10,18636,36
2016-04-11,2016,4,11,28435,35
2016-04-12,2016,4,12,10140,40
2016-04-13,2016,4,13,09821,21
2016-04-14,2016,4,14,09866,66
2016-04-15,2016,4,15,50653,53
2016-04-16,2016,4,16,50227,27
2016-04-17,2016,4,17,03388,88
2016-04-18,2016,4,18,70502,02
2016-04-19,2016,4,19,10506,06
2016-04-20,2016,4,20,20075,75
2016-04-21,2016,4,21,31780,80
2016-04-22,2016,4,22,06580,80
2016-04-23,2016,4,23,97066,66
2016-04-24,2016,4,24,73815,15
2016-04-25,2016,4,25,47878,78
2016-04-26,2016,4,26,83725,25
2016-04-27,2016,4,27,90964,64
2016-04-28,2016,4,28,95627,27
2016-04-29,2016,4,29,65431,31
2016-04-30,2016,4,30,25434,34
2016-05-01,2016,5,1,90242,42
2016-05-02,2016,5,2,04196,96
2016-05-03,2016,5,3,12191,91
2016-05-04,2016,5,4,09640,40
2016-05-05,2016,5,5,83220,20
2016-05-06,2016,5,6,21153,53
2016-05-07,2016,5,7,45898,98
2016-05-08,2016,5,8,78522,22
2016-05-09,2016,5,9,43873,73
2016-05-10,2016,5,10,09857,57
2016-05-11,2016,5,11,83775,75
2016-05-12,2016,5,12,99739,39
2016-05-13,2016,5,13,62586,86
2016-05-14,2016,5,14,14724,24
2016-05-15,2016,5,15,11181,81
2016-05-16,2016,5,16,09334,34
2016-05-17,2016,5,17,32205,05
2016-05-18,2016,5,18,28192,92
2016-05-19,2016,5,19,59894,94
2016-05-20,2016,5,20,48441,41
2016-05-21,2016,5,21,75850,50
2016-05-22,2016,5,22,06448,48
2016-05-23,2016,5,23,93882,82
2016-05-24,2016,5,24,91964,64
2016-05-25,2016,5,25,49604,04
2016-05-26,2016,5,26,23854,54
2016-05-27,2016,5,27,15182,82
2016-05-28,2016,5,28,92490,90
2016-05-29,2016,5,29,95848,48
2016-05-30,2016,5,30,78638,38
2016-05-31,2016,5,31,53097,97
2016-06-01,2016,6,1,18687,87
2016-06-02,2016,6,2,66602,02
2016-06-03,2016,6,3,62998,98
2016-06-04,2016,6,4,25678,78
2016-06-05,2016,6,5,51092,92
2016-06-06,2016,6,6,34206,06
2016-06-07,2016,6,7,62752,52
2016-06-08,2016,6,8,73352,52
2016-06-09,2016,6,9,23090,90
2016-06-10,2016,6,10,68089,89
2016-06-11,2016,6,11,95619,19
2016-06-12,2016,6,12,92524,24
2016-06-13,2016,6,13,49093,93
2016-06-14,2016,6,14,25602,02
2016-06-15,2016,6,15,13478,78
2016-06-16,2016,6,16,23096,96
2016-06-17,2016,6,17,98107,07
2016-06-18,2016,6,18,27927,27
2016-06-19,2016,6,19,58056,56
2016-06-20,2016,6,20,56358,58
2016-06-21,2016,6,21,93142,42
2016-06-22,2016,6,22,82537,37
2016-06-23,2016,6,23,34529,29
2016-06-24,2016,6,24,76741,41
2016-06-25,2016,6,25,24409,09
2016-06-26,2016,6,26,71391,91
2016-06-27,2016,6,27,83475,75
2016-06-28,2016,6,28,07224,24
2016-06-29,2016,6,29,32883,83
2016-06-30,2016,6,30,08930,30
2016-07-01,2016,7,1,48487,87
2016-07-02,2016,7,2,26361,61
2016-07-03,2016,7,3,89691,91
2016-07-04,2016,7,4,26609,09
2016-07-05,2016,7,5,60071,71
2016-07-06,2016,7,6,18292,92
2016-07-07,2016,7,7,35917,17
2016-07-08,2016,7,8,69450,50
2016-07-09,2016,7,9,31202,02
2016-07-10,2016,7,10,18443,43
2016-07-11,2016,7,11,83690,90
2016-07-12,2016,7,12,90511,11
2016-07-13,2016,7,13,11427,27
2016-07-14,2016,7,14,42398,98
2016-07-15,2016,7,15,49070,70
2016-07-16,2016,7,16,57878,78
2016-07-17,2016,7,17,91503,03
2016-07-18,2016,7,18,88570,70
2016-07-19,2016,7,19,61718,18
2016-07-20,2016,7,20,74248,48
2016-07-21,2016,7,21,98540,40
2016-07-22,2016,7,22,46412,12
2016-07-23,2016,7,23,26473,73
2016-07-24,2016,7,24,69111,11
2016-07-25,2016,7,25,29835,35
2016-07-26,2016,7,26,95471,71
2016-07-27,2016,7,27,45804,04
2016-07-28,2016,7,28,03248,48
2016-07-29,2016,7,29,75446,46
2016-07-30,2016,7,30,64182,82
2016-07-31,2016,7,31,74642,42
2016-08-01,2016,8,1,14575,75
2016-08-02,2016,8,2,99399,99
2016-08-03,2016,8,3,82837,37
2016-08-04,2016,8,4,39113,13
2016-08-05,2016,8,5,20146,46
2016-08-06,2016,8,6,20891,91
2016-08-07,2016,8,7,93186,86
2016-08-08,2016,8,8,40203,03
2016-08-09,2016,8,9,08587,87
2016-08-10,2016,8,10,47054,54
2016-08-11,2016,8,11,79600,00
2016-08-12,2016,8,12,78663,63
2016-08-13,2016,8,13,81827,27
2016-08-14,2016,8,14,50182,82
2016-08-15,2016,8,15,85984,84
2016-08-16,2016,8,16,63712,12
2016-08-17,2016,8,17,08257,57
2016-08-18,2016,8,18,26862,62
2016-08-19,2016,8,19,98526,26
2016-08-20,2016,8,20,56320,20
2016-08-21,2016,8,21,04689,89
2016-08-22,2016,8,22,57958,58
2016-08-23,2016,8,23,14410,10
2016-08-24,2016,8,24,40602,02
2016-08-25,2016,8,25,53577,77
2016-08-26,2016,8,26,13061,61
2016-08-27,2016,8,27,87565,65
2016-08-28,2016,8,28,39470,70
2016-08-29,2016,8,29,31946,46
2016-08-30,2016,8,30,86844,44
2016-08-31,2016,8,31,77489,89
2016-09-01,2016,9,1,94102,02
2016-09-02,2016,9,2,76320,20
2016-09-03,2016,9,3,04829,29
2016-09-04,2016,9,4,14716,16
2016-09-05,2016,9,5,22187,87
2016-09-06,2016,9,6,47831,31
2016-09-07,2016,9,7,19416,16
2016-09-08,2016,9,8,39005,05
2016-09-09,2016,9,9,32801,01
2016-09-10,2016,9,10,35812,12
2016-09-11,2016,9,11,04507,07
2016-09-12,2016,9,12,68724,24
2016-09-13,2016,9,13,99709,09
2016-09-14,2016,9,14,96332,32
2016-09-15,2016,9,15,11538,38
2016-09-16,2016,9,16,13850,50
2016-09-17,2016,9,17,54005,05
2016-09-18,2016,9,18,85300,00
2016-09-19,2016,9,19,95167,67
2016-09-20,2016,9,20,67317,17
2016-09-21,2016,9,21,76294,94
2016-09-22,2016,9,22,24509,09
2016-09-23,2016,9,23,21533,33
2016-09-24,2016,9,24,29506,06
2016-09-25,2016,9,25,47190,90
2016-09-26,2016,9,26,75466,66
2016-09-27,2016,9,27,19291,91
2016-09-28,2016,9,28,10665,65
2016-09-29,2016,9,29,65071,71
2016-09-30,2016,9,30,06570,70
2016-10-01,2016,10,1,23398,98
2016-10-02,2016,10,2,78904,04
2016-10-03,2016,10,3,02821,21
2016-10-04,2016,10,4,54308,08
2016-10-05,2016,10,5,19938,38
2016-10-06,2016,10,6,43271,71
2016-10-07,2016,10,7,91616,16
2016-10-08,2016,10,8,58551,51
2016-10-09,2016,10,9,81128,28
2016-10-10,2016,10,10,73100,00
2016-10-11,2016,10,11,60300,00
2016-10-12,2016,10,12,01367,67
2016-10-13,2016,10,13,79453,53
2016-10-14,2016,10,14,90809,09
2016-10-15,2016,10,15,42118,18
2016-10-16,2016,10,16,87787,87
2016-10-17,2016,10,17,78953,53
2016-10-18,2016,10,18,65206,06
2016-10-19,2016,10,19,42683,83
2016-10-20,2016,10,20,39821,21
2016-10-21,2016,10,21,49878,78
2016-10-22,2016,10,22,57699,99
2016-10-23,2016,10,23,99887,87
2016-10-24,2016,10,24,94694,94
2016-10-25,2016,10,25,18942,42
2016-10-26,2016,10,26,29449,49
2016-10-27,2016,10,27,89231,31
2016-10-28,2016,10,28,33073,73
2016-10-29,2016,10,29,00161,61
2016-10-30,2016,10,30,35526,26
2016-10-31,2016,10,31,45373,73
2016-11-01,2016,11,1,64581,81
2016-11-02,2016,11,2,79843,43
2016-11-03,2016,11,3,31142,42
2016-11-04,2016,11,4,01381,81
2016-11-05,2016,11,5,85236,36
2016-11-06,2016,11,6,47674,74
2016-11-07,2016,11,7,91479,79
2016-11-08,2016,11,8,55986,86
2016-11-09,2016,11,9,22632,32
2016-11-10,2016,11,10,61973,73
2016-11-11,2016,11,11,72030,30
2016-11-12,2016,11,12,92452,52
2016-11-13,2016,11,13,04998,98
2016-11-14,2016,11,14,29639,39
2016-11-15,2016,11,15,29707,07
2016-11-16,2016,11,16,20979,79
2016-11-17,2016,11,17,52091,91
2016-11-18,2016,11,18,73368,68
2016-11-19,2016,11,19,52462,62
2016-11-20,2016,11,20,66074,74
2016-11-21,2016,11,21,39593,93
2016-11-22,2016,11,22,89476,76
2016-11-23,2016,11,23,61570,70
2016-11-24,2016,11,24,44896,96
2016-11-25,2016,11,25,66898,98
2016-11-26,2016,11,26,23808,08
2016-11-27,2016,11,27,37392,92
2016-11-28,2016,11,28,78162,62
2016-11-29,2016,11,29,89525,25
2016-11-30,2016,11,30,97475,75
2016-12-01,2016,12,1,04448,48
2016-12-02,2016,12,2,16291,91
2016-12-03,2016,12,3,16718,18
2016-12-04,2016,12,4,86749,49
2016-12-05,2016,12,5,67560,60
2016-12-06,2016,12,6,39324,24
2016-12-07,2016,12,7,72383,83
2016-12-08,2016,12,8,83121,21
2016-12-09,2016,12,9,06735,35
2016-12-10,2016,12,10,67134,34
2016-12-11,2016,12,11,94423,23
2016-12-12,2016,12,12,94479,79
2016-12-13,2016,12,13,66965,65
2016-12-14,2016,12,14,35289,89
2016-12-15,2016,12,15,51178,78
2016-12-16,2016,12,16,32101,01
2016-12-17,2016,12,17,76822,22
2016-12-18,2016,12,18,34908,08
2016-12-19,2016,12,19,18360,60
2016-12-20,2016,12,20,66718,18
2016-12-21,2016,12,21,32777,77
2016-12-22,2016,12,22,94684,84
2016-12-23,2016,12,23,10998,98
2016-12-24,2016,12,24,16938,38
2016-12-25,2016,12,25,82057,57
2016-12-26,2016,12,26,42325,25
2016-12-27,2016,12,27,97291,91
2016-12-28,2016,12,28,68044,44
2016-12-29,2016,12,29,14198,98
2016-12-30,2016,12,30,19617,17
2016-12-31,2016,12,31,26687,87
2017-01-01,2017,1,1,48951,51
2017-01-02,2017,1,2,53103,03
2017-01-03,2017,1,3,73385,85
2017-01-04,2017,1,4,20896,96
2017-01-05,2017,1,5,86192,92
2017-01-06,2017,1,6,97266,66
2017-01-07,2017,1,7,95356,56
2017-01-08,2017,1,8,28820,20
2017-01-09,2017,1,9,68976,76
2017-01-10,2017,1,10,42040,40
2017-01-11,2017,1,11,07790,90
2017-01-12,2017,1,12,69974,74
2017-01-13,2017,1,13,96334,34
2017-01-14,2017,1,14,27739,39
2017-01-15,2017,1,15,02489,89
2017-01-16,2017,1,16,66332,32
2017-01-17,2017,1,17,81223,23
2017-01-18,2017,1,18,37845,45
2017-01-19,2017,1,19,80047,47
2017-01-20,2017,1,20,43033,33
2017-01-21,2017,1,21,64105,05
2017-01-22,2017,1,22,52911,11
2017-01-23,2017,1,23,00872,72
2017-01-24,2017,1,24,57089,89
2017-01-25,2017,1,25,74696,96
2017-01-26,2017,1,26,40519,19
2017-01-31,2017,1,31,31203,03
2017-02-01,2017,2,1,71838,38
2017-02-02,2017,2,2,09649,49
2017-02-03,2017,2,3,22913,13
2017-02-04,2017,2,4,74529,29
2017-02-05,2017,2,5,22998,98
2017-02-06,2017,2,6,06859,59
2017-02-07,2017,2,7,99866,66
2017-02-08,2017,2,8,62814,14
2017-02-09,2017,2,9,66681,81
2017-02-10,2017,2,10,39252,52
2017-02-11,2017,2,11,78292,92
2017-02-12,2017,2,12,94247,47
2017-02-13,2017,2,13,94939,39
2017-02-14,2017,2,14,45613,13
2017-02-15,2017,2,15,48219,19
2017-02-16,2017,2,16,85543,43
2017-02-17,2017,2,17,77038,38
2017-02-18,2017,2,18,64476,76
2017-02-19,2017,2,19,13332,32
2017-02-20,2017,2,20,48532,32
2017-02-21,2017,2,21,79548,48
2017-02-22,2017,2,22,45266,66
2017-02-23,2017,2,23,44215,15
2017-02-24,2017,2,24,19659,59
2017-02-25,2017,2,25,87204,04
2017-02-26,2017,2,26,34623,23
2017-02-27,2017,2,27,09823,23
2017-02-28,2017,2,28,83098,98
2017-03-01,2017,3,1,14824,24
2017-03-02,2017,3,2,90801,01
2017-03-03,2017,3,3,42654,54
2017-03-04,2017,3,4,32217,17
2017-03-05,2017,3,5,00745,45
2017-03-06,2017,3,6,75615,15
2017-03-07,2017,3,7,86735,35
2017-03-08,2017,3,8,56949,49
2017-03-09,2017,3,9,00207,07
2017-03-10,2017,3,10,08701,01
2017-03-11,2017,3,11,53838,38
2017-03-12,2017,3,12,63995,95
2017-03-13,2017,3,13,51674,74
2017-03-14,2017,3,14,81040,40
2017-03-15,2017,3,15,98441,41
2017-03-16,2017,3,16,33000,00
2017-03-17,2017,3,17,72191,91
2017-03-18,2017,3,18,28263,63
2017-03-19,2017,3,19,34365,65
2017-03-20,2017,3,20,80860,60
2017-03-21,2017,3,21,15998,98
2017-03-22,2017,3,22,70175,75
2017-03-23,2017,3,23,06750,50
2017-03-24,2017,3,24,80732,32
2017-03-25,2017,3,25,17867,67
2017-03-26,2017,3,26,93508,08
2017-03-27,2017,3,27,13858,58
2017-03-28,2017,3,28,92233,33
2017-03-29,2017,3,29,18516,16
2017-03-30,2017,3,30,98628,28
2017-03-31,2017,3,31,57214,14
2017-04-01,2017,4,1,03235,35
2017-04-02,2017,4,2,31270,70
2017-04-03,2017,4,3,06143,43
2017-04-04,2017,4,4,69919,19
2017-04-05,2017,4,5,66007,07
2017-04-06,2017,4,6,55708,08
2017-04-07,2017,4,7,27281,81
2017-04-08,2017,4,8,99346,46
2017-04-09,2017,4,9,23716,16
2017-04-10,2017,4,10,34343,43
2017-04-11,2017,4,11,20459,59
2017-04-12,2017,4,12,64924,24
2017-04-13,2017,4,13,37311,11
2017-04-14,2017,4,14,78123,23
2017-04-15,2017,4,15,88945,45
2017-04-16,2017,4,16,73309,09
2017-04-17,2017,4,17,45622,22
2017-04-18,2017,4,18,03215,15
2017-04-19,2017,4,19,92086,86
2017-04-20,2017,4,20,64829,29
2017-04-21,2017,4,21,56407,07
2017-04-22,2017,4,22,59036,36
2017-04-23,2017,4,23,96705,05
2017-04-24,2017,4,24,80384,84
2017-04-25,2017,4,25,57149,49
2017-04-26,2017,4,26,71071,71
2017-04-27,2017,4,27,24363,63
2017-04-28,2017,4,28,26852,52
2017-04-29,2017,4,29,54621,21
2017-04-30,2017,4,30,13176,76
2017-05-01,2017,5,1,61365,65
2017-05-02,2017,5,2,42808,08
2017-05-03,2017,5,3,99681,81
2017-05-04,2017,5,4,18574,74
2017-05-05,2017,5,5,95129,29
2017-05-06,2017,5,6,61795,95
2017-05-07,2017,5,7,26439,39
2017-05-08,2017,5,8,51610,10
2017-05-09,2017,5,9,97276,76
2017-05-10,2017,5,10,56062,62
2017-05-11,2017,5,11,16161,61
2017-05-12,2017,5,12,08792,92
2017-05-13,2017,5,13,58255,55
2017-05-14,2017,5,14,30587,87
2017-05-15,2017,5,15,95749,49
2017-05-16,2017,5,16,99794,94
2017-05-17,2017,5,17,89370,70
2017-05-18,2017,5,18,35236,36
2017-05-19,2017,5,19,34080,80
2017-05-20,2017,5,20,43031,31
2017-05-21,2017,5,21,99377,77
2017-05-22,2017,5,22,82752,52
2017-05-23,2017,5,23,62307,07
2017-05-24,2017,5,24,31099,99
2017-05-25,2017,5,25,20369,69
2017-05-26,2017,5,26,56321,21
2017-05-27,2017,5,27,15355,55
2017-05-28,2017,5,28,25467,67
2017-05-29,2017,5,29,28444,44
2017-05-30,2017,5,30,59431,31
2017-05-31,2017,5,31,32266,66
2017-06-01,2017,6,1,98130,30
2017-06-02,2017,6,2,81736,36
2017-06-03,2017,6,3,40346,46
2017-06-04,2017,6,4,38585,85
2017-06-05,2017,6,5,86420,20
2017-06-06,2017,6,6,29539,39
2017-06-07,2017,6,7,35870,70
2017-06-08,2017,6,8,29887,87
2017-06-09,2017,6,9,91192,92
2017-06-10,2017,6,10,43869,69
2017-06-11,2017,6,11,18721,21
2017-06-12,2017,6,12,83555,55
2017-06-13,2017,6,13,78061,61
2017-06-14,2017,6,14,40909,09
2017-06-15,2017,6,15,38171,71
2017-06-16,2017,6,16,05480,80
2017-06-17,2017,6,17,18644,44
2017-06-18,2017,6,18,15276,76
2017-06-19,2017,6,19,83224,24
2017-06-20,2017,6,20,59097,97
2017-06-21,2017,6,21,35572,72
2017-06-22,2017,6,22,98378,78
2017-06-23,2017,6,23,86523,23
2017-06-24,2017,6,24,03261,61
2017-06-25,2017,6,25,48396,96
2017-06-26,2017,6,26,70727,27
2017-06-27,2017,6,27,40303,03
2017-06-28,2017,6,28,82194,94
2017-06-29,2017,6,29,33512,12
2017-06-30,2017,6,30,56409,09
2017-07-01,2017,7,1,82721,21
2017-07-02,2017,7,2,53349,49
2017-07-03,2017,7,3,98586,86
2017-07-04,2017,7,4,89148,48
2017-07-05,2017,7,5,72716,16
2017-07-06,2017,7,6,88882,82
2017-07-07,2017,7,7,28294,94
2017-07-08,2017,7,8,13786,86
2017-07-09,2017,7,9,96993,93
2017-07-10,2017,7,10,32247,47
2017-07-11,2017,7,11,69010,10
2017-07-12,2017,7,12,45712,12
2017-07-13,2017,7,13,07831,31
2017-07-14,2017,7,14,79866,66
2017-07-15,2017,7,15,08181,81
2017-07-16,2017,7,16,31039,39
2017-07-17,2017,7,17,05488,88
2017-07-18,2017,7,18,11666,66
2017-07-19,2017,7,19,66937,37
2017-07-20,2017,7,20,11733,33
2017-07-21,2017,7,21,20464,64
2017-07-22,2017,7,22,05281,81
2017-07-23,2017,7,23,08020,20
2017-07-24,2017,7,24,34037,37
2017-07-25,2017,7,25,97164,64
2017-07-26,2017,7,26,79967,67
2017-07-27,2017,7,27,77333,33
2017-07-28,2017,7,28,85139,39
2017-07-29,2017,7,29,66230,30
2017-07-30,2017,7,30,55570,70
2017-07-31,2017,7,31,09747,47
2017-08-01,2017,8,1,96565,65
2017-08-02,2017,8,2,60280,80
2017-08-03,2017,8,3,54613,13
2017-08-04,2017,8,4,31308,08
2017-08-05,2017,8,5,52783,83
2017-08-06,2017,8,6,51663,63
2017-08-07,2017,8,7,07823,23
2017-08-08,2017,8,8,46433,33
2017-08-09,2017,8,9,89716,16
2017-08-10,2017,8,10,35757,57
2017-08-11,2017,8,11,74312,12
2017-08-12,2017,8,12,75966,66
2017-08-13,2017,8,13,95407,07
2017-08-14,2017,8,14,90225,25
2017-08-15,2017,8,15,07631,31
2017-08-16,2017,8,16,28985,85
2017-08-17,2017,8,17,36271,71
2017-08-18,2017,8,18,22279,79
2017-08-19,2017,8,19,78649,49
2017-08-20,2017,8,20,70509,09
2017-08-21,2017,8,21,80981,81
2017-08-22,2017,8,22,65744,44
2017-08-23,2017,8,23,18468,68
2017-08-24,2017,8,24,41949,49
2017-08-25,2017,8,25,87899,99
2017-08-26,2017,8,26,76103,03
2017-08-27,2017,8,27,85886,86
2017-08-28,2017,8,28,66755,55
2017-08-29,2017,8,29,83998,98
2017-08-30,2017,8,30,69303,03
2017-08-31,2017,8,31,30454,54
2017-09-01,2017,9,1,22989,89
2017-09-02,2017,9,2,05731,31
2017-09-03,2017,9,3,95371,71
2017-09-04,2017,9,4,79857,57
2017-09-05,2017,9,5,70059,59
2017-09-06,2017,9,6,34369,69
2017-09-07,2017,9,7,50363,63
2017-09-08,2017,9,8,00730,30
2017-09-09,2017,9,9,41715,15
2017-09-10,2017,9,10,37993,93
2017-09-11,2017,9,11,08819,19
2017-09-12,2017,9,12,76795,95
2017-09-13,2017,9,13,64060,60
2017-09-14,2017,9,14,42140,40
2017-09-15,2017,9,15,66956,56
2017-09-16,2017,9,16,38485,85
2017-09-17,2017,9,17,94612,12
2017-09-18,2017,9,18,58601,01
2017-09-19,2017,9,19,68546,46
2017-09-20,2017,9,20,07873,73
2017-09-21,2017,9,21,89470,70
2017-09-22,2017,9,22,10587,87
2017-09-23,2017,9,23,18770,70
2017-09-24,2017,9,24,26652,52
2017-09-25,2017,9,25,91239,39
2017-09-26,2017,9,26,35043,43
2017-09-27,2017,9,27,62777,77
2017-09-28,2017,9,28,78296,96
2017-09-29,2017,9,29,56766,66
2017-09-30,2017,9,30,99334,34
2017-10-01,2017,10,1,52863,63
2017-10-02,2017,10,2,53707,07
2017-10-03,2017,10,3,75648,48
2017-10-04,2017,10,4,09379,79
2017-10-05,2017,10,5,20996,96
2017-10-06,2017,10,6,58309,09
2017-10-07,2017,10,7,29424,24
2017-10-08,2017,10,8,55801,01
2017-10-09,2017,10,9,15437,37
2017-10-10,2017,10,10,62571,71
2017-10-11,2017,10,11,00090,90
2017-10-12,2017,10,12,49604,04
2017-10-13,2017,10,13,47028,28
2017-10-14,2017,10,14,69172,72
2017-10-15,2017,10,15,30185,85
2017-10-16,2017,10,16,94549,49
2017-10-17,2017,10,17,84824,24
2017-10-18,2017,10,18,89570,70
2017-10-19,2017,10,19,59331,31
2017-10-20,2017,10,20,65732,32
2017-10-21,2017,10,21,75095,95
2017-10-22,2017,10,22,45353,53
2017-10-23,2017,10,23,30791,91
2017-10-24,2017,10,24,20234,34
2017-10-25,2017,10,25,22622,22
2017-10-26,2017,10,26,42282,82
2017-10-27,2017,10,27,51627,27
2017-10-28,2017,10,28,88324,24
2017-10-29,2017,10,29,31270,70
2017-10-30,2017,10,30,13687,87
2017-10-31,2017,10,31,48743,43
2017-11-01,2017,11,1,83492,92
2017-11-02,2017,11,2,99761,61
2017-11-03,2017,11,3,31134,34
2017-11-04,2017,11,4,40627,27
2017-11-05,2017,11,5,90260,60
2017-11-06,2017,11,6,03355,55
2017-11-07,2017,11,7,71038,38
2017-11-08,2017,11,8,03183,83
2017-11-09,2017,11,9,04327,27
2017-11-10,2017,11,10,70523,23
2017-11-11,2017,11,11,02893,93
2017-11-12,2017,11,12,99365,65
2017-11-13,2017,11,13,33541,41
2017-11-14,2017,11,14,35397,97
2017-11-15,2017,11,15,27798,98
2017-11-16,2017,11,16,24750,50
2017-11-17,2017,11,17,35408,08
2017-11-18,2017,11,18,01622,22
2017-11-19,2017,11,19,85761,61
2017-11-20,2017,11,20,33137,37
2017-11-21,2017,11,21,19753,53
2017-11-22,2017,11,22,83824,24
2017-11-23,2017,11,23,80062,62
2017-11-24,2017,11,24,43268,68
2017-11-25,2017,11,25,72680,80
2017-11-26,2017,11,26,55409,09
2017-11-27,2017,11,27,19011,11
2017-11-28,2017,11,28,36205,05
2017-11-29,2017,11,29,95375,75
2017-11-30,2017,11,30,51750,50
2017-12-01,2017,12,1,35516,16
2017-12-02,2017,12,2,70870,70
2017-12-03,2017,12,3,95809,09
2017-12-04,2017,12,4,60833,33
2017-12-05,2017,12,5,82177,77
2017-12-06,2017,12,6,02564,64
2017-12-07,2017,12,7,08953,53
2017-12-08,2017,12,8,60081,81
2017-12-09,2017,12,9,83892,92
2017-12-10,2017,12,10,99478,78
2017-12-11,2017,12,11,39260,60
2017-12-12,2017,12,12,58349,49
2017-12-13,2017,12,13,35272,72
2017-12-14,2017,12,14,21487,87
2017-12-15,2017,12,15,17168,68
2017-12-16,2017,12,16,71531,31
2017-12-17,2017,12,17,35048,48
2017-12-18,2017,12,18,64375,75
2017-12-19,2017,12,19,25818,18
2017-12-20,2017,12,20,94568,68
2017-12-21,2017,12,21,96758,58
2017-12-22,2017,12,22,59521,21
2017-12-23,2017,12,23,53369,69
2017-12-24,2017,12,24,89886,86
2017-12-25,2017,12,25,30363,63
2017-12-26,2017,12,26,12404,04
2017-12-27,2017,12,27,84416,16
2017-12-28,2017,12,28,59705,05
2017-12-29,2017,12,29,53773,73
2017-12-30,2017,12,30,61773,73
2017-12-31,2017,12,31,73459,59
2018-01-01,2018,1,1,91662,62
2018-01-02,2018,1,2,84631,31
2018-01-03,2018,1,3,11717,17
2018-01-04,2018,1,4,62274,74
2018-01-05,2018,1,5,18105,05
2018-01-06,2018,1,6,15589,89
2018-01-07,2018,1,7,13957,57
2018-01-08,2018,1,8,79708,08
2018-01-09,2018,1,9,81062,62
2018-01-10,2018,1,10,94944,44
2018-01-11,2018,1,11,88149,49
2018-01-12,2018,1,12,77077,77
2018-01-13,2018,1,13,04264,64
2018-01-14,2018,1,14,45021,21
2018-01-15,2018,1,15,85298,98
2018-01-16,2018,1,16,13766,66
2018-01-17,2018,1,17,62609,09
2018-01-18,2018,1,18,41201,01
2018-01-19,2018,1,19,67721,21
2018-01-20,2018,1,20,69463,63
2018-01-21,2018,1,21,87139,39
2018-01-22,2018,1,22,24960,60
2018-01-23,2018,1,23,33101,01
2018-01-24,2018,1,24,41657,57
2018-01-25,2018,1,25,60568,68
2018-01-26,2018,1,26,82445,45
2018-01-27,2018,1,27,31583,83
2018-01-28,2018,1,28,98451,51
2018-01-29,2018,1,29,75547,47
2018-01-30,2018,1,30,93729,29
2018-01-31,2018,1,31,74348,48
2018-02-01,2018,2,1,40951,51
2018-02-02,2018,2,2,61573,73
2018-02-03,2018,2,3,37601,01
2018-02-04,2018,2,4,52643,43
2018-02-05,2018,2,5,36829,29
2018-02-06,2018,2,6,68495,95
2018-02-07,2018,2,7,74825,25
2018-02-08,2018,2,8,68975,75
2018-02-09,2018,2,9,18625,25
2018-02-10,2018,2,10,93481,81
2018-02-11,2018,2,11,49568,68
2018-02-12,2018,2,12,40999,99
2018-02-13,2018,2,13,56489,89
2018-02-14,2018,2,14,83871,71
2018-02-19,2018,2,19,81908,08
2018-02-20,2018,2,20,38528,28
2018-02-21,2018,2,21,29059,59
2018-02-22,2018,2,22,69965,65
2018-02-23,2018,2,23,61444,44
2018-02-24,2018,2,24,00154,54
2018-02-25,2018,2,25,64510,10
2018-02-26,2018,2,26,50039,39
2018-02-27,2018,2,27,36366,66
2018-02-28,2018,2,28,71657,57
2018-03-01,2018,3,1,94228,28
2018-03-02,2018,3,2,05180,80
2018-03-03,2018,3,3,90586,86
2018-03-04,2018,3,4,16873,73
2018-03-05,2018,3,5,98565,65
2018-03-06,2018,3,6,93060,60
2018-03-07,2018,3,7,85983,83
2018-03-08,2018,3,8,00998,98
2018-03-09,2018,3,9,21423,23
2018-03-10,2018,3,10,03830,30
2018-03-11,2018,3,11,35229,29
2018-03-12,2018,3,12,17577,77
2018-03-13,2018,3,13,58507,07
2018-03-14,2018,3,14,90354,54
2018-03-15,2018,3,15,46416,16
2018-03-16,2018,3,16,24049,49
2018-03-17,2018,3,17,81636,36
2018-03-18,2018,3,18,58038,38
2018-03-19,2018,3,19,08294,94
2018-03-20,2018,3,20,61165,65
2018-03-21,2018,3,21,68585,85
2018-03-22,2018,3,22,29539,39
2018-03-23,2018,3,23,14613,13
2018-03-24,2018,3,24,05545,45
2018-03-25,2018,3,25,96594,94
2018-03-26,2018,3,26,07223,23
2018-03-27,2018,3,27,18467,67
2018-03-28,2018,3,28,23588,88
2018-03-29,2018,3,29,46168,68
2018-03-30,2018,3,30,44900,00
2018-03-31,2018,3,31,34439,39
2018-04-01,2018,4,1,75571,71
2018-04-02,2018,4,2,19012,12
2018-04-03,2018,4,3,85446,46
2018-04-04,2018,4,4,64482,82
2018-04-05,2018,4,5,37294,94
2018-04-06,2018,4,6,76309,09
2018-04-07,2018,4,7,91498,98
2018-04-08,2018,4,8,61763,63
2018-04-09,2018,4,9,97323,23
2018-04-10,2018,4,10,79188,88
2018-04-11,2018,4,11,34765,65
2018-04-12,2018,4,12,70118,18
2018-04-13,2018,4,13,42501,01
2018-04-14,2018,4,14,71370,70
2018-04-15,2018,4,15,25452,52
2018-04-16,2018,4,16,20546,46
2018-04-17,2018,4,17,83064,64
2018-04-18,2018,4,18,73822,22
2018-04-19,2018,4,19,34580,80
2018-04-20,2018,4,20,23061,61
2018-04-21,2018,4,21,69966,66
2018-04-22,2018,4,22,29568,68
2018-04-23,2018,4,23,32369,69
2018-04-24,2018,4,24,28845,45
2018-04-25,2018,4,25,26550,50
2018-04-26,2018,4,26,92986,86
2018-04-27,2018,4,27,10230,30
2018-04-28,2018,4,28,39786,86
2018-04-29,2018,4,29,19447,47
2018-04-30,2018,4,30,45514,14
2018-05-01,2018,5,1,55556,56
2018-05-02,2018,5,2,03379,79
2018-05-03,2018,5,3,74902,02
2018-05-04,2018,5,4,95201,01
2018-05-05,2018,5,5,29482,82
2018-05-06,2018,5,6,78238,38
2018-05-07,2018,5,7,85664,64
2018-05-08,2018,5,8,35876,76
2018-05-09,2018,5,9,55560,60
2018-05-10,2018,5,10,69710,10
2018-05-11,2018,5,11,37704,04
2018-05-12,2018,5,12,98581,81
2018-05-13,2018,5,13,27336,36
2018-05-14,2018,5,14,41345,45
2018-05-15,2018,5,15,10316,16
2018-05-16,2018,5,16,71470,70
2018-05-17,2018,5,17,87623,23
2018-05-18,2018,5,18,38740,40
2018-05-19,2018,5,19,15245,45
2018-05-20,2018,5,20,32370,70
2018-05-21,2018,5,21,06511,11
2018-05-22,2018,5,22,81330,30
2018-05-23,2018,5,23,37544,44
2018-05-24,2018,5,24,42876,76
2018-05-25,2018,5,25,89936,36
2018-05-26,2018,5,26,70873,73
2018-05-27,2018,5,27,63408,08
2018-05-28,2018,5,28,44938,38
2018-05-29,2018,5,29,26997,97
2018-05-30,2018,5,30,43163,63
2018-05-31,2018,5,31,93554,54
2018-06-01,2018,6,1,99872,72
2018-06-02,2018,6,2,79685,85
2018-06-03,2018,6,3,97900,00
2018-06-04,2018,6,4,68083,83
2018-06-05,2018,6,5,08485,85
2018-06-06,2018,6,6,66175,75
2018-06-07,2018,6,7,45882,82
2018-06-08,2018,6,8,27538,38
2018-06-09,2018,6,9,54099,99
2018-06-10,2018,6,10,01603,03
2018-06-11,2018,6,11,35854,54
2018-06-12,2018,6,12,64199,99
2018-06-13,2018,6,13,03937,37
2018-06-14,2018,6,14,54343,43
2018-06-15,2018,6,15,70145,45
2018-06-16,2018,6,16,81948,48
2018-06-17,2018,6,17,83564,64
2018-06-18,2018,6,18,86133,33
2018-06-19,2018,6,19,15489,89
2018-06-20,2018,6,20,81615,15
2018-06-21,2018,6,21,57997,97
2018-06-22,2018,6,22,03183,83
2018-06-23,2018,6,23,50296,96
2018-06-24,2018,6,24,46249,49
2018-06-25,2018,6,25,01883,83
2018-06-26,2018,6,26,53992,92
2018-06-27,2018,6,27,31098,98
2018-06-28,2018,6,28,51594,94
2018-06-29,2018,6,29,66983,83
2018-06-30,2018,6,30,02442,42
2018-07-01,2018,7,1,66017,17
2018-07-02,2018,7,2,23587,87
2018-07-03,2018,7,3,09530,30
2018-07-04,2018,7,4,31995,95
2018-07-05,2018,7,5,92295,95
2018-07-06,2018,7,6,93514,14
2018-07-07,2018,7,7,41967,67
2018-07-08,2018,7,8,75299,99
2018-07-09,2018,7,9,14845,45
2018-07-10,2018,7,10,76157,57
2018-07-11,2018,7,11,19854,54
2018-07-12,2018,7,12,09965,65
2018-07-13,2018,7,13,48401,01
2018-07-14,2018,7,14,78023,23
2018-07-15,2018,7,15,84740,40
2018-07-16,2018,7,16,44371,71
2018-07-17,2018,7,17,88323,23
2018-07-18,2018,7,18,09669,69
2018-07-19,2018,7,19,15817,17
2018-07-20,2018,7,20,32749,49
2018-07-21,2018,7,21,16268,68
2018-07-22,2018,7,22,77892,92
2018-07-23,2018,7,23,95786,86
2018-07-24,2018,7,24,91570,70
2018-07-25,2018,7,25,43841,41
2018-07-26,2018,7,26,59356,56
2018-07-27,2018,7,27,69031,31
2018-07-28,2018,7,28,20833,33
2018-07-29,2018,7,29,69492,92
2018-07-30,2018,7,30,19672,72
2018-07-31,2018,7,31,28236,36
2018-08-01,2018,8,1,41128,28
2018-08-02,2018,8,2,25638,38
2018-08-03,2018,8,3,49786,86
2018-08-04,2018,8,4,88624,24
2018-08-05,2018,8,5,92138,38
2018-08-06,2018,8,6,84214,14
2018-08-07,2018,8,7,12723,23
2018-08-08,2018,8,8,90929,29
2018-08-09,2018,8,9,47717,17
2018-08-10,2018,8,10,93681,81
2018-08-11,2018,8,11,10460,60
2018-08-12,2018,8,12,46677,77
2018-08-13,2018,8,13,62149,49
2018-08-14,2018,8,14,79386,86
2018-08-15,2018,8,15,33662,62
2018-08-16,2018,8,16,89187,87
2018-08-17,2018,8,17,92527,27
2018-08-18,2018,8,18,00177,77
2018-08-19,2018,8,19,11219,19
2018-08-20,2018,8,20,93757,57
2018-08-21,2018,8,21,92056,56
2018-08-22,2018,8,22,57873,73
2018-08-23,2018,8,23,48935,35
2018-08-24,2018,8,24,63517,17
2018-08-25,2018,8,25,54360,60
2018-08-26,2018,8,26,85081,81
2018-08-27,2018,8,27,52987,87
2018-08-28,2018,8,28,33327,27
2018-08-29,2018,8,29,19187,87
2018-08-30,2018,8,30,14660,60
2018-08-31,2018,8,31,21067,67
2018-09-01,2018,9,1,48319,19
2018-09-02,2018,9,2,19640,40
2018-09-03,2018,9,3,52049,49
2018-09-04,2018,9,4,64308,08
2018-09-05,2018,9,5,93788,88
2018-09-06,2018,9,6,00964,64
2018-09-07,2018,9,7,49197,97
2018-09-08,2018,9,8,66915,15
2018-09-09,2018,9,9,24453,53
2018-09-10,2018,9,10,51845,45
2018-09-11,2018,9,11,50040,40
2018-09-12,2018,9,12,81156,56
2018-09-13,2018,9,13,45562,62
2018-09-14,2018,9,14,21588,88
2018-09-15,2018,9,15,59077,77
2018-09-16,2018,9,16,32963,63
2018-09-17,2018,9,17,93143,43
2018-09-18,2018,9,18,91720,20
2018-09-19,2018,9,19,96177,77
2018-09-20,2018,9,20,03096,96
2018-09-21,2018,9,21,31221,21
2018-09-22,2018,9,22,29578,78
2018-09-23,2018,9,23,12662,62
2018-09-24,2018,9,24,69569,69
2018-09-25,2018,9,25,69654,54
2018-09-26,2018,9,26,49222,22
2018-09-27,2018,9,27,14915,15
2018-09-28,2018,9,28,79356,56
2018-09-29,2018,9,29,08030,30
2018-09-30,2018,9,30,68455,55
2018-10-01,2018,10,1,29665,65
2018-10-02,2018,10,2,75644,44
2018-10-03,2018,10,3,58237,37
2018-10-04,2018,10,4,26134,34
2018-10-05,2018,10,5,04926,26
2018-10-06,2018,10,6,68515,15
2018-10-07,2018,10,7,99739,39
2018-10-08,2018,10,8,06832,32
2018-10-09,2018,10,9,99135,35
2018-10-10,2018,10,10,90043,43
2018-10-11,2018,10,11,75705,05
2018-10-12,2018,10,12,68218,18
2018-10-13,2018,10,13,48145,45
2018-10-14,2018,10,14,35128,28
2018-10-15,2018,10,15,47019,19
2018-10-16,2018,10,16,82524,24
2018-10-17,2018,10,17,39416,16
2018-10-18,2018,10,18,22850,50
2018-10-19,2018,10,19,91214,14
2018-10-20,2018,10,20,72328,28
2018-10-21,2018,10,21,15132,32
2018-10-22,2018,10,22,81258,58
2018-10-23,2018,10,23,08662,62
2018-10-24,2018,10,24,23203,03
2018-10-25,2018,10,25,72838,38
2018-10-26,2018,10,26,78933,33
2018-10-27,2018,10,27,13194,94
2018-10-28,2018,10,28,68886,86
2018-10-29,2018,10,29,23974,74
2018-10-30,2018,10,30,42318,18
2018-10-31,2018,10,31,59535,35
2018-11-01,2018,11,1,51489,89
2018-11-02,2018,11,2,54448,48
2018-11-03,2018,11,3,14832,32
2018-11-04,2018,11,4,15844,44
2018-11-05,2018,11,5,01524,24
2018-11-06,2018,11,6,70455,55
2018-11-07,2018,11,7,89911,11
2018-11-08,2018,11,8,33079,79
2018-11-09,2018,11,9,45669,69
2018-11-10,2018,11,10,04284,84
2018-11-11,2018,11,11,65771,71
2018-11-12,2018,11,12,20970,70
2018-11-13,2018,11,13,07459,59
2018-11-14,2018,11,14,25841,41
2018-11-15,2018,11,15,33888,88
2018-11-16,2018,11,16,52348,48
2018-11-17,2018,11,17,96702,02
2018-11-18,2018,11,18,16644,44
2018-11-19,2018,11,19,38201,01
2018-11-20,2018,11,20,02322,22
2018-11-21,2018,11,21,79721,21
2018-11-22,2018,11,22,95565,65
2018-11-23,2018,11,23,06414,14
2018-11-24,2018,11,24,90956,56
2018-11-25,2018,11,25,34635,35
2018-11-26,2018,11,26,74033,33
2018-11-27,2018,11,27,44616,16
2018-11-28,2018,11,28,81965,65
2018-11-29,2018,11,29,98929,29
2018-11-30,2018,11,30,88321,21
2018-12-01,2018,12,1,72729,29
2018-12-02,2018,12,2,71456,56
2018-12-03,2018,12,3,99667,67
2018-12-04,2018,12,4,97859,59
2018-12-05,2018,12,5,12188,88
2018-12-06,2018,12,6,81154,54
2018-12-07,2018,12,7,25367,67
2018-12-08,2018,12,8,64793,93
2018-12-09,2018,12,9,77308,08
2018-12-10,2018,12,10,39341,41
2018-12-11,2018,12,11,38991,91
2018-12-12,2018,12,12,63140,40
2018-12-13,2018,12,13,83517,17
2018-12-14,2018,12,14,47788,88
2018-12-15,2018,12,15,22750,50
2018-12-16,2018,12,16,60310,10
2018-12-17,2018,12,17,46365,65
2018-12-18,2018,12,18,84415,15
2018-12-19,2018,12,19,29775,75
2018-12-20,2018,12,20,41302,02
2018-12-21,2018,12,21,95367,67
2018-12-22,2018,12,22,54691,91
2018-12-23,2018,12,23,47793,93
2018-12-24,2018,12,24,50522,22
2018-12-25,2018,12,25,09956,56
2018-12-26,2018,12,26,73330,30
2018-12-27,2018,12,27,24529,29
2018-12-28,2018,12,28,66241,41
2018-12-29,2018,12,29,56675,75
2018-12-30,2018,12,30,65753,53
2018-12-31,2018,12,31,45276,76
2019-01-01,2019,1,1,93689,89
2019-01-02,2019,1,2,56508,08
2019-01-03,2019,1,3,60824,24
2019-01-04,2019,1,4,03677,77
2019-01-05,2019,1,5,90522,22
2019-01-06,2019,1,6,64391,91
2019-01-07,2019,1,7,32489,89
2019-01-08,2019,1,8,62880,80
2019-01-09,2019,1,9,89379,79
2019-01-10,2019,1,10,30559,59
2019-01-11,2019,1,11,09841,41
2019-01-12,2019,1,12,73224,24
2019-01-13,2019,1,13,38231,31
2019-01-14,2019,1,14,51545,45
2019-01-15,2019,1,15,84265,65
2019-01-16,2019,1,16,22086,86
2019-01-17,2019,1,17,68116,16
2019-01-18,2019,1,18,04289,89
2019-01-19,2019,1,19,71892,92
2019-01-20,2019,1,20,65208,08
2019-01-21,2019,1,21,00962,62
2019-01-22,2019,1,22,40829,29
2019-01-23,2019,1,23,17810,10
2019-01-24,2019,1,24,69336,36
2019-01-25,2019,1,25,95565,65
2019-01-26,2019,1,26,62279,79
2019-01-27,2019,1,27,58549,49
2019-01-28,2019,1,28,85889,89
2019-01-29,2019,1,29,56579,79
2019-01-30,2019,1,30,10344,44
2019-01-31,2019,1,31,77622,22
2019-02-01,2019,2,1,08988,88
2019-02-02,2019,2,2,93843,43
2019-02-03,2019,2,3,61090,90
2019-02-08,2019,2,8,32999,99
2019-02-09,2019,2,9,65826,26
2019-02-10,2019,2,10,83208,08
2019-02-11,2019,2,11,27459,59
2019-02-12,2019,2,12,11333,33
2019-02-13,2019,2,13,67091,91
2019-02-14,2019,2,14,28929,29
2019-02-15,2019,2,15,65132,32
2019-02-16,2019,2,16,57480,80
2019-02-17,2019,2,17,54486,86
2019-02-18,2019,2,18,15297,97
2019-02-19,2019,2,19,86105,05
2019-02-20,2019,2,20,28716,16
2019-02-21,2019,2,21,89968,68
2019-02-22,2019,2,22,34463,63
2019-02-23,2019,2,23,63311,11
2019-02-24,2019,2,24,55232,32
2019-02-25,2019,2,25,37168,68
2019-02-26,2019,2,26,17948,48
2019-02-27,2019,2,27,68716,16
2019-02-28,2019,2,28,61214,14
2019-03-01,2019,3,1,71310,10
2019-03-02,2019,3,2,62505,05
2019-03-03,2019,3,3,58310,10
2019-03-04,2019,3,4,11155,55
2019-03-05,2019,3,5,02286,86
2019-03-06,2019,3,6,87807,07
2019-03-07,2019,3,7,72672,72
2019-03-08,2019,3,8,09702,02
2019-03-09,2019,3,9,06000,00
2019-03-10,2019,3,10,74359,59
2019-03-11,2019,3,11,97291,91
2019-03-12,2019,3,12,37899,99
2019-03-13,2019,3,13,55062,62
2019-03-14,2019,3,14,75608,08
2019-03-15,2019,3,15,40771,71
2019-03-16,2019,3,16,26682,82
2019-03-17,2019,3,17,96651,51
2019-03-18,2019,3,18,41334,34
2019-03-19,2019,3,19,39473,73
2019-03-20,2019,3,20,20824,24
2019-03-21,2019,3,21,43185,85
2019-03-22,2019,3,22,97477,77
2019-03-23,2019,3,23,40005,05
2019-03-24,2019,3,24,86472,72
2019-03-25,2019,3,25,25019,19
2019-03-26,2019,3,26,94499,99
2019-03-27,2019,3,27,63559,59
2019-03-28,2019,3,28,27974,74
2019-03-29,2019,3,29,21642,42
2019-03-30,2019,3,30,64361,61
2019-03-31,2019,3,31,13748,48
2019-04-01,2019,4,1,83620,20
2019-04-02,2019,4,2,71393,93
2019-04-03,2019,4,3,18934,34
2019-04-04,2019,4,4,70084,84
2019-04-05,2019,4,5,91458,58
2019-04-06,2019,4,6,61188,88
2019-04-07,2019,4,7,98764,64
2019-04-08,2019,4,8,37110,10
2019-04-09,2019,4,9,31765,65
2019-04-10,2019,4,10,05284,84
2019-04-11,2019,4,11,52236,36
2019-04-12,2019,4,12,84308,08
2019-04-13,2019,4,13,46181,81
2019-04-14,2019,4,14,02867,67
2019-04-15,2019,4,15,57843,43
2019-04-16,2019,4,16,11022,22
2019-04-17,2019,4,17,61619,19
2019-04-18,2019,4,18,54399,99
2019-04-19,2019,4,19,73588,88
2019-04-20,2019,4,20,78697,97
2019-04-21,2019,4,21,66103,03
2019-04-22,2019,4,22,78819,19
2019-04-23,2019,4,23,95541,41
2019-04-24,2019,4,24,61229,29
2019-04-25,2019,4,25,44188,88
2019-04-26,2019,4,26,41702,02
2019-04-27,2019,4,27,66029,29
2019-04-28,2019,4,28,61019,19
2019-04-29,2019,4,29,00417,17
2019-04-30,2019,4,30,93006,06
2019-05-01,2019,5,1,34641,41
2019-05-02,2019,5,2,94761,61
2019-05-03,2019,5,3,12050,50
2019-05-04,2019,5,4,63371,71
2019-05-05,2019,5,5,21900,00
2019-05-06,2019,5,6,44642,42
2019-05-07,2019,5,7,74530,30
2019-05-08,2019,5,8,36128,28
2019-05-09,2019,5,9,73052,52
2019-05-10,2019,5,10,95735,35
2019-05-11,2019,5,11,48500,00
2019-05-12,2019,5,12,55886,86
2019-05-13,2019,5,13,75368,68
2019-05-14,2019,5,14,38982,82
2019-05-15,2019,5,15,22819,19
2019-05-16,2019,5,16,23736,36
2019-05-17,2019,5,17,10532,32
2019-05-18,2019,5,18,92849,49
2019-05-19,2019,5,19,20112,12
2019-05-20,2019,5,20,43464,64
2019-05-21,2019,5,21,04934,34
2019-05-22,2019,5,22,31635,35
2019-05-23,2019,5,23,98583,83
2019-05-24,2019,5,24,71563,63
2019-05-25,2019,5,25,45433,33
2019-05-26,2019,5,26,90064,64
2019-05-27,2019,5,27,09247,47
2019-05-28,2019,5,28,96458,58
2019-05-29,2019,5,29,19146,46
2019-05-30,2019,5,30,47625,25
2019-05-31,2019,5,31,79905,05
2019-06-01,2019,6,1,68191,91
2019-06-02,2019,6,2,99357,57
2019-06-03,2019,6,3,31873,73
2019-06-04,2019,6,4,90686,86
2019-06-05,2019,6,5,85267,67
2019-06-06,2019,6,6,35740,40
2019-06-07,2019,6,7,43073,73
2019-06-08,2019,6,8,81575,75
2019-06-09,2019,6,9,53338,38
2019-06-10,2019,6,10,11797,97
2019-06-11,2019,6,11,92614,14
2019-06-12,2019,6,12,34298,98
2019-06-13,2019,6,13,69759,59
2019-06-14,2019,6,14,39101,01
2019-06-15,2019,6,15,16509,09
2019-06-16,2019,6,16,02777,77
2019-06-17,2019,6,17,74374,74
2019-06-18,2019,6,18,86598,98
2019-06-19,2019,6,19,29853,53
2019-06-20,2019,6,20,25132,32
2019-06-21,2019,6,21,69886,86
2019-06-22,2019,6,22,13304,04
2019-06-23,2019,6,23,84095,95
2019-06-24,2019,6,24,82084,84
2019-06-25,2019,6,25,53768,68
2019-06-26,2019,6,26,90895,95
2019-06-27,2019,6,27,51776,76
2019-06-28,2019,6,28,98073,73
2019-06-29,2019,6,29,97734,34
2019-06-30,2019,6,30,73622,22
2019-07-01,2019,7,1,31284,84
2019-07-02,2019,7,2,85978,78
2019-07-03,2019,7,3,07188,88
2019-07-04,2019,7,4,19120,20
2019-07-05,2019,7,5,81937,37
2019-07-06,2019,7,6,82297,97
2019-07-07,2019,7,7,95705,05
2019-07-08,2019,7,8,01783,83
2019-07-09,2019,7,9,68490,90
2019-07-10,2019,7,10,56266,66
2019-07-11,2019,7,11,67166,66
2019-07-12,2019,7,12,16289,89
2019-07-13,2019,7,13,63297,97
2019-07-14,2019,7,14,29202,02
2019-07-15,2019,7,15,77107,07
2019-07-16,2019,7,16,68355,55
2019-07-17,2019,7,17,75609,09
2019-07-18,2019,7,18,85507,07
2019-07-19,2019,7,19,15102,02
2019-07-20,2019,7,20,17705,05
2019-07-21,2019,7,21,50545,45
2019-07-22,2019,7,22,12598,98
2019-07-23,2019,7,23,75074,74
2019-07-24,2019,7,24,54161,61
2019-07-25,2019,7,25,22382,82
2019-07-26,2019,7,26,97420,20
2019-07-27,2019,7,27,65694,94
2019-07-28,2019,7,28,59008,08
2019-07-29,2019,7,29,79918,18
2019-07-30,2019,7,30,51357,57
2019-07-31,2019,7,31,56690,90
2019-08-01,2019,8,1,05356,56
2019-08-02,2019,8,2,82782,82
2019-08-03,2019,8,3,25333,33
2019-08-04,2019,8,4,63132,32
2019-08-05,2019,8,5,60091,91
2019-08-06,2019,8,6,32648,48
2019-08-07,2019,8,7,28326,26
2019-08-08,2019,8,8,09562,62
2019-08-09,2019,8,9,25002,02
2019-08-10,2019,8,10,14040,40
2019-08-11,2019,8,11,86376,76
2019-08-12,2019,8,12,69859,59
2019-08-13,2019,8,13,93981,81
2019-08-14,2019,8,14,10584,84
2019-08-15,2019,8,15,17474,74
2019-08-16,2019,8,16,65374,74
2019-08-17,2019,8,17,84598,98
2019-08-18,2019,8,18,07111,11
2019-08-19,2019,8,19,91082,82
2019-08-20,2019,8,20,41265,65
2019-08-21,2019,8,21,78137,37
2019-08-22,2019,8,22,56093,93
2019-08-23,2019,8,23,79347,47
2019-08-24,2019,8,24,25362,62
2019-08-25,2019,8,25,97301,01
2019-08-26,2019,8,26,58963,63
2019-08-27,2019,8,27,59662,62
2019-08-28,2019,8,28,41362,62
2019-08-29,2019,8,29,89773,73
2019-08-30,2019,8,30,52766,66
2019-08-31,2019,8,31,70560,60
2019-09-01,2019,9,1,61697,97
2019-09-02,2019,9,2,40725,25
2019-09-03,2019,9,3,91254,54
2019-09-04,2019,9,4,41784,84
2019-09-05,2019,9,5,30051,51
2019-09-06,2019,9,6,58517,17
2019-09-07,2019,9,7,97616,16
2019-09-08,2019,9,8,44868,68
2019-09-09,2019,9,9,52783,83
2019-09-10,2019,9,10,82811,11
2019-09-11,2019,9,11,53841,41
2019-09-12,2019,9,12,75717,17
2019-09-13,2019,9,13,82182,82
2019-09-14,2019,9,14,81843,43
2019-09-15,2019,9,15,42303,03
2019-09-16,2019,9,16,03797,97
2019-09-17,2019,9,17,86201,01
2019-09-18,2019,9,18,10846,46
2019-09-19,2019,9,19,80620,20
2019-09-20,2019,9,20,02376,76
2019-09-21,2019,9,21,71778,78
2019-09-22,2019,9,22,03074,74
2019-09-23,2019,9,23,92329,29
2019-09-24,2019,9,24,33024,24
2019-09-25,2019,9,25,87259,59
2019-09-26,2019,9,26,83657,57
2019-09-27,2019,9,27,98278,78
2019-09-28,2019,9,28,59416,16
2019-09-29,2019,9,29,37124,24
2019-09-30,2019,9,30,91964,64
2019-10-01,2019,10,1,19515,15
2019-10-02,2019,10,2,23881,81
2019-10-03,2019,10,3,17227,27
2019-10-04,2019,10,4,78051,51
2019-10-05,2019,10,5,04752,52
2019-10-06,2019,10,6,24275,75
2019-10-07,2019,10,7,94200,00
2019-10-08,2019,10,8,77901,01
2019-10-09,2019,10,9,65084,84
2019-10-10,2019,10,10,44946,46
2019-10-11,2019,10,11,16768,68
2019-10-12,2019,10,12,31409,09
2019-10-13,2019,10,13,75348,48
2019-10-14,2019,10,14,64511,11
2019-10-15,2019,10,15,45930,30
2019-10-16,2019,10,16,83641,41
2019-10-17,2019,10,17,16461,61
2019-10-18,2019,10,18,65897,97
2019-10-19,2019,10,19,29598,98
2019-10-20,2019,10,20,23749,49
2019-10-21,2019,10,21,72174,74
2019-10-22,2019,10,22,17237,37
2019-10-23,2019,10,23,08753,53
2019-10-24,2019,10,24,65074,74
2019-10-25,2019,10,25,88584,84
2019-10-26,2019,10,26,63309,09
2019-10-27,2019,10,27,24116,16
2019-10-28,2019,10,28,96139,39
2019-10-29,2019,10,29,42342,42
2019-10-30,2019,10,30,40698,98
2019-10-31,2019,10,31,88962,62
2019-11-01,2019,11,1,23568,68
2019-11-02,2019,11,2,93894,94
2019-11-03,2019,11,3,40911,11
2019-11-04,2019,11,4,56043,43
2019-11-05,2019,11,5,63990,90
2019-11-06,2019,11,6,46181,81
2019-11-07,2019,11,7,87024,24
2019-11-08,2019,11,8,37892,92
2019-11-09,2019,11,9,26502,02
2019-11-10,2019,11,10,23310,10
2019-11-11,2019,11,11,04116,16
2019-11-12,2019,11,12,36744,44
2019-11-13,2019,11,13,29618,18
2019-11-14,2019,11,14,86358,58
2019-11-15,2019,11,15,09208,08
2019-11-16,2019,11,16,01682,82
2019-11-17,2019,11,17,25000,00
2019-11-18,2019,11,18,93484,84
2019-11-19,2019,11,19,19942,42
2019-11-20,2019,11,20,72751,51
2019-11-21,2019,11,21,15315,15
2019-11-22,2019,11,22,75178,78
2019-11-23,2019,11,23,89736,36
2019-11-24,2019,11,24,31742,42
2019-11-25,2019,11,25,30468,68
2019-11-26,2019,11,26,16031,31
2019-11-27,2019,11,27,34257,57
2019-11-28,2019,11,28,23232,32
2019-11-29,2019,11,29,40803,03
2019-11-30,2019,11,30,36896,96
2019-12-01,2019,12,1,57187,87
2019-12-02,2019,12,2,28797,97
2019-12-03,2019,12,3,91897,97
2019-12-04,2019,12,4,79119,19
2019-12-05,2019,12,5,22867,67
2019-12-06,2019,12,6,82830,30
2019-12-07,2019,12,7,60238,38
2019-12-08,2019,12,8,70840,40
2019-12-09,2019,12,9,55076,76
2019-12-10,2019,12,10,99233,33
2019-12-11,2019,12,11,45585,85
2019-12-12,2019,12,12,02447,47
2019-12-13,2019,12,13,30476,76
2019-12-14,2019,12,14,46694,94
2019-12-15,2019,12,15,20806,06
2019-12-16,2019,12,16,28068,68
2019-12-17,2019,12,17,83022,22
2019-12-18,2019,12,18,26849,49
2019-12-19,2019,12,19,46081,81
2019-12-20,2019,12,20,76684,84
2019-12-21,2019,12,21,24148,48
2019-12-22,2019,12,22,43242,42
2019-12-23,2019,12,23,70724,24
2019-12-24,2019,12,24,75726,26
2019-12-25,2019,12,25,15181,81
2019-12-26,2019,12,26,05939,39
2019-12-27,2019,12,27,04477,77
2019-12-28,2019,12,28,95201,01
2019-12-29,2019,12,29,31701,01
2019-12-30,2019,12,30,18988,88
2019-12-31,2019,12,31,94908,08
2020-01-01,2020,1,1,32905,05
2020-01-02,2020,1,2,73604,04
2020-01-03,2020,1,3,19143,43
2020-01-04,2020,1,4,54949,49
2020-01-05,2020,1,5,45721,21
2020-01-06,2020,1,6,14012,12
2020-01-07,2020,1,7,14954,54
2020-01-08,2020,1,8,78804,04
2020-01-09,2020,1,9,91574,74
2020-01-10,2020,1,10,26396,96
2020-01-11,2020,1,11,33658,58
2020-01-12,2020,1,12,90880,80
2020-01-13,2020,1,13,41244,44
2020-01-14,2020,1,14,32164,64
2020-01-15,2020,1,15,26710,10
2020-01-16,2020,1,16,72782,82
2020-01-17,2020,1,17,97571,71
2020-01-18,2020,1,18,34706,06
2020-01-19,2020,1,19,70921,21
2020-01-20,2020,1,20,12850,50
2020-01-21,2020,1,21,38897,97
2020-01-22,2020,1,22,96449,49
2020-01-23,2020,1,23,16875,75
2020-01-28,2020,1,28,50940,40
2020-01-29,2020,1,29,80389,89
2020-01-30,2020,1,30,75712,12
2020-01-31,2020,1,31,49715,15
2020-02-01,2020,2,1,72130,30
2020-02-02,2020,2,2,79434,34
2020-02-03,2020,2,3,63107,07
2020-02-04,2020,2,4,44410,10
2020-02-05,2020,2,5,97615,15
2020-02-06,2020,2,6,26275,75
2020-02-07,2020,2,7,14973,73
2020-02-08,2020,2,8,22191,91
2020-02-09,2020,2,9,60347,47
2020-02-10,2020,2,10,96045,45
2020-02-11,2020,2,11,07696,96
2020-02-12,2020,2,12,19747,47
2020-02-13,2020,2,13,54232,32
2020-02-14,2020,2,14,51855,55
2020-02-15,2020,2,15,47417,17
2020-02-16,2020,2,16,00776,76
2020-02-17,2020,2,17,99817,17
2020-02-18,2020,2,18,06616,16
2020-02-19,2020,2,19,90398,98
2020-02-20,2020,2,20,22204,04
2020-02-21,2020,2,21,36089,89
2020-02-22,2020,2,22,37647,47
2020-02-23,2020,2,23,36144,44
2020-02-24,2020,2,24,91609,09
2020-02-25,2020,2,25,37376,76
2020-02-26,2020,2,26,23146,46
2020-02-27,2020,2,27,26422,22
2020-02-28,2020,2,28,45982,82
2020-02-29,2020,2,29,80805,05
2020-03-01,2020,3,1,04635,35
2020-03-02,2020,3,2,73787,87
2020-03-03,2020,3,3,38823,23
2020-03-04,2020,3,4,51223,23
2020-03-05,2020,3,5,52991,91
2020-03-06,2020,3,6,78854,54
2020-03-07,2020,3,7,87368,68
2020-03-08,2020,3,8,55060,60
2020-03-09,2020,3,9,95973,73
2020-03-10,2020,3,10,83549,49
2020-03-11,2020,3,11,29224,24
2020-03-12,2020,3,12,74951,51
2020-03-13,2020,3,13,73118,18
2020-03-14,2020,3,14,18915,15
2020-03-15,2020,3,15,18901,01
2020-03-16,2020,3,16,28322,22
2020-03-17,2020,3,17,52267,67
2020-03-18,2020,3,18,81489,89
2020-03-19,2020,3,19,85074,74
2020-03-20,2020,3,20,85736,36
2020-03-21,2020,3,21,55521,21
2020-03-22,2020,3,22,46024,24
2020-03-23,2020,3,23,36123,23
2020-03-24,2020,3,24,31578,78
2020-03-25,2020,3,25,54296,96
2020-03-26,2020,3,26,94135,35
2020-03-27,2020,3,27,33555,55
2020-03-28,2020,3,28,91159,59
2020-03-29,2020,3,29,28914,14
2020-03-30,2020,3,30,42902,02
2020-03-31,2020,3,31,98819,19
2020-04-23,2020,4,23,54503,03
2020-04-24,2020,4,24,69550,50
2020-04-25,2020,4,25,46625,25
2020-04-26,2020,4,26,90667,67
2020-04-27,2020,4,27,77561,61
2020-04-28,2020,4,28,69063,63
2020-04-29,2020,4,29,97298,98
2020-04-30,2020,4,30,06702,02
2020-05-01,2020,5,1,29166,66
2020-05-02,2020,5,2,82632,32
2020-05-03,2020,5,3,08247,47
2020-05-04,2020,5,4,36662,62
2020-05-05,2020,5,5,56872,72
2020-05-06,2020,5,6,03336,36
2020-05-07,2020,5,7,83382,82
2020-05-08,2020,5,8,67241,41
2020-05-09,2020,5,9,71770,70
2020-05-10,2020,5,10,32765,65
2020-05-11,2020,5,11,02419,19
2020-05-12,2020,5,12,35009,09
2020-05-13,2020,5,13,12795,95
2020-05-14,2020,5,14,33963,63
2020-05-15,2020,5,15,41795,95
2020-05-16,2020,5,16,75146,46
2020-05-17,2020,5,17,76380,80
2020-05-18,2020,5,18,44554,54
2020-05-19,2020,5,19,96600,00
2020-05-20,2020,5,20,51265,65
2020-05-21,2020,5,21,58738,38
2020-05-22,2020,5,22,27298,98
2020-05-23,2020,5,23,98991,91
2020-05-24,2020,5,24,81779,79
2020-05-25,2020,5,25,67211,11
2020-05-26,2020,5,26,29154,54
2020-05-27,2020,5,27,06561,61
2020-05-28,2020,5,28,09913,13
2020-05-29,2020,5,29,97954,54
2020-05-30,2020,5,30,59964,64
2020-05-31,2020,5,31,83834,34
2020-06-01,2020,6,1,62323,23
2020-06-02,2020,6,2,79222,22
2020-06-03,2020,6,3,62500,00
2020-06-04,2020,6,4,76278,78
2020-06-05,2020,6,5,79913,13
2020-06-06,2020,6,6,18932,32
2020-06-07,2020,6,7,88039,39
2020-06-08,2020,6,8,56860,60
2020-06-09,2020,6,9,27570,70
2020-06-10,2020,6,10,63530,30
2020-06-11,2020,6,11,76634,34
2020-06-12,2020,6,12,51903,03
2020-06-13,2020,6,13,93761,61
2020-06-14,2020,6,14,36374,74
2020-06-15,2020,6,15,75952,52
2020-06-16,2020,6,16,94962,62
2020-06-17,2020,6,17,02517,17
2020-06-18,2020,6,18,38289,89
2020-06-19,2020,6,19,04630,30
2020-06-20,2020,6,20,18969,69
2020-06-21,2020,6,21,25127,27
2020-06-22,2020,6,22,67617,17
2020-06-23,2020,6,23,34062,62
2020-06-24,2020,6,24,80610,10
2020-06-25,2020,6,25,46982,82
2020-06-26,2020,6,26,01316,16
2020-06-27,2020,6,27,74236,36
2020-06-28,2020,6,28,36351,51
2020-06-29,2020,6,29,66720,20
2020-06-30,2020,6,30,67229,29
2020-07-01,2020,7,1,44435,35
2020-07-02,2020,7,2,61129,29
2020-07-03,2020,7,3,58827,27
2020-07-04,2020,7,4,77775,75
2020-07-05,2020,7,5,11070,70
2020-07-06,2020,7,6,25470,70
2020-07-07,2020,7,7,73860,60
2020-07-08,2020,7,8,83783,83
2020-07-09,2020,7,9,78091,91
2020-07-10,2020,7,10,77969,69
2020-07-11,2020,7,11,03116,16
2020-07-12,2020,7,12,28890,90
2020-07-13,2020,7,13,20508,08
2020-07-14,2020,7,14,44789,89
2020-07-15,2020,7,15,70102,02
2020-07-16,2020,7,16,24511,11
2020-07-17,2020,7,17,60814,14
2020-07-18,2020,7,18,06586,86
2020-07-19,2020,7,19,08834,34
2020-07-20,2020,7,20,30629,29
2020-07-21,2020,7,21,51088,88
2020-07-22,2020,7,22,20942,42
2020-07-23,2020,7,23,09592,92
2020-07-24,2020,7,24,57597,97
2020-07-25,2020,7,25,22508,08
2020-07-26,2020,7,26,71154,54
2020-07-27,2020,7,27,38931,31
2020-07-28,2020,7,28,91382,82
2020-07-29,2020,7,29,63717,17
2020-07-30,2020,7,30,45563,63
2020-07-31,2020,7,31,14362,62
2020-08-01,2020,8,1,86012,12
2020-08-02,2020,8,2,57611,11
2020-08-03,2020,8,3,02836,36
2020-08-04,2020,8,4,11617,17
2020-08-05,2020,8,5,18296,96
2020-08-06,2020,8,6,25375,75
2020-08-07,2020,8,7,43614,14
2020-08-08,2020,8,8,12958,58
2020-08-09,2020,8,9,83138,38
2020-08-10,2020,8,10,98628,28
2020-08-11,2020,8,11,40128,28
2020-08-12,2020,8,12,36852,52
2020-08-13,2020,8,13,42857,57
2020-08-14,2020,8,14,59514,14
2020-08-15,2020,8,15,57980,80
2020-08-16,2020,8,16,82147,47
2020-08-17,2020,8,17,30548,48
2020-08-18,2020,8,18,72437,37
2020-08-19,2020,8,19,95501,01
2020-08-20,2020,8,20,30880,80
2020-08-21,2020,8,21,57454,54
2020-08-22,2020,8,22,81535,35
2020-08-23,2020,8,23,47441,41
2020-08-24,2020,8,24,49316,16
2020-08-25,2020,8,25,67659,59
2020-08-26,2020,8,26,77882,82
2020-08-27,2020,8,27,76496,96
2020-08-28,2020,8,28,17448,48
2020-08-29,2020,8,29,78305,05
2020-08-30,2020,8,30,73783,83
2020-08-31,2020,8,31,56358,58
2020-09-01,2020,9,1,62557,57
2020-09-02,2020,9,2,45148,48
2020-09-03,2020,9,3,80180,80
2020-09-04,2020,9,4,15580,80
2020-09-05,2020,9,5,52085,85
2020-09-06,2020,9,6,01993,93
2020-09-07,2020,9,7,13853,53
2020-09-08,2020,9,8,22022,22
2020-09-09,2020,9,9,88000,00
2020-09-10,2020,9,10,81320,20
2020-09-11,2020,9,11,16129,29
2020-09-12,2020,9,12,51880,80
2020-09-13,2020,9,13,28463,63
2020-09-14,2020,9,14,32489,89
2020-09-15,2020,9,15,23030,30
2020-09-16,2020,9,16,89582,82
2020-09-17,2020,9,17,04170,70
2020-09-18,2020,9,18,20290,90
2020-09-19,2020,9,19,54004,04
2020-09-20,2020,9,20,05042,42
2020-09-21,2020,9,21,68757,57
2020-09-22,2020,9,22,87486,86
2020-09-23,2020,9,23,97711,11
2020-09-24,2020,9,24,87082,82
2020-09-25,2020,9,25,98018,18
2020-09-26,2020,9,26,17069,69
2020-09-27,2020,9,27,37546,46
2020-09-28,2020,9,28,96331,31
2020-09-29,2020,9,29,59323,23
2020-09-30,2020,9,30,64268,68
2020-10-01,2020,10,1,03418,18
2020-10-02,2020,10,2,99600,00
2020-10-03,2020,10,3,49797,97
2020-10-04,2020,10,4,80489,89
2020-10-05,2020,10,5,20823,23
2020-10-06,2020,10,6,34965,65
2020-10-07,2020,10,7,19665,65
2020-10-08,2020,10,8,09726,26
2020-10-09,2020,10,9,60541,41
2020-10-10,2020,10,10,52248,48
2020-10-11,2020,10,11,82094,94
2020-10-12,2020,10,12,25618,18
2020-10-13,2020,10,13,46266,66
2020-10-14,2020,10,14,77616,16
2020-10-15,2020,10,15,62428,28
2020-10-16,2020,10,16,14408,08
2020-10-17,2020,10,17,99469,69
2020-10-18,2020,10,18,62319,19
2020-10-19,2020,10,19,18225,25
2020-10-20,2020,10,20,90157,57
2020-10-21,2020,10,21,07043,43
2020-10-22,2020,10,22,48879,79
2020-10-23,2020,10,23,06125,25
2020-10-24,2020,10,24,43128,28
2020-10-25,2020,10,25,32436,36
2020-10-26,2020,10,26,77946,46
2020-10-27,2020,10,27,45538,38
2020-10-28,2020,10,28,07707,07
2020-10-29,2020,10,29,33136,36
2020-10-30,2020,10,30,57483,83
2020-10-31,2020,10,31,92610,10
2020-11-01,2020,11,1,97059,59
2020-11-02,2020,11,2,32461,61
2020-11-03,2020,11,3,53818,18
2020-11-04,2020,11,4,16921,21
2020-11-05,2020,11,5,96225,25
2020-11-06,2020,11,6,44571,71
2020-11-07,2020,11,7,00356,56
2020-11-08,2020,11,8,46411,11
2020-11-09,2020,11,9,20047,47
2020-11-10,2020,11,10,37874,74
2020-11-11,2020,11,11,56842,42
2020-11-12,2020,11,12,44516,16
2020-11-13,2020,11,13,88287,87
2020-11-14,2020,11,14,28106,06
2020-11-15,2020,11,15,76818,18
2020-11-16,2020,11,16,41130,30
2020-11-17,2020,11,17,82093,93
2020-11-18,2020,11,18,88630,30
2020-11-19,2020,11,19,17017,17
2020-11-20,2020,11,20,92780,80
2020-11-21,2020,11,21,20561,61
2020-11-22,2020,11,22,61596,96
2020-11-23,2020,11,23,00843,43
2020-11-24,2020,11,24,52664,64
2020-11-25,2020,11,25,72036,36
2020-11-26,2020,11,26,23071,71
2020-11-27,2020,11,27,23126,26
2020-11-28,2020,11,28,10764,64
2020-11-29,2020,11,29,83669,69
2020-11-30,2020,11,30,05104,04
2020-12-01,2020,12,1,74507,07
2020-12-02,2020,12,2,52117,17
2020-12-03,2020,12,3,29911,11
2020-12-04,2020,12,4,95549,49
2020-12-05,2020,12,5,59405,05
2020-12-06,2020,12,6,50553,53
2020-12-07,2020,12,7,09929,29
2020-12-08,2020,12,8,06320,20
2020-12-09,2020,12,9,92041,41
2020-12-10,2020,12,10,24835,35
2020-12-11,2020,12,11,46551,51
2020-12-12,2020,12,12,09945,45
2020-12-13,2020,12,13,08528,28
2020-12-14,2020,12,14,45776,76
2020-12-15,2020,12,15,61681,81
2020-12-16,2020,12,16,16363,63
2020-12-17,2020,12,17,12950,50
2020-12-18,2020,12,18,27054,54
2020-12-19,2020,12,19,20370,70
2020-12-20,2020,12,20,45188,88
2020-12-21,2020,12,21,27693,93
2020-12-22,2020,12,22,81613,13
2020-12-23,2020,12,23,80188,88
2020-12-24,2020,12,24,79993,93
2020-12-25,2020,12,25,36287,87
2020-12-26,2020,12,26,80287,87
2020-12-27,2020,12,27,85971,71
2020-12-28,2020,12,28,07690,90
2020-12-29,2020,12,29,63111,11
2020-12-30,2020,12,30,57905,05
2020-12-31,2020,12,31,42050,50
2021-01-01,2021,1,1,78885,85
2021-01-02,2021,1,2,20681,81
2021-01-03,2021,1,3,43132,32
2021-01-04,2021,1,4,42988,88
2021-01-05,2021,1,5,19376,76
2021-01-06,2021,1,6,90402,02
2021-01-07,2021,1,7,09854,54
2021-01-08,2021,1,8,00726,26
2021-01-09,2021,1,9,82064,64
2021-01-10,2021,1,10,48146,46
2021-01-11,2021,1,11,05507,07
2021-01-12,2021,1,12,16592,92
2021-01-13,2021,1,13,02769,69
2021-01-14,2021,1,14,51338,38
2021-01-15,2021,1,15,68285,85
2021-01-16,2021,1,16,12046,46
2021-01-17,2021,1,17,55095,95
2021-01-18,2021,1,18,92549,49
2021-01-19,2021,1,19,23677,77
2021-01-20,2021,1,20,60545,45
2021-01-21,2021,1,21,21331,31
2021-01-22,2021,1,22,09264,64
2021-01-23,2021,1,23,57860,60
2021-01-24,2021,1,24,45883,83
2021-01-25,2021,1,25,00157,57
2021-01-26,2021,1,26,33079,79
2021-01-27,2021,1,27,45756,56
2021-01-28,2021,1,28,92020,20
2021-01-29,2021,1,29,40169,69
2021-01-30,2021,1,30,71209,09
2021-01-31,2021,1,31,17386,86
2021-02-01,2021,2,1,54782,82
2021-02-02,2021,2,2,15759,59
2021-02-03,2021,2,3,76349,49
2021-02-04,2021,2,4,48218,18
2021-02-05,2021,2,5,48520,20
2021-02-06,2021,2,6,37427,27
2021-02-07,2021,2,7,25119,19
2021-02-08,2021,2,8,42991,91
2021-02-09,2021,2,9,38792,92
2021-02-10,2021,2,10,04629,29
2021-02-15,2021,2,15,56286,86
2021-02-16,2021,2,16,11503,03
2021-02-17,2021,2,17,05177,77
2021-02-18,2021,2,18,81910,10
2021-02-19,2021,2,19,11103,03
2021-02-20,2021,2,20,70030,30
2021-02-21,2021,2,21,57607,07
2021-02-22,2021,2,22,77708,08
2021-02-23,2021,2,23,17110,10
2021-02-24,2021,2,24,93315,15
2021-02-25,2021,2,25,35855,55
2021-02-26,2021,2,26,55600,00
2021-02-27,2021,2,27,26313,13
2021-02-28,2021,2,28,30398,98
2021-03-01,2021,3,1,91577,77
2021-03-02,2021,3,2,87462,62
2021-03-03,2021,3,3,63410,10
2021-03-04,2021,3,4,96100,00
2021-03-05,2021,3,5,66992,92
2021-03-06,2021,3,6,61918,18
2021-03-07,2021,3,7,38433,33
2021-03-08,2021,3,8,20859,59
2021-03-09,2021,3,9,97736,36
2021-03-10,2021,3,10,61639,39
2021-03-11,2021,3,11,47526,26
2021-03-12,2021,3,12,85439,39
2021-03-13,2021,3,13,95112,12
2021-03-14,2021,3,14,45587,87
2021-03-15,2021,3,15,61924,24
2021-03-16,2021,3,16,60054,54
2021-03-17,2021,3,17,72152,52
2021-03-18,2021,3,18,37733,33
2021-03-19,2021,3,19,55324,24
2021-03-20,2021,3,20,97438,38
2021-03-21,2021,3,21,68140,40
2021-03-22,2021,3,22,54315,15
2021-03-23,2021,3,23,85639,39
2021-03-24,2021,3,24,66438,38
2021-03-25,2021,3,25,44219,19
2021-03-26,2021,3,26,72042,42
2021-03-27,2021,3,27,54601,01
2021-03-28,2021,3,28,31295,95
2021-03-29,2021,3,29,03000,00
2021-03-30,2021,3,30,49255,55
2021-03-31,2021,3,31,06996,96
2021-04-01,2021,4,1,50393,93
2021-04-02,2021,4,2,01795,95
2021-04-03,2021,4,3,44110,10
2021-04-04,2021,4,4,16278,78
2021-04-05,2021,4,5,06800,00
2021-04-06,2021,4,6,94659,59
2021-04-07,2021,4,7,97675,75
2021-04-08,2021,4,8,63904,04
2021-04-09,2021,4,9,52070,70
2021-04-10,2021,4,10,85313,13
2021-04-11,2021,4,11,29013,13
2021-04-12,2021,4,12,86039,39
2021-04-13,2021,4,13,29405,05
2021-04-14,2021,4,14,74295,95
2021-04-15,2021,4,15,90982,82
2021-04-16,2021,4,16,99789,89
2021-04-17,2021,4,17,10780,80
2021-04-18,2021,4,18,89500,00
2021-04-19,2021,4,19,81365,65
2021-04-20,2021,4,20,05475,75
2021-04-21,2021,4,21,84355,55
2021-04-22,2021,4,22,56292,92
2021-04-23,2021,4,23,98860,60
2021-04-24,2021,4,24,21177,77
2021-04-25,2021,4,25,73278,78
2021-04-26,2021,4,26,16252,52
2021-04-27,2021,4,27,49333,33
2021-04-28,2021,4,28,91213,13
2021-04-29,2021,4,29,21916,16
2021-04-30,2021,4,30,96736,36
2021-05-01,2021,5,1,05365,65
2021-05-02,2021,5,2,76578,78
2021-05-03,2021,5,3,51925,25
2021-05-04,2021,5,4,09580,80
2021-05-05,2021,5,5,83866,66
2021-05-06,2021,5,6,80359,59
2021-05-07,2021,5,7,70447,47
2021-05-08,2021,5,8,26493,93
2021-05-09,2021,5,9,76369,69
2021-05-10,2021,5,10,54247,47
2021-05-11,2021,5,11,57470,70
2021-05-12,2021,5,12,49650,50
2021-05-13,2021,5,13,68664,64
2021-05-14,2021,5,14,81047,47
2021-05-15,2021,5,15,59925,25
2021-05-16,2021,5,16,32965,65
2021-05-17,2021,5,17,67626,26
2021-05-18,2021,5,18,10448,48
2021-05-19,2021,5,19,83572,72
2021-05-20,2021,5,20,55967,67
2021-05-21,2021,5,21,75723,23
2021-05-22,2021,5,22,94325,25
2021-05-23,2021,5,23,13529,29
2021-05-24,2021,5,24,19685,85
2021-05-25,2021,5,25,82871,71
2021-05-26,2021,5,26,64904,04
2021-05-27,2021,5,27,33003,03
2021-05-28,2021,5,28,07076,76
2021-05-29,2021,5,29,81687,87
2021-05-30,2021,5,30,15553,53
2021-05-31,2021,5,31,18650,50
2021-06-01,2021,6,1,57266,66
2021-06-02,2021,6,2,51714,14
2021-06-03,2021,6,3,62721,21
2021-06-04,2021,6,4,60930,30
2021-06-05,2021,6,5,10263,63
2021-06-06,2021,6,6,73663,63
2021-06-07,2021,6,7,26422,22
2021-06-08,2021,6,8,82266,66
2021-06-09,2021,6,9,81099,99
2021-06-10,2021,6,10,92979,79
2021-06-11,2021,6,11,15348,48
2021-06-12,2021,6,12,02283,83
2021-06-13,2021,6,13,35879,79
2021-06-14,2021,6,14,18146,46
2021-06-15,2021,6,15,27483,83
2021-06-16,2021,6,16,34622,22
2021-06-17,2021,6,17,44367,67
2021-06-18,2021,6,18,14761,61
2021-06-19,2021,6,19,03472,72
2021-06-20,2021,6,20,64799,99
2021-06-21,2021,6,21,60141,41
2021-06-22,2021,6,22,34505,05
2021-06-23,2021,6,23,98699,99
2021-06-24,2021,6,24,17879,79
2021-06-25,2021,6,25,25985,85
2021-06-26,2021,6,26,20290,90
2021-06-27,2021,6,27,13987,87
2021-06-28,2021,6,28,52658,58
2021-06-29,2021,6,29,66791,91
2021-06-30,2021,6,30,82308,08
2021-07-01,2021,7,1,01275,75
2021-07-02,2021,7,2,87781,81
2021-07-03,2021,7,3,02942,42
2021-07-04,2021,7,4,96477,77
2021-07-05,2021,7,5,91701,01
2021-07-06,2021,7,6,46868,68
2021-07-07,2021,7,7,61289,89
2021-07-08,2021,7,8,10346,46
2021-07-09,2021,7,9,70060,60
2021-07-10,2021,7,10,53594,94
2021-07-11,2021,7,11,38294,94
2021-07-12,2021,7,12,48323,23
2021-07-13,2021,7,13,41507,07
2021-07-14,2021,7,14,98653,53
2021-07-15,2021,7,15,70957,57
2021-07-16,2021,7,16,37782,82
2021-07-17,2021,7,17,05779,79
2021-07-18,2021,7,18,32872,72
2021-07-19,2021,7,19,47133,33
2021-07-20,2021,7,20,23036,36
2021-07-21,2021,7,21,47188,88
2021-07-22,2021,7,22,23166,66
2021-07-23,2021,7,23,46724,24
2021-07-24,2021,7,24,77196,96
2021-07-25,2021,7,25,82380,80
2021-07-26,2021,7,26,40891,91
2021-07-27,2021,7,27,52371,71
2021-07-28,2021,7,28,50098,98
2021-07-29,2021,7,29,10326,26
2021-07-30,2021,7,30,94715,15
2021-07-31,2021,7,31,62914,14
2021-08-01,2021,8,1,88081,81
2021-08-02,2021,8,2,71424,24
2021-08-03,2021,8,3,10004,04
2021-08-04,2021,8,4,46441,41
2021-08-05,2021,8,5,09081,81
2021-08-06,2021,8,6,39467,67
2021-08-07,2021,8,7,49634,34
2021-08-08,2021,8,8,38115,15
2021-08-09,2021,8,9,44751,51
2021-08-10,2021,8,10,29771,71
2021-08-11,2021,8,11,53620,20
2021-08-12,2021,8,12,19868,68
2021-08-13,2021,8,13,17044,44
2021-08-14,2021,8,14,55853,53
2021-08-15,2021,8,15,73497,97
2021-08-16,2021,8,16,62041,41
2021-08-17,2021,8,17,68162,62
2021-08-18,2021,8,18,10443,43
2021-08-19,2021,8,19,21544,44
2021-08-20,2021,8,20,04793,93
2021-08-21,2021,8,21,69157,57
2021-08-22,2021,8,22,98711,11
2021-08-23,2021,8,23,58391,91
2021-08-24,2021,8,24,58389,89
2021-08-25,2021,8,25,60589,89
2021-08-26,2021,8,26,88678,78
2021-08-27,2021,8,27,69159,59
2021-08-28,2021,8,28,50509,09
2021-08-29,2021,8,29,58755,55
2021-08-30,2021,8,30,83986,86
2021-08-31,2021,8,31,49620,20
2021-09-01,2021,9,1,74627,27
2021-09-02,2021,9,2,77764,64
2021-09-03,2021,9,3,11660,60
2021-09-04,2021,9,4,29855,55
2021-09-05,2021,9,5,17061,61
2021-09-06,2021,9,6,87728,28
2021-09-07,2021,9,7,10765,65
2021-09-08,2021,9,8,14938,38
2021-09-09,2021,9,9,63724,24
2021-09-10,2021,9,10,04529,29
2021-09-11,2021,9,11,26654,54
2021-09-12,2021,9,12,23349,49
2021-09-13,2021,9,13,95548,48
2021-09-14,2021,9,14,32159,59
2021-09-15,2021,9,15,04965,65
2021-09-16,2021,9,16,12093,93
2021-09-17,2021,9,17,35330,30
2021-09-18,2021,9,18,93901,01
2021-09-19,2021,9,19,45957,57
2021-09-20,2021,9,20,74019,19
2021-09-21,2021,9,21,16083,83
2021-09-22,2021,9,22,53873,73
2021-09-23,2021,9,23,11534,34
2021-09-24,2021,9,24,51678,78
2021-09-25,2021,9,25,92408,08
2021-09-26,2021,9,26,21694,94
2021-09-27,2021,9,27,73011,11
2021-09-28,2021,9,28,03234,34
2021-09-29,2021,9,29,76477,77
2021-09-30,2021,9,30,45811,11
2021-10-01,2021,10,1,31220,20
2021-10-02,2021,10,2,37377,77
2021-10-03,2021,10,3,20681,81
2021-10-04,2021,10,4,45747,47
2021-10-05,2021,10,5,73967,67
2021-10-06,2021,10,6,82245,45
2021-10-07,2021,10,7,97469,69
2021-10-08,2021,10,8,43550,50
2021-10-09,2021,10,9,31156,56
2021-10-10,2021,10,10,06085,85
2021-10-11,2021,10,11,72142,42
2021-10-12,2021,10,12,05618,18
2021-10-13,2021,10,13,49522,22
2021-10-14,2021,10,14,04019,19
2021-10-15,2021,10,15,64218,18
2021-10-16,2021,10,16,66067,67
2021-10-17,2021,10,17,24640,40
2021-10-18,2021,10,18,11609,09
2021-10-19,2021,10,19,86847,47
2021-10-20,2021,10,20,56449,49
2021-10-21,2021,10,21,93188,88
2021-10-22,2021,10,22,56628,28
2021-10-23,2021,10,23,73125,25
2021-10-24,2021,10,24,44417,17
2021-10-25,2021,10,25,69154,54
2021-10-26,2021,10,26,75309,09
2021-10-27,2021,10,27,92046,46
2021-10-28,2021,10,28,47069,69
2021-10-29,2021,10,29,67635,35
2021-10-30,2021,10,30,24242,42
2021-10-31,2021,10,31,54798,98
2021-11-01,2021,11,1,03858,58
2021-11-02,2021,11,2,29510,10
2021-11-03,2021,11,3,07267,67
2021-11-04,2021,11,4,34148,48
2021-11-05,2021,11,5,66152,52
2021-11-06,2021,11,6,19821,21
2021-11-07,2021,11,7,91386,86
2021-11-08,2021,11,8,94772,72
2021-11-09,2021,11,9,71952,52
2021-11-10,2021,11,10,43595,95
2021-11-11,2021,11,11,33422,22
2021-11-12,2021,11,12,04211,11
2021-11-13,2021,11,13,55230,30
2021-11-14,2021,11,14,53940,40
2021-11-15,2021,11,15,77626,26
2021-11-16,2021,11,16,41405,05
2021-11-17,2021,11,17,99342,42
2021-11-18,2021,11,18,04960,60
2021-11-19,2021,11,19,68712,12
2021-11-20,2021,11,20,45344,44
2021-11-21,2021,11,21,47579,79
2021-11-22,2021,11,22,36593,93
2021-11-23,2021,11,23,24880,80
2021-11-24,2021,11,24,85856,56
2021-11-25,2021,11,25,64313,13
2021-11-26,2021,11,26,81610,10
2021-11-27,2021,11,27,27824,24
2021-11-28,2021,11,28,55988,88
2021-11-29,2021,11,29,28087,87
2021-11-30,2021,11,30,71738,38
2021-12-01,2021,12,1,62712,12
2021-12-02,2021,12,2,27587,87
2021-12-03,2021,12,3,85507,07
2021-12-04,2021,12,4,69447,47
2021-12-05,2021,12,5,04329,29
2021-12-06,2021,12,6,71784,84
2021-12-07,2021,12,7,63631,31
2021-12-08,2021,12,8,29115,15
2021-12-09,2021,12,9,34346,46
2021-12-10,2021,12,10,25206,06
2021-12-11,2021,12,11,34925,25
2021-12-12,2021,12,12,09055,55
2021-12-13,2021,12,13,98112,12
2021-12-14,2021,12,14,27700,00
2021-12-15,2021,12,15,96009,09
2021-12-16,2021,12,16,43032,32
2021-12-17,2021,12,17,73157,57
2021-12-18,2021,12,18,70830,30
2021-12-19,2021,12,19,07173,73
2021-12-20,2021,12,20,74271,71
2021-12-21,2021,12,21,38683,83
2021-12-22,2021,12,22,09078,78
2021-12-23,2021,12,23,78708,08
2021-12-24,2021,12,24,37223,23
2021-12-25,2021,12,25,31424,24
2021-12-26,2021,12,26,57404,04
2021-12-27,2021,12,27,56903,03
2021-12-28,2021,12,28,04703,03
2021-12-29,2021,12,29,13977,77
2021-12-30,2021,12,30,62033,33
2021-12-31,2021,12,31,24147,47
2022-01-01,2022,1,1,10676,76
2022-01-02,2022,1,2,93494,94
2022-01-03,2022,1,3,37061,61
2022-01-04,2022,1,4,46330,30
2022-01-05,2022,1,5,10619,19
2022-01-06,2022,1,6,98437,37
2022-01-07,2022,1,7,33657,57
2022-01-08,2022,1,8,98969,69
2022-01-09,2022,1,9,93093,93
2022-01-10,2022,1,10,08845,45
2022-01-11,2022,1,11,55427,27
2022-01-12,2022,1,12,88903,03
2022-01-13,2022,1,13,46638,38
2022-01-14,2022,1,14,87219,19
2022-01-15,2022,1,15,20222,22
2022-01-16,2022,1,16,55431,31
2022-01-17,2022,1,17,88041,41
2022-01-18,2022,1,18,46384,84
2022-01-19,2022,1,19,76930,30
2022-01-20,2022,1,20,71085,85
2022-01-21,2022,1,21,78645,45
2022-01-22,2022,1,22,74954,54
2022-01-23,2022,1,23,28383,83
2022-01-24,2022,1,24,97132,32
2022-01-25,2022,1,25,20653,53
2022-01-26,2022,1,26,98409,09
2022-01-27,2022,1,27,16440,40
2022-01-28,2022,1,28,83926,26
2022-01-29,2022,1,29,11699,99
2022-01-30,2022,1,30,67466,66
2022-02-04,2022,2,4,67147,47
2022-02-05,2022,2,5,23184,84
2022-02-06,2022,2,6,76101,01
2022-02-07,2022,2,7,28958,58
2022-02-08,2022,2,8,96534,34
2022-02-09,2022,2,9,35498,98
2022-02-10,2022,2,10,23768,68
2022-02-11,2022,2,11,49104,04
2022-02-12,2022,2,12,85672,72
2022-02-13,2022,2,13,82472,72
2022-02-14,2022,2,14,35862,62
2022-02-15,2022,2,15,87296,96
2022-02-16,2022,2,16,89562,62
2022-02-17,2022,2,17,38755,55
2022-02-18,2022,2,18,29996,96
2022-02-19,2022,2,19,92264,64
2022-02-20,2022,2,20,88182,82
2022-02-21,2022,2,21,89665,65
2022-02-22,2022,2,22,41055,55
2022-02-23,2022,2,23,25351,51
2022-02-24,2022,2,24,16480,80
2022-02-25,2022,2,25,09401,01
2022-02-26,2022,2,26,07631,31
2022-02-27,2022,2,27,70968,68
2022-02-28,2022,2,28,89075,75
2022-03-01,2022,3,1,24876,76
2022-03-02,2022,3,2,09390,90
2022-03-03,2022,3,3,42113,13
2022-03-04,2022,3,4,42399,99
2022-03-05,2022,3,5,84917,17
2022-03-06,2022,3,6,78356,56
2022-03-07,2022,3,7,74079,79
2022-03-08,2022,3,8,62593,93
2022-03-09,2022,3,9,08663,63
2022-03-10,2022,3,10,72929,29
2022-03-11,2022,3,11,61349,49
2022-03-12,2022,3,12,31953,53
2022-03-13,2022,3,13,66650,50
2022-03-14,2022,3,14,48563,63
2022-03-15,2022,3,15,01067,67
2022-03-16,2022,3,16,18513,13
2022-03-17,2022,3,17,04440,40
2022-03-18,2022,3,18,90202,02
2022-03-19,2022,3,19,39218,18
2022-03-20,2022,3,20,04348,48
2022-03-21,2022,3,21,76044,44
2022-03-22,2022,3,22,43218,18
2022-03-23,2022,3,23,38074,74
2022-03-24,2022,3,24,71400,00
2022-03-25,2022,3,25,88460,60
2022-03-26,2022,3,26,15972,72
2022-03-27,2022,3,27,80965,65
2022-03-28,2022,3,28,20182,82
2022-03-29,2022,3,29,59903,03
2022-03-30,2022,3,30,89914,14
2022-03-31,2022,3,31,12239,39
2022-04-01,2022,4,1,76007,07
2022-04-02,2022,4,2,61762,62
2022-04-03,2022,4,3,87767,67
2022-04-04,2022,4,4,12941,41
2022-04-05,2022,4,5,54997,97
2022-04-06,2022,4,6,17538,38
2022-04-07,2022,4,7,98245,45
2022-04-08,2022,4,8,43769,69
2022-04-09,2022,4,9,34194,94
2022-04-10,2022,4,10,25295,95
2022-04-11,2022,4,11,86317,17
2022-04-12,2022,4,12,81358,58
2022-04-13,2022,4,13,76864,64
2022-04-14,2022,4,14,96764,64
2022-04-15,2022,4,15,54045,45
2022-04-16,2022,4,16,36554,54
2022-04-17,2022,4,17,87347,47
2022-04-18,2022,4,18,80436,36
2022-04-19,2022,4,19,78864,64
2022-04-20,2022,4,20,58953,53
2022-04-21,2022,4,21,89291,91
2022-04-22,2022,4,22,31695,95
2022-04-23,2022,4,23,77318,18
2022-04-24,2022,4,24,97285,85
2022-04-25,2022,4,25,99368,68
2022-04-26,2022,4,26,32047,47
2022-04-27,2022,4,27,02541,41
2022-04-28,2022,4,28,47202,02
2022-04-29,2022,4,29,58339,39
2022-04-30,2022,4,30,59924,24
2022-05-01,2022,5,1,81691,91
2022-05-02,2022,5,2,94479,79
2022-05-03,2022,5,3,48243,43
2022-05-04,2022,5,4,79110,10
2022-05-05,2022,5,5,78054,54
2022-05-06,2022,5,6,20116,16
2022-05-07,2022,5,7,73301,01
2022-05-08,2022,5,8,51139,39
2022-05-09,2022,5,9,05659,59
2022-05-10,2022,5,10,35106,06
2022-05-11,2022,5,11,27724,24
2022-05-12,2022,5,12,55065,65
2022-05-13,2022,5,13,29436,36
2022-05-14,2022,5,14,30775,75
2022-05-15,2022,5,15,93649,49
2022-05-16,2022,5,16,17713,13
2022-05-17,2022,5,17,58553,53
2022-05-18,2022,5,18,69049,49
2022-05-19,2022,5,19,49968,68
2022-05-20,2022,5,20,78195,95
2022-05-21,2022,5,21,85198,98
2022-05-22,2022,5,22,24547,47
2022-05-23,2022,5,23,29213,13
2022-05-24,2022,5,24,97218,18
2022-05-25,2022,5,25,87109,09
2022-05-26,2022,5,26,41717,17
2022-05-27,2022,5,27,29667,67
2022-05-28,2022,5,28,57318,18
2022-05-29,2022,5,29,87354,54
2022-05-30,2022,5,30,12512,12
2022-05-31,2022,5,31,39725,25
2022-06-01,2022,6,1,31918,18
2022-06-02,2022,6,2,51768,68
2022-06-03,2022,6,3,89242,42
2022-06-04,2022,6,4,60832,32
2022-06-05,2022,6,5,05479,79
2022-06-06,2022,6,6,11584,84
2022-06-07,2022,6,7,87525,25
2022-06-08,2022,6,8,28977,77
2022-06-09,2022,6,9,08181,81
2022-06-10,2022,6,10,08391,91
2022-06-11,2022,6,11,29224,24
2022-06-12,2022,6,12,17818,18
2022-06-13,2022,6,13,89927,27
2022-06-14,2022,6,14,52762,62
2022-06-15,2022,6,15,79716,16
2022-06-16,2022,6,16,90524,24
2022-06-17,2022,6,17,68274,74
2022-06-18,2022,6,18,87190,90
2022-06-19,2022,6,19,66449,49
2022-06-20,2022,6,20,71808,08
2022-06-21,2022,6,21,81571,71
2022-06-22,2022,6,22,50846,46
2022-06-23,2022,6,23,97140,40
2022-06-24,2022,6,24,49677,77
2022-06-25,2022,6,25,36768,68
2022-06-26,2022,6,26,46970,70
2022-06-27,2022,6,27,62171,71
2022-06-28,2022,6,28,13149,49
2022-06-29,2022,6,29,38892,92
2022-06-30,2022,6,30,58839,39
2022-07-01,2022,7,1,01697,97
2022-07-02,2022,7,2,50554,54
2022-07-03,2022,7,3,86690,90
2022-07-04,2022,7,4,50239,39
2022-07-05,2022,7,5,68404,04
2022-07-06,2022,7,6,76796,96
2022-07-07,2022,7,7,91796,96
2022-07-08,2022,7,8,66224,24
2022-07-09,2022,7,9,10295,95
2022-07-10,2022,7,10,17772,72
2022-07-11,2022,7,11,02801,01
2022-07-12,2022,7,12,23151,51
2022-07-13,2022,7,13,95155,55
2022-07-14,2022,7,14,32850,50
2022-07-15,2022,7,15,38114,14
2022-07-16,2022,7,16,77064,64
2022-07-17,2022,7,17,66327,27
2022-07-18,2022,7,18,36713,13
2022-07-19,2022,7,19,53393,93
2022-07-20,2022,7,20,25496,96
2022-07-21,2022,7,21,27404,04
2022-07-22,2022,7,22,04093,93
2022-07-23,2022,7,23,15361,61
2022-07-24,2022,7,24,22857,57
2022-07-25,2022,7,25,69502,02
2022-07-26,2022,7,26,00558,58
2022-07-27,2022,7,27,09155,55
2022-07-28,2022,7,28,56590,90
2022-07-29,2022,7,29,92303,03
2022-07-30,2022,7,30,96409,09
2022-07-31,2022,7,31,50267,67
2022-08-01,2022,8,1,46555,55
2022-08-02,2022,8,2,36335,35
2022-08-03,2022,8,3,37686,86
2022-08-04,2022,8,4,27492,92
2022-08-05,2022,8,5,49513,13
2022-08-06,2022,8,6,74873,73
2022-08-07,2022,8,7,80395,95
2022-08-08,2022,8,8,76821,21
2022-08-09,2022,8,9,00180,80
2022-08-10,2022,8,10,42119,19
2022-08-11,2022,8,11,44082,82
2022-08-12,2022,8,12,93970,70
2022-08-13,2022,8,13,40306,06
2022-08-14,2022,8,14,90213,13
2022-08-15,2022,8,15,19117,17
2022-08-16,2022,8,16,05904,04
2022-08-17,2022,8,17,54182,82
2022-08-18,2022,8,18,92993,93
2022-08-19,2022,8,19,75303,03
2022-08-20,2022,8,20,10211,11
2022-08-21,2022,8,21,17965,65
2022-08-22,2022,8,22,60652,52
2022-08-23,2022,8,23,63437,37
2022-08-24,2022,8,24,24832,32
2022-08-25,2022,8,25,28670,70
2022-08-26,2022,8,26,89151,51
2022-08-27,2022,8,27,89617,17
2022-08-28,2022,8,28,68144,44
2022-08-29,2022,8,29,75965,65
2022-08-30,2022,8,30,96955,55
2022-08-31,2022,8,31,92467,67
2022-09-01,2022,9,1,69488,88
2022-09-02,2022,9,2,03138,38
2022-09-03,2022,9,3,47153,53
2022-09-04,2022,9,4,62111,11
2022-09-05,2022,9,5,01548,48
2022-09-06,2022,9,6,44816,16
2022-09-07,2022,9,7,51169,69
2022-09-08,2022,9,8,75743,43
2022-09-09,2022,9,9,01293,93
2022-09-10,2022,9,10,17535,35
2022-09-11,2022,9,11,99951,51
2022-09-12,2022,9,12,55448,48
2022-09-13,2022,9,13,21776,76
2022-09-14,2022,9,14,66581,81
2022-09-15,2022,9,15,87354,54
2022-09-16,2022,9,16,48715,15
2022-09-17,2022,9,17,55890,90
2022-09-18,2022,9,18,14894,94
2022-09-19,2022,9,19,62198,98
2022-09-20,2022,9,20,50221,21
2022-09-21,2022,9,21,44823,23
2022-09-22,2022,9,22,76777,77
2022-09-23,2022,9,23,79436,36
2022-09-24,2022,9,24,08154,54
2022-09-25,2022,9,25,59509,09
2022-09-26,2022,9,26,93712,12
2022-09-27,2022,9,27,77390,90
2022-09-28,2022,9,28,41946,46
2022-09-29,2022,9,29,92129,29
2022-09-30,2022,9,30,89651,51
2022-10-01,2022,10,1,35019,19
2022-10-02,2022,10,2,64668,68
2022-10-03,2022,10,3,65169,69
2022-10-04,2022,10,4,51859,59
2022-10-05,2022,10,5,80983,83
2022-10-06,2022,10,6,26450,50
2022-10-07,2022,10,7,13037,37
2022-10-08,2022,10,8,94309,09
2022-10-09,2022,10,9,96669,69
2022-10-10,2022,10,10,71218,18
2022-10-11,2022,10,11,92034,34
2022-10-12,2022,10,12,67145,45
2022-10-13,2022,10,13,65353,53
2022-10-14,2022,10,14,57974,74
2022-10-15,2022,10,15,79638,38
2022-10-16,2022,10,16,35546,46
2022-10-17,2022,10,17,15677,77
2022-10-18,2022,10,18,07253,53
2022-10-19,2022,10,19,68879,79
2022-10-20,2022,10,20,27465,65
2022-10-21,2022,10,21,50000,00
2022-10-22,2022,10,22,31698,98
2022-10-23,2022,10,23,12843,43
2022-10-24,2022,10,24,05499,99
2022-10-25,2022,10,25,50604,04
2022-10-26,2022,10,26,19739,39
2022-10-27,2022,10,27,89604,04
2022-10-28,2022,10,28,32041,41
2022-10-29,2022,10,29,73887,87
2022-10-30,2022,10,30,05085,85
2022-10-31,2022,10,31,93343,43
2022-11-01,2022,11,1,99876,76
2022-11-02,2022,11,2,67246,46
2022-11-03,2022,11,3,66819,19
2022-11-04,2022,11,4,75371,71
2022-11-05,2022,11,5,33487,87
2022-11-06,2022,11,6,77471,71
2022-11-07,2022,11,7,04067,67
2022-11-08,2022,11,8,66130,30
2022-11-09,2022,11,9,57765,65
2022-11-10,2022,11,10,71610,10
2022-11-11,2022,11,11,81736,36
2022-11-12,2022,11,12,78611,11
2022-11-13,2022,11,13,96305,05
2022-11-14,2022,11,14,12834,34
2022-11-15,2022,11,15,91006,06
2022-11-16,2022,11,16,50578,78
2022-11-17,2022,11,17,05776,76
2022-11-18,2022,11,18,32592,92
2022-11-19,2022,11,19,66534,34
2022-11-20,2022,11,20,80770,70
2022-11-21,2022,11,21,52091,91
2022-11-22,2022,11,22,30529,29
2022-11-23,2022,11,23,47779,79
2022-11-24,2022,11,24,75996,96
2022-11-25,2022,11,25,36819,19
2022-11-26,2022,11,26,67896,96
2022-11-27,2022,11,27,67857,57
2022-11-28,2022,11,28,65507,07
2022-11-29,2022,11,29,25380,80
2022-11-30,2022,11,30,98112,12
2022-12-01,2022,12,1,52770,70
2022-12-02,2022,12,2,24523,23
2022-12-03,2022,12,3,10576,76
2022-12-04,2022,12,4,05028,28
2022-12-05,2022,12,5,13454,54
2022-12-06,2022,12,6,84807,07
2022-12-07,2022,12,7,85979,79
2022-12-08,2022,12,8,38522,22
2022-12-09,2022,12,9,93971,71
2022-12-10,2022,12,10,82978,78
2022-12-11,2022,12,11,20815,15
2022-12-12,2022,12,12,65180,80
2022-12-13,2022,12,13,96688,88
2022-12-14,2022,12,14,48507,07
2022-12-15,2022,12,15,92059,59
2022-12-16,2022,12,16,13086,86
2022-12-17,2022,12,17,71424,24
2022-12-18,2022,12,18,32505,05
2022-12-19,2022,12,19,90230,30
2022-12-20,2022,12,20,40448,48
2022-12-21,2022,12,21,74562,62
2022-12-22,2022,12,22,65438,38
2022-12-23,2022,12,23,33027,27
2022-12-24,2022,12,24,09534,34
2022-12-25,2022,12,25,95636,36
2022-12-26,2022,12,26,03400,00
2022-12-27,2022,12,27,97797,97
2022-12-28,2022,12,28,55145,45
2022-12-29,2022,12,29,51849,49
2022-12-30,2022,12,30,54112,12
2022-12-31,2022,12,31,55291,91
2023-01-01,2023,1,1,16705,05
2023-01-02,2023,1,2,49265,65
2023-01-03,2023,1,3,25649,49
2023-01-04,2023,1,4,75757,57
2023-01-05,2023,1,5,76191,91
2023-01-06,2023,1,6,45370,70
2023-01-07,2023,1,7,39597,97
2023-01-08,2023,1,8,20040,40
2023-01-09,2023,1,9,78014,14
2023-01-10,2023,1,10,81191,91
2023-01-11,2023,1,11,04942,42
2023-01-12,2023,1,12,18452,52
2023-01-13,2023,1,13,60762,62
2023-01-14,2023,1,14,62940,40
2023-01-15,2023,1,15,44221,21
2023-01-16,2023,1,16,48260,60
2023-01-17,2023,1,17,53363,63
2023-01-18,2023,1,18,45282,82
2023-01-19,2023,1,19,62857,57
2023-01-20,2023,1,20,91869,69
2023-01-25,2023,1,25,52371,71
2023-01-26,2023,1,26,34164,64
2023-01-27,2023,1,27,72859,59
2023-01-28,2023,1,28,87219,19
2023-01-29,2023,1,29,76479,79
2023-01-30,2023,1,30,16179,79
2023-01-31,2023,1,31,30061,61
2023-02-01,2023,2,1,34838,38
2023-02-02,2023,2,2,60755,55
2023-02-03,2023,2,3,52766,66
2023-02-04,2023,2,4,64948,48
2023-02-05,2023,2,5,06194,94
2023-02-06,2023,2,6,35492,92
2023-02-07,2023,2,7,18198,98
2023-02-08,2023,2,8,88864,64
2023-02-09,2023,2,9,29337,37
2023-02-10,2023,2,10,85120,20
2023-02-11,2023,2,11,98713,13
2023-02-12,2023,2,12,09841,41
2023-02-13,2023,2,13,41916,16
2023-02-14,2023,2,14,56141,41
2023-02-15,2023,2,15,18158,58
2023-02-16,2023,2,16,65243,43
2023-02-17,2023,2,17,18435,35
2023-02-18,2023,2,18,44971,71
2023-02-19,2023,2,19,37264,64
2023-02-20,2023,2,20,32775,75
2023-02-21,2023,2,21,90781,81
2023-02-22,2023,2,22,31357,57
2023-02-23,2023,2,23,01964,64
2023-02-24,2023,2,24,16979,79
2023-02-25,2023,2,25,30415,15
2023-02-26,2023,2,26,67360,60
2023-02-27,2023,2,27,93758,58
2023-02-28,2023,2,28,55827,27
2023-03-01,2023,3,1,76102,02
2023-03-02,2023,3,2,47577,77
2023-03-03,2023,3,3,37856,56
2023-03-04,2023,3,4,06743,43
2023-03-05,2023,3,5,58118,18
2023-03-06,2023,3,6,39919,19
2023-03-07,2023,3,7,75877,77
2023-03-08,2023,3,8,73787,87
2023-03-09,2023,3,9,68205,05
2023-03-10,2023,3,10,24420,20
2023-03-11,2023,3,11,47076,76
2023-03-12,2023,3,12,56695,95
2023-03-13,2023,3,13,17375,75
2023-03-14,2023,3,14,67879,79
2023-03-15,2023,3,15,67724,24
2023-03-16,2023,3,16,89581,81
2023-03-17,2023,3,17,59389,89
2023-03-18,2023,3,18,57570,70
2023-03-19,2023,3,19,86903,03
2023-03-20,2023,3,20,24192,92
2023-03-21,2023,3,21,81664,64
2023-03-22,2023,3,22,08798,98
2023-03-23,2023,3,23,45483,83
2023-03-24,2023,3,24,48657,57
2023-03-25,2023,3,25,32273,73
2023-03-26,2023,3,26,57765,65
2023-03-27,2023,3,27,83230,30
2023-03-28,2023,3,28,66228,28
2023-03-29,2023,3,29,86367,67
2023-03-30,2023,3,30,11504,04
2023-03-31,2023,3,31,59381,81
2023-04-01,2023,4,1,70344,44
2023-04-02,2023,4,2,01844,44
2023-04-03,2023,4,3,52333,33
2023-04-04,2023,4,4,75345,45
2023-04-05,2023,4,5,96226,26
2023-04-06,2023,4,6,89911,11
2023-04-07,2023,4,7,49736,36
2023-04-08,2023,4,8,29815,15
2023-04-09,2023,4,9,10026,26
2023-04-10,2023,4,10,06363,63
2023-04-11,2023,4,11,16039,39
2023-04-12,2023,4,12,37195,95
2023-04-13,2023,4,13,44265,65
2023-04-14,2023,4,14,57534,34
2023-04-15,2023,4,15,27414,14
2023-04-16,2023,4,16,41248,48
2023-04-17,2023,4,17,65576,76
2023-04-18,2023,4,18,71661,61
2023-04-19,2023,4,19,46285,85
2023-04-20,2023,4,20,24623,23
2023-04-21,2023,4,21,47914,14
2023-04-22,2023,4,22,64652,52
2023-04-23,2023,4,23,71679,79
2023-04-24,2023,4,24,42105,05
2023-04-25,2023,4,25,85483,83
2023-04-26,2023,4,26,89675,75
2023-04-27,2023,4,27,80755,55
2023-04-28,2023,4,28,13196,96
2023-04-29,2023,4,29,54639,39
2023-04-30,2023,4,30,90819,19
2023-05-01,2023,5,1,61820,20
2023-05-02,2023,5,2,00865,65
2023-05-03,2023,5,3,85576,76
2023-05-04,2023,5,4,81918,18
2023-05-05,2023,5,5,82647,47
2023-05-06,2023,5,6,02904,04
2023-05-07,2023,5,7,88060,60
2023-05-08,2023,5,8,44481,81
2023-05-09,2023,5,9,58546,46
2023-05-10,2023,5,10,97996,96
2023-05-11,2023,5,11,63134,34
2023-05-12,2023,5,12,84102,02
2023-05-13,2023,5,13,19949,49
2023-05-14,2023,5,14,67753,53
2023-05-15,2023,5,15,90956,56
2023-05-16,2023,5,16,19031,31
2023-05-17,2023,5,17,67949,49
2023-05-18,2023,5,18,22632,32
2023-05-19,2023,5,19,22317,17
2023-05-20,2023,5,20,70452,52
2023-05-21,2023,5,21,45297,97
2023-05-22,2023,5,22,32754,54
2023-05-23,2023,5,23,95972,72
2023-05-24,2023,5,24,19966,66
2023-05-25,2023,5,25,20319,19
2023-05-26,2023,5,26,36191,91
2023-05-27,2023,5,27,96237,37
2023-05-28,2023,5,28,79459,59
2023-05-29,2023,5,29,85867,67
2023-05-30,2023,5,30,20765,65
2023-05-31,2023,5,31,88961,61
2023-06-01,2023,6,1,95921,21
2023-06-02,2023,6,2,71963,63
2023-06-03,2023,6,3,00370,70
2023-06-04,2023,6,4,04408,08
2023-06-05,2023,6,5,00081,81
2023-06-06,2023,6,6,83079,79
2023-06-07,2023,6,7,40357,57
2023-06-08,2023,6,8,13437,37
2023-06-09,2023,6,9,84288,88
2023-06-10,2023,6,10,01936,36
2023-06-11,2023,6,11,46260,60
2023-06-12,2023,6,12,55442,42
2023-06-13,2023,6,13,88661,61
2023-06-14,2023,6,14,57854,54
2023-06-15,2023,6,15,46904,04
2023-06-16,2023,6,16,76830,30
2023-06-17,2023,6,17,96361,61
2023-06-18,2023,6,18,94351,51
2023-06-19,2023,6,19,59915,15
2023-06-20,2023,6,20,51232,32
2023-06-21,2023,6,21,58534,34
2023-06-22,2023,6,22,84267,67
2023-06-23,2023,6,23,83660,60
2023-06-24,2023,6,24,09870,70
2023-06-25,2023,6,25,63634,34
2023-06-26,2023,6,26,03493,93
2023-06-27,2023,6,27,49195,95
2023-06-28,2023,6,28,97495,95
2023-06-29,2023,6,29,06920,20
2023-06-30,2023,6,30,69851,51
2023-07-01,2023,7,1,90746,46
2023-07-02,2023,7,2,57123,23
2023-07-03,2023,7,3,96894,94
2023-07-04,2023,7,4,06883,83
2023-07-05,2023,7,5,29397,97
2023-07-06,2023,7,6,44798,98
2023-07-07,2023,7,7,93076,76
2023-07-08,2023,7,8,98215,15
2023-07-09,2023,7,9,05408,08
2023-07-10,2023,7,10,58222,22
2023-07-11,2023,7,11,45631,31
2023-07-12,2023,7,12,67115,15
2023-07-13,2023,7,13,26902,02
2023-07-14,2023,7,14,78668,68
2023-07-15,2023,7,15,08897,97
2023-07-16,2023,7,16,51351,51
2023-07-17,2023,7,17,22406,06
2023-07-18,2023,7,18,20080,80
2023-07-19,2023,7,19,15339,39
2023-07-20,2023,7,20,58286,86
2023-07-21,2023,7,21,35944,44
2023-07-22,2023,7,22,27433,33
2023-07-23,2023,7,23,58062,62
2023-07-24,2023,7,24,62442,42
2023-07-25,2023,7,25,75659,59
2023-07-26,2023,7,26,87929,29
2023-07-27,2023,7,27,21171,71
2023-07-28,2023,7,28,40915,15
2023-07-29,2023,7,29,69358,58
2023-07-30,2023,7,30,55741,41
2023-07-31,2023,7,31,72615,15
2023-08-01,2023,8,1,04430,30
2023-08-02,2023,8,2,88137,37
2023-08-03,2023,8,3,80288,88
2023-08-04,2023,8,4,56177,77
2023-08-05,2023,8,5,45710,10
2023-08-06,2023,8,6,74923,23
2023-08-07,2023,8,7,08672,72
2023-08-08,2023,8,8,80766,66
2023-08-09,2023,8,9,59261,61
2023-08-10,2023,8,10,25102,02
2023-08-11,2023,8,11,90299,99
2023-08-12,2023,8,12,06848,48
2023-08-13,2023,8,13,84528,28
2023-08-14,2023,8,14,16893,93
2023-08-15,2023,8,15,41861,61
2023-08-16,2023,8,16,82019,19
2023-08-17,2023,8,17,79186,86
2023-08-18,2023,8,18,47887,87
2023-08-19,2023,8,19,41830,30
2023-08-20,2023,8,20,92009,09
2023-08-21,2023,8,21,27221,21
2023-08-22,2023,8,22,60279,79
2023-08-23,2023,8,23,63734,34
2023-08-24,2023,8,24,57973,73
2023-08-25,2023,8,25,82843,43
2023-08-26,2023,8,26,94958,58
2023-08-27,2023,8,27,18448,48
2023-08-28,2023,8,28,83185,85
2023-08-29,2023,8,29,49278,78
2023-08-30,2023,8,30,76551,51
2023-08-31,2023,8,31,73040,40
2023-09-01,2023,9,1,61379,79
2023-09-02,2023,9,2,06380,80
2023-09-03,2023,9,3,31186,86
2023-09-04,2023,9,4,08811,11
2023-09-05,2023,9,5,06367,67
2023-09-06,2023,9,6,15269,69
2023-09-07,2023,9,7,49956,56
2023-09-08,2023,9,8,13676,76
2023-09-09,2023,9,9,35252,52
2023-09-10,2023,9,10,35902,02
2023-09-11,2023,9,11,63768,68
2023-09-12,2023,9,12,73132,32
2023-09-13,2023,9,13,56650,50
2023-09-14,2023,9,14,59722,22
2023-09-15,2023,9,15,13720,20
2023-09-16,2023,9,16,11724,24
2023-09-17,2023,9,17,22365,65
2023-09-18,2023,9,18,43104,04
2023-09-19,2023,9,19,50925,25
2023-09-20,2023,9,20,40303,03
2023-09-21,2023,9,21,52566,66
2023-09-22,2023,9,22,22714,14
2023-09-23,2023,9,23,76922,22
2023-09-24,2023,9,24,62778,78
2023-09-25,2023,9,25,68779,79
2023-09-26,2023,9,26,45236,36
2023-09-27,2023,9,27,93447,47
2023-09-28,2023,9,28,11698,98
2023-09-29,2023,9,29,07044,44
2023-09-30,2023,9,30,19237,37
2023-10-01,2023,10,1,07289,89
2023-10-02,2023,10,2,80973,73
2023-10-03,2023,10,3,34556,56
2023-10-04,2023,10,4,53139,39
2023-10-05,2023,10,5,88733,33
2023-10-06,2023,10,6,73121,21
2023-10-07,2023,10,7,26547,47
2023-10-08,2023,10,8,75188,88
2023-10-09,2023,10,9,91245,45
2023-10-10,2023,10,10,84521,21
2023-10-11,2023,10,11,49140,40
2023-10-12,2023,10,12,50875,75
2023-10-13,2023,10,13,40620,20
2023-10-14,2023,10,14,59454,54
2023-10-15,2023,10,15,15013,13
2023-10-16,2023,10,16,94540,40
2023-10-17,2023,10,17,70876,76
2023-10-18,2023,10,18,28600,00
2023-10-19,2023,10,19,45305,05
2023-10-20,2023,10,20,42888,88
2023-10-21,2023,10,21,57349,49
2023-10-22,2023,10,22,91918,18
2023-10-23,2023,10,23,45844,44
2023-10-24,2023,10,24,91388,88
2023-10-25,2023,10,25,61380,80
2023-10-26,2023,10,26,26788,88
2023-10-27,2023,10,27,74036,36
2023-10-28,2023,10,28,07157,57
2023-10-29,2023,10,29,38050,50
2023-10-30,2023,10,30,34684,84
2023-10-31,2023,10,31,39267,67
2023-11-01,2023,11,1,20136,36
2023-11-02,2023,11,2,93127,27
2023-11-03,2023,11,3,65761,61
2023-11-04,2023,11,4,55858,58
2023-11-05,2023,11,5,13484,84
2023-11-06,2023,11,6,91484,84
2023-11-07,2023,11,7,10949,49
2023-11-08,2023,11,8,98526,26
2023-11-09,2023,11,9,34562,62
2023-11-10,2023,11,10,94670,70
2023-11-11,2023,11,11,08391,91
2023-11-12,2023,11,12,98375,75
2023-11-13,2023,11,13,19412,12
2023-11-14,2023,11,14,85800,00
2023-11-15,2023,11,15,33859,59
2023-11-16,2023,11,16,54869,69
2023-11-17,2023,11,17,95110,10
2023-11-18,2023,11,18,98371,71
2023-11-19,2023,11,19,38429,29
2023-11-20,2023,11,20,49071,71
2023-11-21,2023,11,21,17948,48
2023-11-22,2023,11,22,14670,70
2023-11-23,2023,11,23,57999,99
2023-11-24,2023,11,24,20952,52
2023-11-25,2023,11,25,08816,16
2023-11-26,2023,11,26,11873,73
2023-11-27,2023,11,27,84757,57
2023-11-28,2023,11,28,11913,13
2023-11-29,2023,11,29,03141,41
2023-11-30,2023,11,30,07426,26
2023-12-01,2023,12,1,12301,01
2023-12-02,2023,12,2,87485,85
2023-12-03,2023,12,3,01716,16
2023-12-04,2023,12,4,87694,94
2023-12-05,2023,12,5,47521,21
2023-12-06,2023,12,6,93178,78
2023-12-07,2023,12,7,35627,27
2023-12-08,2023,12,8,38223,23
2023-12-09,2023,12,9,57057,57
2023-12-10,2023,12,10,87360,60
2023-12-11,2023,12,11,38038,38
2023-12-12,2023,12,12,62970,70
2023-12-13,2023,12,13,91706,06
2023-12-14,2023,12,14,06245,45
2023-12-15,2023,12,15,36904,04
2023-12-16,2023,12,16,74825,25
2023-12-17,2023,12,17,03257,57
2023-12-18,2023,12,18,56732,32
2023-12-19,2023,12,19,14577,77
2023-12-20,2023,12,20,64978,78
2023-12-21,2023,12,21,88485,85
2023-12-22,2023,12,22,76711,11
2023-12-23,2023,12,23,51416,16
2023-12-24,2023,12,24,01243,43
2023-12-25,2023,12,25,08225,25
2023-12-26,2023,12,26,94636,36
2023-12-27,2023,12,27,74817,17
2023-12-28,2023,12,28,15131,31
2023-12-29,2023,12,29,36120,20
2023-12-30,2023,12,30,59380,80
2023-12-31,2023,12,31,73758,58
2024-01-01,2024,1,1,42932,32
2024-01-02,2024,1,2,10956,56
2024-01-03,2024,1,3,62495,95
2024-01-04,2024,1,4,10240,40
2024-01-05,2024,1,5,38267,67
2024-01-06,2024,1,6,72794,94
2024-01-07,2024,1,7,69618,18
2024-01-08,2024,1,8,91089,89
2024-01-09,2024,1,9,48877,77
2024-01-10,2024,1,10,73732,32
2024-01-11,2024,1,11,28285,85
2024-01-12,2024,1,12,13113,13
2024-01-13,2024,1,13,68586,86
2024-01-14,2024,1,14,91138,38
2024-01-15,2024,1,15,63261,61
2024-01-16,2024,1,16,95539,39
2024-01-17,2024,1,17,76553,53
2024-01-18,2024,1,18,54998,98
2024-01-19,2024,1,19,14609,09
2024-01-20,2024,1,20,70964,64
2024-01-21,2024,1,21,45819,19
2024-01-22,2024,1,22,36910,10
2024-01-23,2024,1,23,87441,41
2024-01-24,2024,1,24,61661,61
2024-01-25,2024,1,25,77375,75
2024-01-26,2024,1,26,20347,47
2024-01-27,2024,1,27,61579,79
2024-01-28,2024,1,28,68274,74
2024-01-29,2024,1,29,75346,46
2024-01-30,2024,1,30,08524,24
2024-01-31,2024,1,31,47666,66
2024-02-01,2024,2,1,87444,44
2024-02-02,2024,2,2,28174,74
2024-02-03,2024,2,3,33389,89
2024-02-04,2024,2,4,13300,00
2024-02-05,2024,2,5,69876,76
2024-02-06,2024,2,6,91267,67
2024-02-07,2024,2,7,67384,84
2024-02-08,2024,2,8,85852,52
2024-02-13,2024,2,13,39100,00
2024-02-14,2024,2,14,17670,70
2024-02-15,2024,2,15,48331,31
2024-02-16,2024,2,16,34864,64
2024-02-17,2024,2,17,58294,94
2024-02-18,2024,2,18,39903,03
2024-02-19,2024,2,19,75801,01
2024-02-20,2024,2,20,57406,06
2024-02-21,2024,2,21,99937,37
2024-02-22,2024,2,22,82488,88
2024-02-23,2024,2,23,16053,53
2024-02-24,2024,2,24,57333,33
2024-02-25,2024,2,25,15545,45
2024-02-26,2024,2,26,27234,34
2024-02-27,2024,2,27,36209,09
2024-02-28,2024,2,28,77645,45
2024-02-29,2024,2,29,39648,48
2024-03-01,2024,3,1,71961,61
2024-03-02,2024,3,2,77433,33
2024-03-03,2024,3,3,17632,32
2024-03-04,2024,3,4,58535,35
2024-03-05,2024,3,5,87122,22
2024-03-06,2024,3,6,32939,39
2024-03-07,2024,3,7,03047,47
2024-03-08,2024,3,8,71307,07
2024-03-09,2024,3,9,97041,41
2024-03-10,2024,3,10,98352,52
2024-03-11,2024,3,11,68333,33
2024-03-12,2024,3,12,00212,12
2024-03-13,2024,3,13,91753,53
2024-03-14,2024,3,14,69169,69
2024-03-15,2024,3,15,12334,34
2024-03-16,2024,3,16,05667,67
2024-03-17,2024,3,17,39399,99
2024-03-18,2024,3,18,78723,23
2024-03-19,2024,3,19,15636,36
2024-03-20,2024,3,20,35144,44
2024-03-21,2024,3,21,81866,66
2024-03-22,2024,3,22,95371,71
2024-03-23,2024,3,23,59882,82
2024-03-24,2024,3,24,88274,74
2024-03-25,2024,3,25,16342,42
2024-03-26,2024,3,26,59619,19
2024-03-27,2024,3,27,20645,45
2024-03-28,2024,3,28,49879,79
2024-03-29,2024,3,29,37869,69
2024-03-30,2024,3,30,62135,35
2024-03-31,2024,3,31,36909,09
2024-04-01,2024,4,1,19052,52
2024-04-02,2024,4,2,62909,09
2024-04-03,2024,4,3,67364,64
2024-04-04,2024,4,4,69389,89
2024-04-05,2024,4,5,72666,66
2024-04-06,2024,4,6,00312,12
2024-04-07,2024,4,7,93374,74
2024-04-08,2024,4,8,30147,47
2024-04-09,2024,4,9,16510,10
2024-04-10,2024,4,10,14138,38
2024-04-11,2024,4,11,69356,56
2024-04-12,2024,4,12,12073,73
2024-04-13,2024,4,13,90649,49
2024-04-14,2024,4,14,71396,96
2024-04-15,2024,4,15,99369,69
2024-04-16,2024,4,16,96850,50
2024-04-17,2024,4,17,90289,89
2024-04-18,2024,4,18,62904,04
2024-04-19,2024,4,19,26592,92
2024-04-20,2024,4,20,29379,79
2024-04-21,2024,4,21,19980,80
2024-04-22,2024,4,22,15525,25
2024-04-23,2024,4,23,12681,81
2024-04-24,2024,4,24,69952,52
2024-04-25,2024,4,25,36594,94
2024-04-26,2024,4,26,57620,20
2024-04-27,2024,4,27,25842,42
2024-04-28,2024,4,28,37696,96
2024-04-29,2024,4,29,15877,77
2024-04-30,2024,4,30,44624,24
2024-05-01,2024,5,1,72031,31
2024-05-02,2024,5,2,27567,67
2024-05-03,2024,5,3,64857,57
2024-05-04,2024,5,4,90869,69
2024-05-05,2024,5,5,80183,83
2024-05-06,2024,5,6,87661,61
2024-05-07,2024,5,7,12317,17
2024-05-08,2024,5,8,56095,95
2024-05-09,2024,5,9,60325,25
2024-05-10,2024,5,10,78736,36
2024-05-11,2024,5,11,98076,76
2024-05-12,2024,5,12,54105,05
2024-05-13,2024,5,13,84396,96
2024-05-14,2024,5,14,16880,80
2024-05-15,2024,5,15,06926,26
2024-05-16,2024,5,16,61034,34
2024-05-17,2024,5,17,51468,68
2024-05-18,2024,5,18,91322,22
2024-05-19,2024,5,19,14478,78
2024-05-20,2024,5,20,05966,66
2024-05-21,2024,5,21,55200,00
2024-05-22,2024,5,22,39397,97
2024-05-23,2024,5,23,13182,82
2024-05-24,2024,5,24,70098,98
2024-05-25,2024,5,25,09743,43
2024-05-26,2024,5,26,53398,98
2024-05-27,2024,5,27,72578,78
2024-05-28,2024,5,28,47490,90
2024-05-29,2024,5,29,60031,31
2024-05-30,2024,5,30,98932,32
2024-05-31,2024,5,31,06102,02
2024-06-01,2024,6,1,12612,12
2024-06-02,2024,6,2,27070,70
2024-06-03,2024,6,3,35024,24
2024-06-04,2024,6,4,86127,27
2024-06-05,2024,6,5,97856,56
2024-06-06,2024,6,6,66688,88
2024-06-07,2024,6,7,04651,51
2024-06-08,2024,6,8,63333,33
2024-06-09,2024,6,9,29226,26
2024-06-10,2024,6,10,44465,65
2024-06-11,2024,6,11,17409,09
2024-06-12,2024,6,12,86255,55
2024-06-13,2024,6,13,29826,26
2024-06-14,2024,6,14,80287,87
2024-06-15,2024,6,15,40369,69
2024-06-16,2024,6,16,17597,97
2024-06-17,2024,6,17,00002,02
2024-06-18,2024,6,18,74990,90
2024-06-19,2024,6,19,37567,67
2024-06-20,2024,6,20,81439,39
2024-06-21,2024,6,21,14296,96
2024-06-22,2024,6,22,24362,62
2024-06-23,2024,6,23,28501,01
2024-06-24,2024,6,24,50550,50
2024-06-25,2024,6,25,60082,82
2024-06-26,2024,6,26,04232,32
2024-06-27,2024,6,27,51599,99
2024-06-28,2024,6,28,71368,68
2024-06-29,2024,6,29,78049,49
2024-06-30,2024,6,30,44529,29
2024-07-01,2024,7,1,94818,18
2024-07-02,2024,7,2,77620,20
2024-07-03,2024,7,3,38889,89
2024-07-04,2024,7,4,35313,13
2024-07-05,2024,7,5,49735,35
2024-07-06,2024,7,6,30003,03
2024-07-07,2024,7,7,04973,73
2024-07-08,2024,7,8,40957,57
2024-07-09,2024,7,9,09466,66
2024-07-10,2024,7,10,81994,94
2024-07-11,2024,7,11,91323,23
2024-07-12,2024,7,12,92619,19
2024-07-13,2024,7,13,83060,60
2024-07-14,2024,7,14,81707,07
2024-07-15,2024,7,15,43030,30
2024-07-16,2024,7,16,79496,96
2024-07-17,2024,7,17,54959,59
2024-07-18,2024,7,18,12559,59
2024-07-19,2024,7,19,23877,77
2024-07-20,2024,7,20,01882,82
2024-07-21,2024,7,21,10190,90
2024-07-22,2024,7,22,15296,96
2024-07-23,2024,7,23,27364,64
2024-07-24,2024,7,24,96455,55
2024-07-25,2024,7,25,36097,97
2024-07-26,2024,7,26,16213,13
2024-07-27,2024,7,27,13341,41
2024-07-28,2024,7,28,34789,89
2024-07-29,2024,7,29,49271,71
2024-07-30,2024,7,30,23394,94
2024-07-31,2024,7,31,52864,64
2024-08-01,2024,8,1,98253,53
2024-08-02,2024,8,2,52012,12
2024-08-03,2024,8,3,60640,40
2024-08-04,2024,8,4,09486,86
2024-08-05,2024,8,5,82239,39
2024-08-06,2024,8,6,00482,82
2024-08-07,2024,8,7,26070,70
2024-08-08,2024,8,8,89282,82
2024-08-09,2024,8,9,92142,42
2024-08-10,2024,8,10,63208,08
2024-08-11,2024,8,11,70580,80
2024-08-12,2024,8,12,79725,25
2024-08-13,2024,8,13,74922,22
2024-08-14,2024,8,14,34309,09
2024-08-15,2024,8,15,72146,46
2024-08-16,2024,8,16,82327,27
2024-08-17,2024,8,17,04306,06
2024-08-18,2024,8,18,54724,24
2024-08-19,2024,8,19,55025,25
2024-08-20,2024,8,20,88443,43
2024-08-21,2024,8,21,67748,48
2024-08-22,2024,8,22,30817,17
2024-08-23,2024,8,23,22265,65
2024-08-24,2024,8,24,74726,26
2024-08-25,2024,8,25,24474,74
2024-08-26,2024,8,26,84826,26
2024-08-27,2024,8,27,03880,80
2024-08-28,2024,8,28,79623,23
2024-08-29,2024,8,29,84242,42
2024-08-30,2024,8,30,23796,96
2024-08-31,2024,8,31,82114,14
2024-09-01,2024,9,1,34925,25
2024-09-02,2024,9,2,17798,98
2024-09-03,2024,9,3,81211,11
2024-09-04,2024,9,4,84635,35
2024-09-05,2024,9,5,60899,99
2024-09-06,2024,9,6,48942,42
2024-09-07,2024,9,7,03764,64
2024-09-08,2024,9,8,05509,09
2024-09-09,2024,9,9,62651,51
2024-09-10,2024,9,10,08694,94
2024-09-11,2024,9,11,65697,97
2024-09-12,2024,9,12,12759,59
2024-09-13,2024,9,13,50628,28
2024-09-14,2024,9,14,04332,32
2024-09-15,2024,9,15,90238,38
2024-09-16,2024,9,16,65799,99
2024-09-17,2024,9,17,50435,35
2024-09-18,2024,9,18,61497,97
2024-09-19,2024,9,19,58298,98
2024-09-20,2024,9,20,63557,57
2024-09-21,2024,9,21,57917,17
2024-09-22,2024,9,22,45889,89
2024-09-23,2024,9,23,65018,18
2024-09-24,2024,9,24,84645,45
2024-09-25,2024,9,25,77286,86
2024-09-26,2024,9,26,03027,27
2024-09-27,2024,9,27,16218,18
2024-09-28,2024,9,28,59119,19
2024-09-29,2024,9,29,76086,86
2024-09-30,2024,9,30,18840,40
2024-10-01,2024,10,1,94079,79
2024-10-02,2024,10,2,31163,63
2024-10-03,2024,10,3,41294,94
2024-10-04,2024,10,4,03304,04
2024-10-05,2024,10,5,33083,83
2024-10-06,2024,10,6,82858,58
2024-10-07,2024,10,7,43249,49
2024-10-08,2024,10,8,87980,80
2024-10-09,2024,10,9,47219,19
2024-10-10,2024,10,10,23951,51
2024-10-11,2024,10,11,06536,36
2024-10-12,2024,10,12,13763,63
2024-10-13,2024,10,13,33964,64
2024-10-14,2024,10,14,02803,03
2024-10-15,2024,10,15,65179,79
2024-10-16,2024,10,16,02255,55
2024-10-17,2024,10,17,09109,09
2024-10-18,2024,10,18,45972,72
2024-10-19,2024,10,19,20930,30
2024-10-20,2024,10,20,12751,51
2024-10-21,2024,10,21,06503,03
2024-10-22,2024,10,22,24739,39
2024-10-23,2024,10,23,07641,41
2024-10-24,2024,10,24,30615,15
2024-10-25,2024,10,25,34212,12
2024-10-26,2024,10,26,69297,97
2024-10-27,2024,10,27,03819,19
2024-10-28,2024,10,28,90427,27
2024-10-29,2024,10,29,70458,58
2024-10-30,2024,10,30,28897,97
2024-10-31,2024,10,31,27865,65
2024-11-01,2024,11,1,37693,93
2024-11-02,2024,11,2,19777,77
2024-11-03,2024,11,3,68475,75
2024-11-04,2024,11,4,29274,74
2024-11-05,2024,11,5,91426,26
2024-11-06,2024,11,6,53346,46
2024-11-07,2024,11,7,47813,13
2024-11-08,2024,11,8,48543,43
2024-11-09,2024,11,9,81313,13
2024-11-10,2024,11,10,40167,67
2024-11-11,2024,11,11,17108,08
2024-11-12,2024,11,12,93196,96
2024-11-13,2024,11,13,28576,76
2024-11-14,2024,11,14,66780,80
2024-11-15,2024,11,15,60131,31
2024-11-16,2024,11,16,60592,92
2024-11-17,2024,11,17,10805,05
2024-11-18,2024,11,18,22493,93
2024-11-19,2024,11,19,25213,13
2024-11-20,2024,11,20,31634,34
2024-11-21,2024,11,21,83457,57
2024-11-22,2024,11,22,11481,81
2024-11-23,2024,11,23,18720,20
2024-11-24,2024,11,24,92630,30
2024-11-25,2024,11,25,74580,80
2024-11-26,2024,11,26,89664,64
2024-11-27,2024,11,27,74465,65
2024-11-28,2024,11,28,85330,30
2024-11-29,2024,11,29,30676,76
2024-11-30,2024,11,30,93376,76
2024-12-01,2024,12,1,24735,35
2024-12-02,2024,12,2,83662,62
2024-12-03,2024,12,3,67746,46
2024-12-04,2024,12,4,34086,86
2024-12-05,2024,12,5,82300,00
2024-12-06,2024,12,6,60351,51
2024-12-07,2024,12,7,44474,74
2024-12-08,2024,12,8,37056,56
2024-12-09,2024,12,9,28448,48
2024-12-10,2024,12,10,63160,60
2024-12-11,2024,12,11,70317,17
2024-12-12,2024,12,12,66432,32
2024-12-13,2024,12,13,64368,68
2024-12-14,2024,12,14,74078,78
2024-12-15,2024,12,15,48350,50
2024-12-16,2024,12,16,03729,29
2024-12-17,2024,12,17,37373,73
2024-12-18,2024,12,18,55570,70
2024-12-19,2024,12,19,25532,32
2024-12-20,2024,12,20,92443,43
2024-12-21,2024,12,21,48015,15
2024-12-22,2024,12,22,29418,18
2024-12-23,2024,12,23,33629,29
2024-12-24,2024,12,24,55444,44
2024-12-25,2024,12,25,36462,62
2024-12-26,2024,12,26,52460,60
2024-12-27,2024,12,27,23844,44
2024-12-28,2024,12,28,46965,65
2024-12-29,2024,12,29,18303,03
2024-12-30,2024,12,30,34071,71
2024-12-31,2024,12,31,35327,27
2025-01-01,2025,1,1,14462,62
2025-01-02,2025,1,2,96404,04
2025-01-03,2025,1,3,75406,06
2025-01-04,2025,1,4,42901,01
2025-01-05,2025,1,5,21251,51
2025-01-06,2025,1,6,62708,08
2025-01-07,2025,1,7,91787,87
2025-01-08,2025,1,8,18815,15
2025-01-09,2025,1,9,27229,29
2025-01-10,2025,1,10,65219,19
2025-01-11,2025,1,11,42695,95
2025-01-12,2025,1,12,12352,52
2025-01-13,2025,1,13,35675,75
2025-01-14,2025,1,14,58617,17
2025-01-15,2025,1,15,91182,82
2025-01-16,2025,1,16,27233,33
2025-01-17,2025,1,17,16256,56
2025-01-18,2025,1,18,64558,58
2025-01-19,2025,1,19,53292,92
2025-01-20,2025,1,20,12050,50
2025-01-21,2025,1,21,99969,69
2025-01-22,2025,1,22,14511,11
2025-01-23,2025,1,23,76023,23
2025-01-24,2025,1,24,80450,50
2025-01-25,2025,1,25,61607,07
2025-01-26,2025,1,26,20446,46
2025-01-27,2025,1,27,31409,09
2025-02-01,2025,2,1,05164,64
2025-02-02,2025,2,2,61517,17
2025-02-03,2025,2,3,46386,86
2025-02-04,2025,2,4,98201,01
2025-02-05,2025,2,5,01847,47
2025-02-06,2025,2,6,04217,17
2025-02-07,2025,2,7,70668,68
2025-02-08,2025,2,8,54528,28
2025-02-09,2025,2,9,64615,15
2025-02-10,2025,2,10,66686,86
2025-02-11,2025,2,11,58978,78
2025-02-12,2025,2,12,94132,32
2025-02-13,2025,2,13,97158,58
2025-02-14,2025,2,14,51690,90
2025-02-15,2025,2,15,75155,55
2025-02-16,2025,2,16,25938,38
2025-02-17,2025,2,17,08798,98
2025-02-18,2025,2,18,14180,80
2025-02-19,2025,2,19,66521,21
2025-02-20,2025,2,20,69448,48
2025-02-21,2025,2,21,18159,59
2025-02-22,2025,2,22,04104,04
2025-02-23,2025,2,23,72660,60
2025-02-24,2025,2,24,41066,66
2025-02-25,2025,2,25,95870,70
2025-02-26,2025,2,26,45933,33
2025-02-27,2025,2,27,66228,28
2025-02-28,2025,2,28,41121,21
2025-03-01,2025,3,1,83683,83
2025-03-02,2025,3,2,22165,65
2025-03-03,2025,3,3,84575,75
2025-03-04,2025,3,4,86953,53
2025-03-05,2025,3,5,70997,97
2025-03-06,2025,3,6,97177,77
2025-03-07,2025,3,7,45272,72
2025-03-08,2025,3,8,26689,89
2025-03-09,2025,3,9,59818,18
2025-03-10,2025,3,10,02761,61
2025-03-11,2025,3,11,31235,35
2025-03-12,2025,3,12,80738,38
2025-03-13,2025,3,13,60881,81
2025-03-14,2025,3,14,32069,69
2025-03-15,2025,3,15,97404,04
2025-03-16,2025,3,16,53850,50
2025-03-17,2025,3,17,37573,73
2025-03-18,2025,3,18,48130,30
2025-03-19,2025,3,19,82163,63
2025-03-20,2025,3,20,44025,25
2025-03-21,2025,3,21,04036,36
2025-03-22,2025,3,22,67411,11
2025-03-23,2025,3,23,98613,13
2025-03-24,2025,3,24,91988,88
2025-03-25,2025,3,25,69409,09
2025-03-26,2025,3,26,23518,18
2025-03-27,2025,3,27,50960,60
2025-03-28,2025,3,28,53412,12
2025-03-29,2025,3,29,09761,61
2025-03-30,2025,3,30,80716,16
2025-03-31,2025,3,31,97315,15
2025-04-01,2025,4,1,13371,71
2025-04-02,2025,4,2,12033,33
2025-04-03,2025,4,3,37696,96
2025-04-04,2025,4,4,16409,09
2025-04-05,2025,4,5,60687,87
2025-04-06,2025,4,6,99779,79
2025-04-07,2025,4,7,11965,65
2025-04-08,2025,4,8,85584,84
2025-04-09,2025,4,9,00159,59
2025-04-10,2025,4,10,23147,47
2025-04-11,2025,4,11,75850,50
2025-04-12,2025,4,12,03050,50
2025-04-13,2025,4,13,67860,60
2025-04-14,2025,4,14,46935,35
2025-04-15,2025,4,15,68908,08
2025-04-16,2025,4,16,19409,09
2025-04-17,2025,4,17,36923,23
2025-04-18,2025,4,18,45992,92
2025-04-19,2025,4,19,59508,08
2025-04-20,2025,4,20,24692,92
2025-04-21,2025,4,21,74906,06
2025-04-22,2025,4,22,95609,09
2025-04-23,2025,4,23,74529,29
2025-04-24,2025,4,24,85514,14
2025-04-25,2025,4,25,48177,77
2025-04-26,2025,4,26,38497,97
2025-04-27,2025,4,27,27368,68
2025-04-28,2025,4,28,75140,40
2025-04-29,2025,4,29,77558,58
2025-04-30,2025,4,30,53078,78
2025-05-01,2025,5,1,15031,31
2025-05-02,2025,5,2,72624,24
2025-05-03,2025,5,3,97599,99
2025-05-04,2025,5,4,78666,66
2025-05-05,2025,5,5,48513,13
2025-05-06,2025,5,6,22024,24
2025-05-07,2025,5,7,45794,94
2025-05-08,2025,5,8,34102,02
2025-05-09,2025,5,9,62809,09
2025-05-10,2025,5,10,74022,22
2025-05-11,2025,5,11,00177,77
2025-05-12,2025,5,12,62640,40
2025-05-13,2025,5,13,53609,09
2025-05-14,2025,5,14,70130,30
2025-05-15,2025,5,15,92768,68
2025-05-16,2025,5,16,27987,87
2025-05-17,2025,5,17,81936,36
2025-05-18,2025,5,18,21263,63
2025-05-19,2025,5,19,00132,32
2025-05-20,2025,5,20,71157,57
2025-05-21,2025,5,21,01318,18
2025-05-22,2025,5,22,61905,05
2025-05-23,2025,5,23,93358,58
2025-05-24,2025,5,24,87064,64
2025-05-25,2025,5,25,64435,35
2025-05-26,2025,5,26,96768,68
2025-05-27,2025,5,27,93735,35
2025-05-28,2025,5,28,27634,34
2025-05-29,2025,5,29,76901,01
2025-05-30,2025,5,30,75476,76
2025-05-31,2025,5,31,98585,85
2025-06-01,2025,6,1,55139,39
2025-06-02,2025,6,2,74268,68
2025-06-03,2025,6,3,61194,94
2025-06-04,2025,6,4,37921,21
2025-06-05,2025,6,5,81062,62
2025-06-06,2025,6,6,44792,92
2025-06-07,2025,6,7,67142,42
2025-06-08,2025,6,8,67490,90
2025-06-09,2025,6,9,23488,88
2025-06-10,2025,6,10,11139,39
2025-06-11,2025,6,11,57457,57
2025-06-12,2025,6,12,37649,49
2025-06-13,2025,6,13,90402,02
2025-06-14,2025,6,14,59044,44
2025-06-15,2025,6,15,32099,99
2025-06-16,2025,6,16,12456,56
2025-06-17,2025,6,17,10724,24
2025-06-18,2025,6,18,10682,82
2025-06-19,2025,6,19,76288,88
2025-06-20,2025,6,20,04906,06
2025-06-21,2025,6,21,04603,03
2025-06-22,2025,6,22,27301,01
2025-06-23,2025,6,23,52157,57
2025-06-24,2025,6,24,90034,34
2025-06-25,2025,6,25,94736,36
2025-06-26,2025,6,26,18703,03
2025-06-27,2025,6,27,89862,62
2025-06-28,2025,6,28,44194,94
2025-06-29,2025,6,29,53368,68
2025-06-30,2025,6,30,90207,07
2025-07-01,2025,7,1,77818,18
2025-07-02,2025,7,2,85644,44
2025-07-03,2025,7,3,44369,69
2025-07-04,2025,7,4,63315,15
2025-07-05,2025,7,5,18512,12
2025-07-06,2025,7,6,51105,05
2025-07-07,2025,7,7,66256,56
2025-07-08,2025,7,8,34679,79
2025-07-09,2025,7,9,62659,59
2025-07-10,2025,7,10,38840,40
2025-07-11,2025,7,11,59411,11
2025-07-12,2025,7,12,78662,62
2025-07-13,2025,7,13,85456,56
2025-07-14,2025,7,14,57880,80
2025-07-15,2025,7,15,38355,55
2025-07-16,2025,7,16,56621,21
2025-07-17,2025,7,17,47000,00
2025-07-18,2025,7,18,26000,00
2025-07-19,2025,7,19,15306,06
2025-07-20,2025,7,20,87545,45
2025-07-21,2025,7,21,01681,81
2025-07-22,2025,7,22,09022,22
2025-07-23,2025,7,23,49821,21
2025-07-24,2025,7,24,35919,19
2025-07-25,2025,7,25,85676,76
2025-07-26,2025,7,26,33670,70
2025-07-27,2025,7,27,64268,68
2025-07-28,2025,7,28,40273,73
2025-07-29,2025,7,29,25525,25
2025-07-30,2025,7,30,14819,19
2025-07-31,2025,7,31,97354,54
2025-08-01,2025,8,1,76902,02
2025-08-02,2025,8,2,78285,85
2025-08-03,2025,8,3,57006,06
2025-08-04,2025,8,4,28997,97
2025-08-05,2025,8,5,23077,77
2025-08-06,2025,8,6,80770,70
2025-08-07,2025,8,7,49130,30
2025-08-08,2025,8,8,80249,49
2025-08-09,2025,8,9,53892,92
2025-08-10,2025,8,10,61135,35
2025-08-11,2025,8,11,45071,71
2025-08-12,2025,8,12,77675,75
2025-08-13,2025,8,13,12421,21
2025-08-14,2025,8,14,77116,16
2025-08-15,2025,8,15,07177,77
2025-08-16,2025,8,16,60194,94
2025-08-17,2025,8,17,85091,91
2025-08-18,2025,8,18,66945,45
2025-08-19,2025,8,19,68250,50
2025-08-20,2025,8,20,41034,34
2025-08-21,2025,8,21,94127,27
2025-08-22,2025,8,22,20534,34
2025-08-23,2025,8,23,18222,22
2025-08-24,2025,8,24,69757,57
2025-08-25,2025,8,25,10593,93
2025-08-26,2025,8,26,74244,44
2025-08-27,2025,8,27,81652,52
2025-08-28,2025,8,28,25492,92
2025-08-29,2025,8,29,12712,12
2025-08-30,2025,8,30,74830,30
2025-08-31,2025,8,31,68239,39
2025-09-01,2025,9,1,27335,35
2025-09-02,2025,9,2,35079,79
2025-09-03,2025,9,3,72033,33
2025-09-04,2025,9,4,70943,43
2025-09-05,2025,9,5,29878,78
2025-09-06,2025,9,6,89093,93
2025-09-07,2025,9,7,67137,37
2025-09-08,2025,9,8,04493,93
2025-09-09,2025,9,9,03460,60
2025-09-10,2025,9,10,29231,31
2025-09-11,2025,9,11,30217,17
2025-09-12,2025,9,12,58686,86
2025-09-13,2025,9,13,02401,01
2025-09-14,2025,9,14,91807,07
2025-09-15,2025,9,15,95946,46
2025-09-16,2025,9,16,17705,05
2025-09-17,2025,9,17,58005,05
2025-09-18,2025,9,18,44450,50
2025-09-19,2025,9,19,29846,46
2025-09-20,2025,9,20,86590,90
2025-09-21,2025,9,21,75471,71
2025-09-22,2025,9,22,47461,61
2025-09-23,2025,9,23,36888,88
2025-09-24,2025,9,24,77859,59
2025-09-25,2025,9,25,63263,63
2025-09-26,2025,9,26,43223,23
2025-09-27,2025,9,27,92519,19
2025-09-28,2025,9,28,37606,06
2025-09-29,2025,9,29,40750,50
2025-09-30,2025,9,30,81036,36
2025-10-01,2025,10,1,05683,83
2025-10-02,2025,10,2,34147,47
2025-10-03,2025,10,3,02109,09
2025-10-04,2025,10,4,40205,05
2025-10-05,2025,10,5,38445,45
2025-10-06,2025,10,6,28021,21
2025-10-07,2025,10,7,42525,25
2025-10-08,2025,10,8,16533,33
2025-10-09,2025,10,9,09565,65
2025-10-10,2025,10,10,01640,40
2025-10-11,2025,10,11,00943,43
2025-10-12,2025,10,12,26352,52
2025-10-13,2025,10,13,56708,08
2025-10-14,2025,10,14,20424,24
2025-10-15,2025,10,15,99028,28
2025-10-16,2025,10,16,07662,62
2025-10-17,2025,10,17,40279,79
2025-10-18,2025,10,18,99279,79
2025-10-19,2025,10,19,12966,66
2025-10-20,2025,10,20,32372,72
2025-10-21,2025,10,21,07081,81
2025-10-22,2025,10,22,49274,74
2025-10-23,2025,10,23,80283,83
2025-10-24,2025,10,24,01564,64
2025-10-25,2025,10,25,77962,62
2025-10-26,2025,10,26,38410,10
2025-10-27,2025,10,27,02583,83
2025-10-28,2025,10,28,62908,08
2025-10-29,2025,10,29,70473,73
2025-10-30,2025,10,30,29788,88
2025-10-31,2025,10,31,68301,01
2025-11-01,2025,11,1,58792,92
2025-11-02,2025,11,2,36267,67
2025-11-03,2025,11,3,47395,95
2025-11-04,2025,11,4,19686,86
2025-11-05,2025,11,5,40843,43
2025-11-06,2025,11,6,02902,02
2025-11-07,2025,11,7,37814,14
2025-11-08,2025,11,8,37914,14
2025-11-09,2025,11,9,41879,79
2025-11-10,2025,11,10,74592,92
2025-11-11,2025,11,11,77776,76
2025-11-12,2025,11,12,62954,54
2025-11-13,2025,11,13,34950,50
2025-11-14,2025,11,14,76520,20
2025-11-15,2025,11,15,27079,79
2025-11-16,2025,11,16,45721,21
2025-11-17,2025,11,17,78555,55
2025-11-18,2025,11,18,10753,53
2025-11-19,2025,11,19,65070,70
2025-11-20,2025,11,20,46433,33
2025-11-21,2025,11,21,65343,43
2025-11-22,2025,11,22,26103,03
2025-11-23,2025,11,23,50004,04
2025-11-24,2025,11,24,00239,39
2025-11-25,2025,11,25,07938,38
2025-11-26,2025,11,26,69897,97
2025-11-27,2025,11,27,44427,27
2025-11-28,2025,11,28,94834,34
2025-11-29,2025,11,29,66090,90
2025-11-30,2025,11,30,51488,88
2025-12-01,2025,12,1,13312,12
2025-12-02,2025,12,2,90986,86
2025-12-03,2025,12,3,34038,38
2025-12-04,2025,12,4,11729,29
2025-12-05,2025,12,5,04235,35
2025-12-06,2025,12,6,54526,26
2025-12-07,2025,12,7,03626,26
2025-12-08,2025,12,8,53192,92
2025-12-09,2025,12,9,72908,08
2025-12-10,2025,12,10,51052,52
2025-12-11,2025,12,11,52668,68
2025-12-12,2025,12,12,97836,36
2025-12-13,2025,12,13,30753,53
2025-12-14,2025,12,14,56968,68
2025-12-15,2025,12,15,74093,93
2025-12-16,2025,12,16,53792,92
2025-12-17,2025,12,17,74484,84
2025-12-18,2025,12,18,90138,38
2025-12-19,2025,12,19,90372,72
2025-12-20,2025,12,20,52816,16
2025-12-21,2025,12,21,19036,36
2025-12-22,2025,12,22,64496,96
2025-12-23,2025,12,23,41059,59
2025-12-24,2025,12,24,87629,29
2025-12-25,2025,12,25,75199,99
2025-12-26,2025,12,26,58636,36
2025-12-27,2025,12,27,50982,82
2025-12-28,2025,12,28,89905,05
2025-12-29,2025,12,29,58437,37
2025-12-30,2025,12,30,78391,91
2025-12-31,2025,12,31,64960,60
2026-01-01,2026,1,1,57068,68
2026-01-02,2026,1,2,45748,48
2026-01-03,2026,1,3,00949,49
2026-01-04,2026,1,4,72397,97
2026-01-05,2026,1,5,70505,05
2026-01-06,2026,1,6,78447,47
2026-01-07,2026,1,7,14389,89
2026-01-08,2026,1,8,40162,62
2026-01-09,2026,1,9,39523,23
2026-01-10,2026,1,10,67793,93
2026-01-11,2026,1,11,82438,38
2026-01-12,2026,1,12,31894,94
2026-01-13,2026,1,13,28027,27
2026-01-14,2026,1,14,02817,17
2026-01-15,2026,1,15,84522,22
2026-01-16,2026,1,16,90128,28
2026-01-17,2026,1,17,09824,24
2026-01-18,2026,1,18,17151,51
2026-01-19,2026,1,19,88286,86
2026-01-20,2026,1,20,56878,78
2026-01-21,2026,1,21,06186,86
2026-01-22,2026,1,22,84063,63
2026-01-23,2026,1,23,57022,22
2026-01-24,2026,1,24,52062,62
2026-01-25,2026,1,25,08230,30
2026-01-26,2026,1,26,00974,74
2026-01-27,2026,1,27,39380,80
2026-01-28,2026,1,28,24121,21
2026-01-29,2026,1,29,38814,14
2026-01-30,2026,1,30,32845,45
2026-01-31,2026,1,31,42754,54
2026-02-01,2026,2,1,01377,77
2026-02-02,2026,2,2,73461,61
2026-02-03,2026,2,3,97648,48
2026-02-04,2026,2,4,06517,17
2026-02-05,2026,2,5,10268,68
2026-02-06,2026,2,6,06133,33
2026-02-07,2026,2,7,38385,85
2026-02-08,2026,2,8,57977,77
2026-02-09,2026,2,9,05901,01
2026-02-10,2026,2,10,65390,90
2026-02-11,2026,2,11,20692,92
2026-02-12,2026,2,12,81475,75
2026-02-13,2026,2,13,93177,77
2026-02-14,2026,2,14,90630,30
2026-02-15,2026,2,15,22601,01
2026-02-16,2026,2,16,22601,01
2026-02-17,2026,2,17,22601,01
2026-02-18,2026,2,18,22601,01
2026-02-19,2026,2,19,22601,01
2026-02-20,2026,2,20,36481,81
2026-02-21,2026,2,21,44413,13
2026-02-22,2026,2,22,64512,12
2026-02-23,2026,2,23,67655,55
2026-02-24,2026,2,24,65037,37
2026-02-25,2026,2,25,48153,53
2026-02-26,2026,2,26,86408,08
2026-02-27,2026,2,27,13283,83
2026-02-28,2026,2,28,47891,91
2026-03-01,2026,3,1,90148,48
2026-03-02,2026,3,2,75257,57
2026-03-03,2026,3,3,70078,78
2026-03-04,2026,3,4,10619,19
2026-03-05,2026,3,5,16659,59
2026-03-06,2026,3,6,38249,49
2026-03-07,2026,3,7,51951,51
2026-03-08,2026,3,8,81336,36
2026-03-09,2026,3,9,90580,80
2026-03-10,2026,3,10,22342,42
2026-03-11,2026,3,11,30368,68
2026-03-12,2026,3,12,72124,24
2026-03-13,2026,3,13,86759,59
2026-03-14,2026,3,14,56848,48
2026-03-15,2026,3,15,01770,70
2026-03-16,2026,3,16,77552,52
2026-03-17,2026,3,17,07969,69
2026-03-18,2026,3,18,25287,87
2026-03-19,2026,3,19,75495,95
2026-03-20,2026,3,20,81124,24
2026-03-21,2026,3,21,88594,94
2026-03-22,2026,3,22,58646,46
2026-03-23,2026,3,23,77514,14
2026-03-24,2026,3,24,03829,29
2026-03-25,2026,3,25,53988,88
2026-03-26,2026,3,26,44693,93
2026-03-27,2026,3,27,61332,32
2026-03-28,2026,3,28,96422,22
2026-03-29,2026,3,29,37188,88
2026-03-30,2026,3,30,64464,64
2026-03-31,2026,3,31,11591,91
2026-04-01,2026,4,1,31666,66
2026-04-02,2026,4,2,91267,67
2026-04-03,2026,4,3,12944,44
2026-04-04,2026,4,4,29737,37
2026-04-05,2026,4,5,02855,55
2026-04-06,2026,4,6,76406,06
2026-04-07,2026,4,7,02382,82
2026-04-08,2026,4,8,27450,50
2026-04-09,2026,4,9,45625,25
2026-04-10,2026,4,10,46120,20
2026-04-11,2026,4,11,24204,04
2026-04-12,2026,4,12,12000,00
2026-04-13,2026,4,13,22738,38
2026-04-14,2026,4,14,92763,63
2026-04-15,2026,4,15,03714,14
2026-04-16,2026,4,16,35035,35
2026-04-17,2026,4,17,38455,55
2026-04-18,2026,4,18,17243,43
2026-04-19,2026,4,19,93725,25
2026-04-20,2026,4,20,74197,97
2026-04-21,2026,4,21,48076,76
2026-04-22,2026,4,22,36948,48
2026-04-23,2026,4,23,66239,39
2026-04-24,2026,4,24,09876,76
2026-04-25,2026,4,25,08717,17
2026-04-26,2026,4,26,38228,28
2026-04-27,2026,4,27,10059,59
2026-04-28,2026,4,28,45254,54
2026-04-29,2026,4,29,86569,69
2026-04-30,2026,4,30,82075,75
2026-05-01,2026,5,1,96637,37
2026-05-02,2026,5,2,16132,32
2026-05-03,2026,5,3,32964,64
2026-05-04,2026,5,4,11251,51
2026-05-05,2026,5,5,22512,12
2026-05-06,2026,5,6,80241,41
2026-05-07,2026,5,7,14540,40
2026-05-08,2026,5,8,29147,47
2026-05-09,2026,5,9,26192,92
2026-05-10,2026,5,10,76223,23
2026-05-11,2026,5,11,52117,17
2026-05-12,2026,5,12,52233,33
2026-05-13,2026,5,13,64138,38
2026-05-14,2026,5,14,76669,69
2026-05-15,2026,5,15,67294,94
2026-05-16,2026,5,16,19404,04
2026-05-17,2026,5,17,96684,84
2026-05-18,2026,5,18,55361,61
2026-05-19,2026,5,19,81754,54
2026-05-20,2026,5,20,88568,68
2026-05-21,2026,5,21,72685,85
2026-05-22,2026,5,22,72939,39
2026-05-23,2026,5,23,38021,21
2026-05-24,2026,5,24,20104,04
2026-05-25,2026,5,25,97281,81
2026-05-26,2026,5,26,49111,11
2026-05-27,2026,5,27,61513,13
2026-05-28,2026,5,28,00250,50
2026-05-29,2026,5,29,77954,54
2026-05-30,2026,5,30,17743,43
2026-05-31,2026,5,31,24042,42
2026-06-01,2026,6,1,90353,53
2026-06-03,2026,6,3,02636,36
2026-06-04,2026,6,4,05583,83
2026-06-05,2026,6,5,74978,78
2026-06-06,2026,6,6,33465,65
2026-06-07,2026,6,7,15393,93
2026-06-08,2026,6,8,53505,05
2026-06-09,2026,6,9,07251,51
2026-06-10,2026,6,10,04308,08
2026-06-11,2026,6,11,99983,83
2026-06-12,2026,6,12,24889,89
2026-06-13,2026,6,13,60014,14
2026-06-14,2026,6,14,63000,00
2026-06-15,2026,6,15,71680,80
2026-06-16,2026,6,16,80384,84
2026-06-17,2026,6,17,71203,03
2026-06-18,2026,6,18,15032,32
2026-06-19,2026,6,19,63155,55
2026-06-20,2026,6,20,54860,60
2026-06-21,2026,6,21,28083,83
2026-06-22,2026,6,22,62136,36
2026-06-23,2026,6,23,50437,37
2026-06-24,2026,6,24,52751,51
2026-06-25,2026,6,25,01816,16
2026-06-26,2026,6,26,54804,04
2026-06-27,2026,6,27,09253,53
2026-06-28,2026,6,28,12452,52
2026-06-29,2026,6,29,37642,42
2026-06-30,2026,6,30,60468,68
2026-07-01,2026,7,1,31854,54
2026-07-02,2026,7,2,51139,39
2026-07-03,2026,7,3,18165,65
2026-07-04,2026,7,4,14887,87
2026-07-05,2026,7,5,66771,71
2026-07-06,2026,7,6,43497,97
2026-07-07,2026,7,7,92579,79
2026-07-08,2026,7,8,95089,89
2026-07-09,2026,7,9,69185,85
2026-07-10,2026,7,10,72767,67
2026-07-11,2026,7,11,09401,01
2026-07-12,2026,7,12,10494,94
2026-07-13,2026,7,13,74299,99
2026-07-14,2026,7,14,59147,47
2026-07-15,2026,7,15,36119,19
2026-07-16,2026,7,16,96763,63
2026-07-17,2026,7,17,45739,39
2026-07-18,2026,7,18,26890,90
2026-07-19,2026,7,19,46438,38
2026-07-20,2026,7,20,39128,28
2026-07-21,2026,7,21,73070,70
2026-07-22,2026,7,22,92154,54
2026-07-23,2026,7,23,78754,54
2026-07-24,2026,7,24,94738,38
2026-07-25,2026,7,25,89228,28
2026-07-26,2026,7,26,42916,16
2026-07-27,2026,7,27,54796,96
2026-07-28,2026,7,28,65000,00
2026-07-29,2026,7,29,39983,83
2026-07-30,2026,7,30,50834,34
2026-07-31,2026,7,31,41710,10
2026-08-01,2026,8,1,44823,23
2026-08-02,2026,8,2,11909,09
2026-08-03,2026,8,3,79247,47
2026-08-04,2026,8,4,51125,25
2026-08-05,2026,8,5,59760,60
2026-08-06,2026,8,6,26167,67
2026-08-07,2026,8,7,16479,79
2026-08-08,2026,8,8,04922,22
2026-08-09,2026,8,9,12221,21
2026-08-10,2026,8,10,92957,57
2026-08-11,2026,8,11,92191,91
2026-08-12,2026,8,12,82326,26
2026-08-13,2026,8,13,79344,44
2026-08-14,2026,8,14,80018,18
2026-08-15,2026,8,15,80278,78
2026-08-16,2026,8,16,14696,96
2026-08-17,2026,8,17,01939,39
2026-08-18,2026,8,18,29183,83
2026-08-19,2026,8,19,13643,43
2026-08-20,2026,8,20,07523,23
2026-08-21,2026,8,21,94533,33
2026-08-22,2026,8,22,60213,13
2026-08-23,2026,8,23,37938,38
